rule_id,condition_json,recommended_scheme,recommended_loan,recommended_insurance,priority,confidence,reason
1,"{""state"": ""Telangana"", ""crop"": ""Cotton"", ""land_acres"": ""<2 Acres"", ""income_inr"": ""<200000""}","PM-KISAN, Soil Health Card Scheme, PM Kisan Maandhan Yojana, PM Krishi Sinchai Yojana - Per Drop More Crop","Kisan Credit Card (KCC), SBI Agriculture Gold Loan, Interest Subvention Scheme (Short Term Crop Loan)","Pradhan Mantri Fasal Bima Yojana (PMFBY), Weather Based Crop Insurance Scheme (WBCIS), Weather Based Crop Insurance Scheme (WBCIS) - Drought Rider",1,0.87,"Farmer in Telangana cultivating Cotton with land holding <2 Acres and annual income <200000 INR falls into the 'marginal' farmer segment. Eligible for PM-KISAN direct income support due to small/marginal land holding. Cotton is a priority crop under PMFBY in Telangana, warranting crop insurance coverage. Low collateral base suggests gold-backed lending as an accessible credit option. Telangana has drought-prone zones, increasing relevance of weather-based insurance for water-intensive Cotton cultivation."
2,"{""state"": ""Telangana"", ""crop"": ""Cotton"", ""land_acres"": ""2-5 Acres"", ""income_inr"": ""200000-300000""}","PM-KISAN, Soil Health Card Scheme, PM Kisan Maandhan Yojana, PM Krishi Sinchai Yojana - Per Drop More Crop","Kisan Credit Card (KCC), SBI Agriculture Gold Loan, Interest Subvention Scheme (Short Term Crop Loan)","Pradhan Mantri Fasal Bima Yojana (PMFBY), Weather Based Crop Insurance Scheme (WBCIS), Weather Based Crop Insurance Scheme (WBCIS) - Drought Rider",2,0.79,"Farmer in Telangana cultivating Cotton with land holding 2-5 Acres and annual income 200000-300000 INR falls into the 'small' farmer segment. Eligible for PM-KISAN direct income support due to small/marginal land holding. Cotton is a priority crop under PMFBY in Telangana, warranting crop insurance coverage. Low collateral base suggests gold-backed lending as an accessible credit option. Telangana has drought-prone zones, increasing relevance of weather-based insurance for water-intensive Cotton cultivation."
3,"{""state"": ""Telangana"", ""crop"": ""Cotton"", ""land_acres"": ""5-10 Acres"", ""income_inr"": ""300000-500000""}","Soil Health Card Scheme, Rashtriya Krishi Vikas Yojana (RKVY), PM Krishi Sinchai Yojana, PM Krishi Sinchai Yojana - Per Drop More Crop","Kisan Credit Card (KCC), Crop Loan, Farm Mechanization Loan","Pradhan Mantri Fasal Bima Yojana (PMFBY), Weather Based Crop Insurance Scheme (WBCIS), Weather Based Crop Insurance Scheme (WBCIS) - Drought Rider",3,0.94,"Farmer in Telangana cultivating Cotton with land holding 5-10 Acres and annual income 300000-500000 INR falls into the 'semi-medium' farmer segment. Cotton is a priority crop under PMFBY in Telangana, warranting crop insurance coverage. Telangana has drought-prone zones, increasing relevance of weather-based insurance for water-intensive Cotton cultivation."
4,"{""state"": ""Telangana"", ""crop"": ""Cotton"", ""land_acres"": "">10 Acres"", ""income_inr"": "">500000""}","Soil Health Card Scheme, Rashtriya Krishi Vikas Yojana (RKVY), Agriculture Infrastructure Fund, e-NAM Registration, PM Krishi Sinchai Yojana - Per Drop More Crop","Kisan Credit Card (KCC), Crop Loan, Warehouse Receipt Financing, Tractor / Farm Equipment Loan, NABARD Refinance - Land Development Loan","Pradhan Mantri Fasal Bima Yojana (PMFBY), Weather Based Crop Insurance Scheme (WBCIS), Weather Based Crop Insurance Scheme (WBCIS) - Drought Rider",4,0.94,"Farmer in Telangana cultivating Cotton with land holding >10 Acres and annual income >500000 INR falls into the 'large' farmer segment. Cotton is a priority crop under PMFBY in Telangana, warranting crop insurance coverage. Larger land holding and higher income support infrastructure and mechanization financing. Telangana has drought-prone zones, increasing relevance of weather-based insurance for water-intensive Cotton cultivation."
5,"{""state"": ""Telangana"", ""crop"": ""Cotton"", ""land_acres"": ""<5 Acres"", ""income_inr"": ""<300000""}","PM-KISAN, Soil Health Card Scheme, PM Kisan Maandhan Yojana, PM Krishi Sinchai Yojana - Per Drop More Crop","Kisan Credit Card (KCC), SBI Agriculture Gold Loan, Interest Subvention Scheme (Short Term Crop Loan)","Pradhan Mantri Fasal Bima Yojana (PMFBY), Weather Based Crop Insurance Scheme (WBCIS), Weather Based Crop Insurance Scheme (WBCIS) - Drought Rider",1,0.85,"Farmer in Telangana cultivating Cotton with land holding <5 Acres and annual income <300000 INR falls into the 'small-marginal' farmer segment. Eligible for PM-KISAN direct income support due to small/marginal land holding. Cotton is a priority crop under PMFBY in Telangana, warranting crop insurance coverage. Low collateral base suggests gold-backed lending as an accessible credit option. Telangana has drought-prone zones, increasing relevance of weather-based insurance for water-intensive Cotton cultivation."
6,"{""state"": ""Telangana"", ""crop"": ""Rice"", ""land_acres"": ""<2 Acres"", ""income_inr"": ""<200000""}","PM-KISAN, Soil Health Card Scheme, PM Kisan Maandhan Yojana, PM Krishi Sinchai Yojana - Per Drop More Crop","Kisan Credit Card (KCC), SBI Agriculture Gold Loan, Interest Subvention Scheme (Short Term Crop Loan)","Pradhan Mantri Fasal Bima Yojana (PMFBY), Weather Based Crop Insurance Scheme (WBCIS) - Drought Rider",1,0.91,"Farmer in Telangana cultivating Rice with land holding <2 Acres and annual income <200000 INR falls into the 'marginal' farmer segment. Eligible for PM-KISAN direct income support due to small/marginal land holding. Rice is a priority crop under PMFBY in Telangana, warranting crop insurance coverage. Low collateral base suggests gold-backed lending as an accessible credit option. Telangana has drought-prone zones, increasing relevance of weather-based insurance for water-intensive Rice cultivation."
7,"{""state"": ""Telangana"", ""crop"": ""Rice"", ""land_acres"": ""2-5 Acres"", ""income_inr"": ""200000-300000""}","PM-KISAN, Soil Health Card Scheme, PM Kisan Maandhan Yojana, PM Krishi Sinchai Yojana - Per Drop More Crop","Kisan Credit Card (KCC), SBI Agriculture Gold Loan, Interest Subvention Scheme (Short Term Crop Loan)","Pradhan Mantri Fasal Bima Yojana (PMFBY), Weather Based Crop Insurance Scheme (WBCIS) - Drought Rider",2,0.85,"Farmer in Telangana cultivating Rice with land holding 2-5 Acres and annual income 200000-300000 INR falls into the 'small' farmer segment. Eligible for PM-KISAN direct income support due to small/marginal land holding. Rice is a priority crop under PMFBY in Telangana, warranting crop insurance coverage. Low collateral base suggests gold-backed lending as an accessible credit option. Telangana has drought-prone zones, increasing relevance of weather-based insurance for water-intensive Rice cultivation."
8,"{""state"": ""Telangana"", ""crop"": ""Rice"", ""land_acres"": ""5-10 Acres"", ""income_inr"": ""300000-500000""}","Soil Health Card Scheme, Rashtriya Krishi Vikas Yojana (RKVY), PM Krishi Sinchai Yojana, PM Krishi Sinchai Yojana - Per Drop More Crop","Kisan Credit Card (KCC), Crop Loan, Farm Mechanization Loan","Pradhan Mantri Fasal Bima Yojana (PMFBY), Weather Based Crop Insurance Scheme (WBCIS) - Drought Rider",3,0.86,"Farmer in Telangana cultivating Rice with land holding 5-10 Acres and annual income 300000-500000 INR falls into the 'semi-medium' farmer segment. Rice is a priority crop under PMFBY in Telangana, warranting crop insurance coverage. Telangana has drought-prone zones, increasing relevance of weather-based insurance for water-intensive Rice cultivation."
9,"{""state"": ""Telangana"", ""crop"": ""Rice"", ""land_acres"": "">10 Acres"", ""income_inr"": "">500000""}","Soil Health Card Scheme, Rashtriya Krishi Vikas Yojana (RKVY), Agriculture Infrastructure Fund, e-NAM Registration, PM Krishi Sinchai Yojana - Per Drop More Crop","Kisan Credit Card (KCC), Crop Loan, Warehouse Receipt Financing, Tractor / Farm Equipment Loan, NABARD Refinance - Land Development Loan","Pradhan Mantri Fasal Bima Yojana (PMFBY), Weather Based Crop Insurance Scheme (WBCIS) - Drought Rider",4,0.88,"Farmer in Telangana cultivating Rice with land holding >10 Acres and annual income >500000 INR falls into the 'large' farmer segment. Rice is a priority crop under PMFBY in Telangana, warranting crop insurance coverage. Larger land holding and higher income support infrastructure and mechanization financing. Telangana has drought-prone zones, increasing relevance of weather-based insurance for water-intensive Rice cultivation."
10,"{""state"": ""Telangana"", ""crop"": ""Rice"", ""land_acres"": ""<5 Acres"", ""income_inr"": ""<300000""}","PM-KISAN, Soil Health Card Scheme, PM Kisan Maandhan Yojana, PM Krishi Sinchai Yojana - Per Drop More Crop","Kisan Credit Card (KCC), SBI Agriculture Gold Loan, Interest Subvention Scheme (Short Term Crop Loan)","Pradhan Mantri Fasal Bima Yojana (PMFBY), Weather Based Crop Insurance Scheme (WBCIS) - Drought Rider",1,0.89,"Farmer in Telangana cultivating Rice with land holding <5 Acres and annual income <300000 INR falls into the 'small-marginal' farmer segment. Eligible for PM-KISAN direct income support due to small/marginal land holding. Rice is a priority crop under PMFBY in Telangana, warranting crop insurance coverage. Low collateral base suggests gold-backed lending as an accessible credit option. Telangana has drought-prone zones, increasing relevance of weather-based insurance for water-intensive Rice cultivation."
11,"{""state"": ""Telangana"", ""crop"": ""Wheat"", ""land_acres"": ""<2 Acres"", ""income_inr"": ""<200000""}","PM-KISAN, Soil Health Card Scheme, PM Kisan Maandhan Yojana","Kisan Credit Card (KCC), SBI Agriculture Gold Loan, Interest Subvention Scheme (Short Term Crop Loan)","Pradhan Mantri Fasal Bima Yojana (PMFBY), Weather Based Crop Insurance Scheme (WBCIS) - Drought Rider",1,0.93,"Farmer in Telangana cultivating Wheat with land holding <2 Acres and annual income <200000 INR falls into the 'marginal' farmer segment. Eligible for PM-KISAN direct income support due to small/marginal land holding. Wheat is a priority crop under PMFBY in Telangana, warranting crop insurance coverage. Low collateral base suggests gold-backed lending as an accessible credit option."
12,"{""state"": ""Telangana"", ""crop"": ""Wheat"", ""land_acres"": ""2-5 Acres"", ""income_inr"": ""200000-300000""}","PM-KISAN, Soil Health Card Scheme, PM Kisan Maandhan Yojana","Kisan Credit Card (KCC), SBI Agriculture Gold Loan, Interest Subvention Scheme (Short Term Crop Loan)","Pradhan Mantri Fasal Bima Yojana (PMFBY), Weather Based Crop Insurance Scheme (WBCIS) - Drought Rider",2,0.75,"Farmer in Telangana cultivating Wheat with land holding 2-5 Acres and annual income 200000-300000 INR falls into the 'small' farmer segment. Eligible for PM-KISAN direct income support due to small/marginal land holding. Wheat is a priority crop under PMFBY in Telangana, warranting crop insurance coverage. Low collateral base suggests gold-backed lending as an accessible credit option."
13,"{""state"": ""Telangana"", ""crop"": ""Wheat"", ""land_acres"": ""5-10 Acres"", ""income_inr"": ""300000-500000""}","Soil Health Card Scheme, Rashtriya Krishi Vikas Yojana (RKVY), PM Krishi Sinchai Yojana","Kisan Credit Card (KCC), Crop Loan, Farm Mechanization Loan","Pradhan Mantri Fasal Bima Yojana (PMFBY), Weather Based Crop Insurance Scheme (WBCIS) - Drought Rider",3,0.84,"Farmer in Telangana cultivating Wheat with land holding 5-10 Acres and annual income 300000-500000 INR falls into the 'semi-medium' farmer segment. Wheat is a priority crop under PMFBY in Telangana, warranting crop insurance coverage."
14,"{""state"": ""Telangana"", ""crop"": ""Wheat"", ""land_acres"": "">10 Acres"", ""income_inr"": "">500000""}","Soil Health Card Scheme, Rashtriya Krishi Vikas Yojana (RKVY), Agriculture Infrastructure Fund, e-NAM Registration","Kisan Credit Card (KCC), Crop Loan, Warehouse Receipt Financing, Tractor / Farm Equipment Loan, NABARD Refinance - Land Development Loan","Pradhan Mantri Fasal Bima Yojana (PMFBY), Weather Based Crop Insurance Scheme (WBCIS) - Drought Rider",4,0.8,"Farmer in Telangana cultivating Wheat with land holding >10 Acres and annual income >500000 INR falls into the 'large' farmer segment. Wheat is a priority crop under PMFBY in Telangana, warranting crop insurance coverage. Larger land holding and higher income support infrastructure and mechanization financing."
15,"{""state"": ""Telangana"", ""crop"": ""Wheat"", ""land_acres"": ""<5 Acres"", ""income_inr"": ""<300000""}","PM-KISAN, Soil Health Card Scheme, PM Kisan Maandhan Yojana","Kisan Credit Card (KCC), SBI Agriculture Gold Loan, Interest Subvention Scheme (Short Term Crop Loan)","Pradhan Mantri Fasal Bima Yojana (PMFBY), Weather Based Crop Insurance Scheme (WBCIS) - Drought Rider",1,0.9,"Farmer in Telangana cultivating Wheat with land holding <5 Acres and annual income <300000 INR falls into the 'small-marginal' farmer segment. Eligible for PM-KISAN direct income support due to small/marginal land holding. Wheat is a priority crop under PMFBY in Telangana, warranting crop insurance coverage. Low collateral base suggests gold-backed lending as an accessible credit option."
16,"{""state"": ""Telangana"", ""crop"": ""Sugarcane"", ""land_acres"": ""<2 Acres"", ""income_inr"": ""<200000""}","PM-KISAN, Soil Health Card Scheme, PM Kisan Maandhan Yojana, PM Krishi Sinchai Yojana - Per Drop More Crop","Kisan Credit Card (KCC), SBI Agriculture Gold Loan, Interest Subvention Scheme (Short Term Crop Loan)","Pradhan Mantri Fasal Bima Yojana (PMFBY), Weather Based Crop Insurance Scheme (WBCIS), Weather Based Crop Insurance Scheme (WBCIS) - Drought Rider",1,0.84,"Farmer in Telangana cultivating Sugarcane with land holding <2 Acres and annual income <200000 INR falls into the 'marginal' farmer segment. Eligible for PM-KISAN direct income support due to small/marginal land holding. Sugarcane is a priority crop under PMFBY in Telangana, warranting crop insurance coverage. Low collateral base suggests gold-backed lending as an accessible credit option. Telangana has drought-prone zones, increasing relevance of weather-based insurance for water-intensive Sugarcane cultivation."
17,"{""state"": ""Telangana"", ""crop"": ""Sugarcane"", ""land_acres"": ""2-5 Acres"", ""income_inr"": ""200000-300000""}","PM-KISAN, Soil Health Card Scheme, PM Kisan Maandhan Yojana, PM Krishi Sinchai Yojana - Per Drop More Crop","Kisan Credit Card (KCC), SBI Agriculture Gold Loan, Interest Subvention Scheme (Short Term Crop Loan)","Pradhan Mantri Fasal Bima Yojana (PMFBY), Weather Based Crop Insurance Scheme (WBCIS), Weather Based Crop Insurance Scheme (WBCIS) - Drought Rider",2,0.87,"Farmer in Telangana cultivating Sugarcane with land holding 2-5 Acres and annual income 200000-300000 INR falls into the 'small' farmer segment. Eligible for PM-KISAN direct income support due to small/marginal land holding. Sugarcane is a priority crop under PMFBY in Telangana, warranting crop insurance coverage. Low collateral base suggests gold-backed lending as an accessible credit option. Telangana has drought-prone zones, increasing relevance of weather-based insurance for water-intensive Sugarcane cultivation."
18,"{""state"": ""Telangana"", ""crop"": ""Sugarcane"", ""land_acres"": ""5-10 Acres"", ""income_inr"": ""300000-500000""}","Soil Health Card Scheme, Rashtriya Krishi Vikas Yojana (RKVY), PM Krishi Sinchai Yojana, PM Krishi Sinchai Yojana - Per Drop More Crop","Kisan Credit Card (KCC), Crop Loan, Farm Mechanization Loan","Pradhan Mantri Fasal Bima Yojana (PMFBY), Weather Based Crop Insurance Scheme (WBCIS), Weather Based Crop Insurance Scheme (WBCIS) - Drought Rider",3,0.9,"Farmer in Telangana cultivating Sugarcane with land holding 5-10 Acres and annual income 300000-500000 INR falls into the 'semi-medium' farmer segment. Sugarcane is a priority crop under PMFBY in Telangana, warranting crop insurance coverage. Telangana has drought-prone zones, increasing relevance of weather-based insurance for water-intensive Sugarcane cultivation."
19,"{""state"": ""Telangana"", ""crop"": ""Sugarcane"", ""land_acres"": "">10 Acres"", ""income_inr"": "">500000""}","Soil Health Card Scheme, Rashtriya Krishi Vikas Yojana (RKVY), Agriculture Infrastructure Fund, e-NAM Registration, PM Krishi Sinchai Yojana - Per Drop More Crop","Kisan Credit Card (KCC), Crop Loan, Warehouse Receipt Financing, Tractor / Farm Equipment Loan, NABARD Refinance - Land Development Loan","Pradhan Mantri Fasal Bima Yojana (PMFBY), Weather Based Crop Insurance Scheme (WBCIS), Weather Based Crop Insurance Scheme (WBCIS) - Drought Rider",4,0.91,"Farmer in Telangana cultivating Sugarcane with land holding >10 Acres and annual income >500000 INR falls into the 'large' farmer segment. Sugarcane is a priority crop under PMFBY in Telangana, warranting crop insurance coverage. Larger land holding and higher income support infrastructure and mechanization financing. Telangana has drought-prone zones, increasing relevance of weather-based insurance for water-intensive Sugarcane cultivation."
20,"{""state"": ""Telangana"", ""crop"": ""Sugarcane"", ""land_acres"": ""<5 Acres"", ""income_inr"": ""<300000""}","PM-KISAN, Soil Health Card Scheme, PM Kisan Maandhan Yojana, PM Krishi Sinchai Yojana - Per Drop More Crop","Kisan Credit Card (KCC), SBI Agriculture Gold Loan, Interest Subvention Scheme (Short Term Crop Loan)","Pradhan Mantri Fasal Bima Yojana (PMFBY), Weather Based Crop Insurance Scheme (WBCIS), Weather Based Crop Insurance Scheme (WBCIS) - Drought Rider",1,0.81,"Farmer in Telangana cultivating Sugarcane with land holding <5 Acres and annual income <300000 INR falls into the 'small-marginal' farmer segment. Eligible for PM-KISAN direct income support due to small/marginal land holding. Sugarcane is a priority crop under PMFBY in Telangana, warranting crop insurance coverage. Low collateral base suggests gold-backed lending as an accessible credit option. Telangana has drought-prone zones, increasing relevance of weather-based insurance for water-intensive Sugarcane cultivation."
21,"{""state"": ""Telangana"", ""crop"": ""Soybean"", ""land_acres"": ""<2 Acres"", ""income_inr"": ""<200000""}","PM-KISAN, Soil Health Card Scheme, PM Kisan Maandhan Yojana, National Food Security Mission (NFSM)","Kisan Credit Card (KCC), SBI Agriculture Gold Loan, Interest Subvention Scheme (Short Term Crop Loan)","Pradhan Mantri Fasal Bima Yojana (PMFBY), Weather Based Crop Insurance Scheme (WBCIS) - Drought Rider",1,0.95,"Farmer in Telangana cultivating Soybean with land holding <2 Acres and annual income <200000 INR falls into the 'marginal' farmer segment. Eligible for PM-KISAN direct income support due to small/marginal land holding. Soybean is a priority crop under PMFBY in Telangana, warranting crop insurance coverage. Low collateral base suggests gold-backed lending as an accessible credit option."
22,"{""state"": ""Telangana"", ""crop"": ""Soybean"", ""land_acres"": ""2-5 Acres"", ""income_inr"": ""200000-300000""}","PM-KISAN, Soil Health Card Scheme, PM Kisan Maandhan Yojana, National Food Security Mission (NFSM)","Kisan Credit Card (KCC), SBI Agriculture Gold Loan, Interest Subvention Scheme (Short Term Crop Loan)","Pradhan Mantri Fasal Bima Yojana (PMFBY), Weather Based Crop Insurance Scheme (WBCIS) - Drought Rider",2,0.82,"Farmer in Telangana cultivating Soybean with land holding 2-5 Acres and annual income 200000-300000 INR falls into the 'small' farmer segment. Eligible for PM-KISAN direct income support due to small/marginal land holding. Soybean is a priority crop under PMFBY in Telangana, warranting crop insurance coverage. Low collateral base suggests gold-backed lending as an accessible credit option."
23,"{""state"": ""Telangana"", ""crop"": ""Soybean"", ""land_acres"": ""5-10 Acres"", ""income_inr"": ""300000-500000""}","Soil Health Card Scheme, Rashtriya Krishi Vikas Yojana (RKVY), PM Krishi Sinchai Yojana, National Food Security Mission (NFSM)","Kisan Credit Card (KCC), Crop Loan, Farm Mechanization Loan","Pradhan Mantri Fasal Bima Yojana (PMFBY), Weather Based Crop Insurance Scheme (WBCIS) - Drought Rider",3,0.79,"Farmer in Telangana cultivating Soybean with land holding 5-10 Acres and annual income 300000-500000 INR falls into the 'semi-medium' farmer segment. Soybean is a priority crop under PMFBY in Telangana, warranting crop insurance coverage."
24,"{""state"": ""Telangana"", ""crop"": ""Soybean"", ""land_acres"": "">10 Acres"", ""income_inr"": "">500000""}","Soil Health Card Scheme, Rashtriya Krishi Vikas Yojana (RKVY), Agriculture Infrastructure Fund, e-NAM Registration, National Food Security Mission (NFSM)","Kisan Credit Card (KCC), Crop Loan, Warehouse Receipt Financing, Tractor / Farm Equipment Loan, NABARD Refinance - Land Development Loan","Pradhan Mantri Fasal Bima Yojana (PMFBY), Weather Based Crop Insurance Scheme (WBCIS) - Drought Rider",4,0.88,"Farmer in Telangana cultivating Soybean with land holding >10 Acres and annual income >500000 INR falls into the 'large' farmer segment. Soybean is a priority crop under PMFBY in Telangana, warranting crop insurance coverage. Larger land holding and higher income support infrastructure and mechanization financing."
25,"{""state"": ""Telangana"", ""crop"": ""Soybean"", ""land_acres"": ""<5 Acres"", ""income_inr"": ""<300000""}","PM-KISAN, Soil Health Card Scheme, PM Kisan Maandhan Yojana, National Food Security Mission (NFSM)","Kisan Credit Card (KCC), SBI Agriculture Gold Loan, Interest Subvention Scheme (Short Term Crop Loan)","Pradhan Mantri Fasal Bima Yojana (PMFBY), Weather Based Crop Insurance Scheme (WBCIS) - Drought Rider",1,0.81,"Farmer in Telangana cultivating Soybean with land holding <5 Acres and annual income <300000 INR falls into the 'small-marginal' farmer segment. Eligible for PM-KISAN direct income support due to small/marginal land holding. Soybean is a priority crop under PMFBY in Telangana, warranting crop insurance coverage. Low collateral base suggests gold-backed lending as an accessible credit option."
26,"{""state"": ""Telangana"", ""crop"": ""Maize"", ""land_acres"": ""<2 Acres"", ""income_inr"": ""<200000""}","PM-KISAN, Soil Health Card Scheme, PM Kisan Maandhan Yojana","Kisan Credit Card (KCC), SBI Agriculture Gold Loan, Interest Subvention Scheme (Short Term Crop Loan)","Pradhan Mantri Fasal Bima Yojana (PMFBY), Weather Based Crop Insurance Scheme (WBCIS) - Drought Rider",1,0.95,"Farmer in Telangana cultivating Maize with land holding <2 Acres and annual income <200000 INR falls into the 'marginal' farmer segment. Eligible for PM-KISAN direct income support due to small/marginal land holding. Maize is a priority crop under PMFBY in Telangana, warranting crop insurance coverage. Low collateral base suggests gold-backed lending as an accessible credit option."
27,"{""state"": ""Telangana"", ""crop"": ""Maize"", ""land_acres"": ""2-5 Acres"", ""income_inr"": ""200000-300000""}","PM-KISAN, Soil Health Card Scheme, PM Kisan Maandhan Yojana","Kisan Credit Card (KCC), SBI Agriculture Gold Loan, Interest Subvention Scheme (Short Term Crop Loan)","Pradhan Mantri Fasal Bima Yojana (PMFBY), Weather Based Crop Insurance Scheme (WBCIS) - Drought Rider",2,0.87,"Farmer in Telangana cultivating Maize with land holding 2-5 Acres and annual income 200000-300000 INR falls into the 'small' farmer segment. Eligible for PM-KISAN direct income support due to small/marginal land holding. Maize is a priority crop under PMFBY in Telangana, warranting crop insurance coverage. Low collateral base suggests gold-backed lending as an accessible credit option."
28,"{""state"": ""Telangana"", ""crop"": ""Maize"", ""land_acres"": ""5-10 Acres"", ""income_inr"": ""300000-500000""}","Soil Health Card Scheme, Rashtriya Krishi Vikas Yojana (RKVY), PM Krishi Sinchai Yojana","Kisan Credit Card (KCC), Crop Loan, Farm Mechanization Loan","Pradhan Mantri Fasal Bima Yojana (PMFBY), Weather Based Crop Insurance Scheme (WBCIS) - Drought Rider",3,0.77,"Farmer in Telangana cultivating Maize with land holding 5-10 Acres and annual income 300000-500000 INR falls into the 'semi-medium' farmer segment. Maize is a priority crop under PMFBY in Telangana, warranting crop insurance coverage."
29,"{""state"": ""Telangana"", ""crop"": ""Maize"", ""land_acres"": "">10 Acres"", ""income_inr"": "">500000""}","Soil Health Card Scheme, Rashtriya Krishi Vikas Yojana (RKVY), Agriculture Infrastructure Fund, e-NAM Registration","Kisan Credit Card (KCC), Crop Loan, Warehouse Receipt Financing, Tractor / Farm Equipment Loan, NABARD Refinance - Land Development Loan","Pradhan Mantri Fasal Bima Yojana (PMFBY), Weather Based Crop Insurance Scheme (WBCIS) - Drought Rider",4,0.87,"Farmer in Telangana cultivating Maize with land holding >10 Acres and annual income >500000 INR falls into the 'large' farmer segment. Maize is a priority crop under PMFBY in Telangana, warranting crop insurance coverage. Larger land holding and higher income support infrastructure and mechanization financing."
30,"{""state"": ""Telangana"", ""crop"": ""Maize"", ""land_acres"": ""<5 Acres"", ""income_inr"": ""<300000""}","PM-KISAN, Soil Health Card Scheme, PM Kisan Maandhan Yojana","Kisan Credit Card (KCC), SBI Agriculture Gold Loan, Interest Subvention Scheme (Short Term Crop Loan)","Pradhan Mantri Fasal Bima Yojana (PMFBY), Weather Based Crop Insurance Scheme (WBCIS) - Drought Rider",1,0.9,"Farmer in Telangana cultivating Maize with land holding <5 Acres and annual income <300000 INR falls into the 'small-marginal' farmer segment. Eligible for PM-KISAN direct income support due to small/marginal land holding. Maize is a priority crop under PMFBY in Telangana, warranting crop insurance coverage. Low collateral base suggests gold-backed lending as an accessible credit option."
31,"{""state"": ""Telangana"", ""crop"": ""Groundnut"", ""land_acres"": ""<2 Acres"", ""income_inr"": ""<200000""}","PM-KISAN, Soil Health Card Scheme, PM Kisan Maandhan Yojana, National Food Security Mission (NFSM)","Kisan Credit Card (KCC), SBI Agriculture Gold Loan, Interest Subvention Scheme (Short Term Crop Loan)","Pradhan Mantri Fasal Bima Yojana (PMFBY), Weather Based Crop Insurance Scheme (WBCIS) - Drought Rider",1,0.93,"Farmer in Telangana cultivating Groundnut with land holding <2 Acres and annual income <200000 INR falls into the 'marginal' farmer segment. Eligible for PM-KISAN direct income support due to small/marginal land holding. Groundnut is a priority crop under PMFBY in Telangana, warranting crop insurance coverage. Low collateral base suggests gold-backed lending as an accessible credit option."
32,"{""state"": ""Telangana"", ""crop"": ""Groundnut"", ""land_acres"": ""2-5 Acres"", ""income_inr"": ""200000-300000""}","PM-KISAN, Soil Health Card Scheme, PM Kisan Maandhan Yojana, National Food Security Mission (NFSM)","Kisan Credit Card (KCC), SBI Agriculture Gold Loan, Interest Subvention Scheme (Short Term Crop Loan)","Pradhan Mantri Fasal Bima Yojana (PMFBY), Weather Based Crop Insurance Scheme (WBCIS) - Drought Rider",2,0.93,"Farmer in Telangana cultivating Groundnut with land holding 2-5 Acres and annual income 200000-300000 INR falls into the 'small' farmer segment. Eligible for PM-KISAN direct income support due to small/marginal land holding. Groundnut is a priority crop under PMFBY in Telangana, warranting crop insurance coverage. Low collateral base suggests gold-backed lending as an accessible credit option."
33,"{""state"": ""Telangana"", ""crop"": ""Groundnut"", ""land_acres"": ""5-10 Acres"", ""income_inr"": ""300000-500000""}","Soil Health Card Scheme, Rashtriya Krishi Vikas Yojana (RKVY), PM Krishi Sinchai Yojana, National Food Security Mission (NFSM)","Kisan Credit Card (KCC), Crop Loan, Farm Mechanization Loan","Pradhan Mantri Fasal Bima Yojana (PMFBY), Weather Based Crop Insurance Scheme (WBCIS) - Drought Rider",3,0.8,"Farmer in Telangana cultivating Groundnut with land holding 5-10 Acres and annual income 300000-500000 INR falls into the 'semi-medium' farmer segment. Groundnut is a priority crop under PMFBY in Telangana, warranting crop insurance coverage."
34,"{""state"": ""Telangana"", ""crop"": ""Groundnut"", ""land_acres"": "">10 Acres"", ""income_inr"": "">500000""}","Soil Health Card Scheme, Rashtriya Krishi Vikas Yojana (RKVY), Agriculture Infrastructure Fund, e-NAM Registration, National Food Security Mission (NFSM)","Kisan Credit Card (KCC), Crop Loan, Warehouse Receipt Financing, Tractor / Farm Equipment Loan, NABARD Refinance - Land Development Loan","Pradhan Mantri Fasal Bima Yojana (PMFBY), Weather Based Crop Insurance Scheme (WBCIS) - Drought Rider",4,0.93,"Farmer in Telangana cultivating Groundnut with land holding >10 Acres and annual income >500000 INR falls into the 'large' farmer segment. Groundnut is a priority crop under PMFBY in Telangana, warranting crop insurance coverage. Larger land holding and higher income support infrastructure and mechanization financing."
35,"{""state"": ""Telangana"", ""crop"": ""Groundnut"", ""land_acres"": ""<5 Acres"", ""income_inr"": ""<300000""}","PM-KISAN, Soil Health Card Scheme, PM Kisan Maandhan Yojana, National Food Security Mission (NFSM)","Kisan Credit Card (KCC), SBI Agriculture Gold Loan, Interest Subvention Scheme (Short Term Crop Loan)","Pradhan Mantri Fasal Bima Yojana (PMFBY), Weather Based Crop Insurance Scheme (WBCIS) - Drought Rider",1,0.95,"Farmer in Telangana cultivating Groundnut with land holding <5 Acres and annual income <300000 INR falls into the 'small-marginal' farmer segment. Eligible for PM-KISAN direct income support due to small/marginal land holding. Groundnut is a priority crop under PMFBY in Telangana, warranting crop insurance coverage. Low collateral base suggests gold-backed lending as an accessible credit option."
36,"{""state"": ""Telangana"", ""crop"": ""Pulses"", ""land_acres"": ""<2 Acres"", ""income_inr"": ""<200000""}","PM-KISAN, Soil Health Card Scheme, PM Kisan Maandhan Yojana, National Food Security Mission (NFSM)","Kisan Credit Card (KCC), SBI Agriculture Gold Loan, Interest Subvention Scheme (Short Term Crop Loan)","Pradhan Mantri Fasal Bima Yojana (PMFBY), Weather Based Crop Insurance Scheme (WBCIS) - Drought Rider",1,0.9,"Farmer in Telangana cultivating Pulses with land holding <2 Acres and annual income <200000 INR falls into the 'marginal' farmer segment. Eligible for PM-KISAN direct income support due to small/marginal land holding. Pulses is a priority crop under PMFBY in Telangana, warranting crop insurance coverage. Low collateral base suggests gold-backed lending as an accessible credit option."
37,"{""state"": ""Telangana"", ""crop"": ""Pulses"", ""land_acres"": ""2-5 Acres"", ""income_inr"": ""200000-300000""}","PM-KISAN, Soil Health Card Scheme, PM Kisan Maandhan Yojana, National Food Security Mission (NFSM)","Kisan Credit Card (KCC), SBI Agriculture Gold Loan, Interest Subvention Scheme (Short Term Crop Loan)","Pradhan Mantri Fasal Bima Yojana (PMFBY), Weather Based Crop Insurance Scheme (WBCIS) - Drought Rider",2,0.84,"Farmer in Telangana cultivating Pulses with land holding 2-5 Acres and annual income 200000-300000 INR falls into the 'small' farmer segment. Eligible for PM-KISAN direct income support due to small/marginal land holding. Pulses is a priority crop under PMFBY in Telangana, warranting crop insurance coverage. Low collateral base suggests gold-backed lending as an accessible credit option."
38,"{""state"": ""Telangana"", ""crop"": ""Pulses"", ""land_acres"": ""5-10 Acres"", ""income_inr"": ""300000-500000""}","Soil Health Card Scheme, Rashtriya Krishi Vikas Yojana (RKVY), PM Krishi Sinchai Yojana, National Food Security Mission (NFSM)","Kisan Credit Card (KCC), Crop Loan, Farm Mechanization Loan","Pradhan Mantri Fasal Bima Yojana (PMFBY), Weather Based Crop Insurance Scheme (WBCIS) - Drought Rider",3,0.84,"Farmer in Telangana cultivating Pulses with land holding 5-10 Acres and annual income 300000-500000 INR falls into the 'semi-medium' farmer segment. Pulses is a priority crop under PMFBY in Telangana, warranting crop insurance coverage."
39,"{""state"": ""Telangana"", ""crop"": ""Pulses"", ""land_acres"": "">10 Acres"", ""income_inr"": "">500000""}","Soil Health Card Scheme, Rashtriya Krishi Vikas Yojana (RKVY), Agriculture Infrastructure Fund, e-NAM Registration, National Food Security Mission (NFSM)","Kisan Credit Card (KCC), Crop Loan, Warehouse Receipt Financing, Tractor / Farm Equipment Loan, NABARD Refinance - Land Development Loan","Pradhan Mantri Fasal Bima Yojana (PMFBY), Weather Based Crop Insurance Scheme (WBCIS) - Drought Rider",4,0.88,"Farmer in Telangana cultivating Pulses with land holding >10 Acres and annual income >500000 INR falls into the 'large' farmer segment. Pulses is a priority crop under PMFBY in Telangana, warranting crop insurance coverage. Larger land holding and higher income support infrastructure and mechanization financing."
40,"{""state"": ""Telangana"", ""crop"": ""Pulses"", ""land_acres"": ""<5 Acres"", ""income_inr"": ""<300000""}","PM-KISAN, Soil Health Card Scheme, PM Kisan Maandhan Yojana, National Food Security Mission (NFSM)","Kisan Credit Card (KCC), SBI Agriculture Gold Loan, Interest Subvention Scheme (Short Term Crop Loan)","Pradhan Mantri Fasal Bima Yojana (PMFBY), Weather Based Crop Insurance Scheme (WBCIS) - Drought Rider",1,0.89,"Farmer in Telangana cultivating Pulses with land holding <5 Acres and annual income <300000 INR falls into the 'small-marginal' farmer segment. Eligible for PM-KISAN direct income support due to small/marginal land holding. Pulses is a priority crop under PMFBY in Telangana, warranting crop insurance coverage. Low collateral base suggests gold-backed lending as an accessible credit option."
41,"{""state"": ""Telangana"", ""crop"": ""Vegetables"", ""land_acres"": ""<2 Acres"", ""income_inr"": ""<200000""}","PM-KISAN, Soil Health Card Scheme, PM Kisan Maandhan Yojana, Mission for Integrated Development of Horticulture (MIDH)","Kisan Credit Card (KCC), SBI Agriculture Gold Loan, Interest Subvention Scheme (Short Term Crop Loan)","Unified Package Insurance Scheme (UPIS), Restructured Weather Based Crop Insurance Scheme, Weather Based Crop Insurance Scheme (WBCIS) - Drought Rider",1,0.85,Farmer in Telangana cultivating Vegetables with land holding <2 Acres and annual income <200000 INR falls into the 'marginal' farmer segment. Eligible for PM-KISAN direct income support due to small/marginal land holding. Low collateral base suggests gold-backed lending as an accessible credit option.
42,"{""state"": ""Telangana"", ""crop"": ""Vegetables"", ""land_acres"": ""2-5 Acres"", ""income_inr"": ""200000-300000""}","PM-KISAN, Soil Health Card Scheme, PM Kisan Maandhan Yojana, Mission for Integrated Development of Horticulture (MIDH)","Kisan Credit Card (KCC), SBI Agriculture Gold Loan, Interest Subvention Scheme (Short Term Crop Loan)","Unified Package Insurance Scheme (UPIS), Restructured Weather Based Crop Insurance Scheme, Weather Based Crop Insurance Scheme (WBCIS) - Drought Rider",2,0.86,Farmer in Telangana cultivating Vegetables with land holding 2-5 Acres and annual income 200000-300000 INR falls into the 'small' farmer segment. Eligible for PM-KISAN direct income support due to small/marginal land holding. Low collateral base suggests gold-backed lending as an accessible credit option.
43,"{""state"": ""Telangana"", ""crop"": ""Vegetables"", ""land_acres"": ""5-10 Acres"", ""income_inr"": ""300000-500000""}","Soil Health Card Scheme, Rashtriya Krishi Vikas Yojana (RKVY), PM Krishi Sinchai Yojana, Mission for Integrated Development of Horticulture (MIDH)","Kisan Credit Card (KCC), Crop Loan, Farm Mechanization Loan","Unified Package Insurance Scheme (UPIS), Restructured Weather Based Crop Insurance Scheme, Weather Based Crop Insurance Scheme (WBCIS) - Drought Rider",3,0.85,Farmer in Telangana cultivating Vegetables with land holding 5-10 Acres and annual income 300000-500000 INR falls into the 'semi-medium' farmer segment.
44,"{""state"": ""Telangana"", ""crop"": ""Vegetables"", ""land_acres"": "">10 Acres"", ""income_inr"": "">500000""}","Soil Health Card Scheme, Rashtriya Krishi Vikas Yojana (RKVY), Agriculture Infrastructure Fund, e-NAM Registration, Mission for Integrated Development of Horticulture (MIDH)","Kisan Credit Card (KCC), Crop Loan, Warehouse Receipt Financing, Tractor / Farm Equipment Loan, NABARD Refinance - Land Development Loan","Unified Package Insurance Scheme (UPIS), Restructured Weather Based Crop Insurance Scheme, Weather Based Crop Insurance Scheme (WBCIS) - Drought Rider",4,0.82,Farmer in Telangana cultivating Vegetables with land holding >10 Acres and annual income >500000 INR falls into the 'large' farmer segment. Larger land holding and higher income support infrastructure and mechanization financing.
45,"{""state"": ""Telangana"", ""crop"": ""Vegetables"", ""land_acres"": ""<5 Acres"", ""income_inr"": ""<300000""}","PM-KISAN, Soil Health Card Scheme, PM Kisan Maandhan Yojana, Mission for Integrated Development of Horticulture (MIDH)","Kisan Credit Card (KCC), SBI Agriculture Gold Loan, Interest Subvention Scheme (Short Term Crop Loan)","Unified Package Insurance Scheme (UPIS), Restructured Weather Based Crop Insurance Scheme, Weather Based Crop Insurance Scheme (WBCIS) - Drought Rider",1,0.93,Farmer in Telangana cultivating Vegetables with land holding <5 Acres and annual income <300000 INR falls into the 'small-marginal' farmer segment. Eligible for PM-KISAN direct income support due to small/marginal land holding. Low collateral base suggests gold-backed lending as an accessible credit option.
46,"{""state"": ""Telangana"", ""crop"": ""Fruits"", ""land_acres"": ""<2 Acres"", ""income_inr"": ""<200000""}","PM-KISAN, Soil Health Card Scheme, PM Kisan Maandhan Yojana, Mission for Integrated Development of Horticulture (MIDH)","Kisan Credit Card (KCC), SBI Agriculture Gold Loan, Interest Subvention Scheme (Short Term Crop Loan)","Unified Package Insurance Scheme (UPIS), Restructured Weather Based Crop Insurance Scheme, Weather Based Crop Insurance Scheme (WBCIS) - Drought Rider",1,0.9,Farmer in Telangana cultivating Fruits with land holding <2 Acres and annual income <200000 INR falls into the 'marginal' farmer segment. Eligible for PM-KISAN direct income support due to small/marginal land holding. Low collateral base suggests gold-backed lending as an accessible credit option.
47,"{""state"": ""Telangana"", ""crop"": ""Fruits"", ""land_acres"": ""2-5 Acres"", ""income_inr"": ""200000-300000""}","PM-KISAN, Soil Health Card Scheme, PM Kisan Maandhan Yojana, Mission for Integrated Development of Horticulture (MIDH)","Kisan Credit Card (KCC), SBI Agriculture Gold Loan, Interest Subvention Scheme (Short Term Crop Loan)","Unified Package Insurance Scheme (UPIS), Restructured Weather Based Crop Insurance Scheme, Weather Based Crop Insurance Scheme (WBCIS) - Drought Rider",2,0.76,Farmer in Telangana cultivating Fruits with land holding 2-5 Acres and annual income 200000-300000 INR falls into the 'small' farmer segment. Eligible for PM-KISAN direct income support due to small/marginal land holding. Low collateral base suggests gold-backed lending as an accessible credit option.
48,"{""state"": ""Telangana"", ""crop"": ""Fruits"", ""land_acres"": ""5-10 Acres"", ""income_inr"": ""300000-500000""}","Soil Health Card Scheme, Rashtriya Krishi Vikas Yojana (RKVY), PM Krishi Sinchai Yojana, Mission for Integrated Development of Horticulture (MIDH)","Kisan Credit Card (KCC), Crop Loan, Farm Mechanization Loan","Unified Package Insurance Scheme (UPIS), Restructured Weather Based Crop Insurance Scheme, Weather Based Crop Insurance Scheme (WBCIS) - Drought Rider",3,0.79,Farmer in Telangana cultivating Fruits with land holding 5-10 Acres and annual income 300000-500000 INR falls into the 'semi-medium' farmer segment.
49,"{""state"": ""Telangana"", ""crop"": ""Fruits"", ""land_acres"": "">10 Acres"", ""income_inr"": "">500000""}","Soil Health Card Scheme, Rashtriya Krishi Vikas Yojana (RKVY), Agriculture Infrastructure Fund, e-NAM Registration, Mission for Integrated Development of Horticulture (MIDH)","Kisan Credit Card (KCC), Crop Loan, Warehouse Receipt Financing, Tractor / Farm Equipment Loan, NABARD Refinance - Land Development Loan","Unified Package Insurance Scheme (UPIS), Restructured Weather Based Crop Insurance Scheme, Weather Based Crop Insurance Scheme (WBCIS) - Drought Rider",4,0.75,Farmer in Telangana cultivating Fruits with land holding >10 Acres and annual income >500000 INR falls into the 'large' farmer segment. Larger land holding and higher income support infrastructure and mechanization financing.
50,"{""state"": ""Telangana"", ""crop"": ""Fruits"", ""land_acres"": ""<5 Acres"", ""income_inr"": ""<300000""}","PM-KISAN, Soil Health Card Scheme, PM Kisan Maandhan Yojana, Mission for Integrated Development of Horticulture (MIDH)","Kisan Credit Card (KCC), SBI Agriculture Gold Loan, Interest Subvention Scheme (Short Term Crop Loan)","Unified Package Insurance Scheme (UPIS), Restructured Weather Based Crop Insurance Scheme, Weather Based Crop Insurance Scheme (WBCIS) - Drought Rider",1,0.8,Farmer in Telangana cultivating Fruits with land holding <5 Acres and annual income <300000 INR falls into the 'small-marginal' farmer segment. Eligible for PM-KISAN direct income support due to small/marginal land holding. Low collateral base suggests gold-backed lending as an accessible credit option.
51,"{""state"": ""Andhra Pradesh"", ""crop"": ""Cotton"", ""land_acres"": ""<2 Acres"", ""income_inr"": ""<200000""}","PM-KISAN, Soil Health Card Scheme, PM Kisan Maandhan Yojana, PM Krishi Sinchai Yojana - Per Drop More Crop","Kisan Credit Card (KCC), SBI Agriculture Gold Loan, Interest Subvention Scheme (Short Term Crop Loan)","Pradhan Mantri Fasal Bima Yojana (PMFBY), Weather Based Crop Insurance Scheme (WBCIS), Weather Based Crop Insurance Scheme (WBCIS) - Drought Rider",1,0.84,"Farmer in Andhra Pradesh cultivating Cotton with land holding <2 Acres and annual income <200000 INR falls into the 'marginal' farmer segment. Eligible for PM-KISAN direct income support due to small/marginal land holding. Cotton is a priority crop under PMFBY in Andhra Pradesh, warranting crop insurance coverage. Low collateral base suggests gold-backed lending as an accessible credit option. Andhra Pradesh has drought-prone zones, increasing relevance of weather-based insurance for water-intensive Cotton cultivation."
52,"{""state"": ""Andhra Pradesh"", ""crop"": ""Cotton"", ""land_acres"": ""2-5 Acres"", ""income_inr"": ""200000-300000""}","PM-KISAN, Soil Health Card Scheme, PM Kisan Maandhan Yojana, PM Krishi Sinchai Yojana - Per Drop More Crop","Kisan Credit Card (KCC), SBI Agriculture Gold Loan, Interest Subvention Scheme (Short Term Crop Loan)","Pradhan Mantri Fasal Bima Yojana (PMFBY), Weather Based Crop Insurance Scheme (WBCIS), Weather Based Crop Insurance Scheme (WBCIS) - Drought Rider",2,0.87,"Farmer in Andhra Pradesh cultivating Cotton with land holding 2-5 Acres and annual income 200000-300000 INR falls into the 'small' farmer segment. Eligible for PM-KISAN direct income support due to small/marginal land holding. Cotton is a priority crop under PMFBY in Andhra Pradesh, warranting crop insurance coverage. Low collateral base suggests gold-backed lending as an accessible credit option. Andhra Pradesh has drought-prone zones, increasing relevance of weather-based insurance for water-intensive Cotton cultivation."
53,"{""state"": ""Andhra Pradesh"", ""crop"": ""Cotton"", ""land_acres"": ""5-10 Acres"", ""income_inr"": ""300000-500000""}","Soil Health Card Scheme, Rashtriya Krishi Vikas Yojana (RKVY), PM Krishi Sinchai Yojana, PM Krishi Sinchai Yojana - Per Drop More Crop","Kisan Credit Card (KCC), Crop Loan, Farm Mechanization Loan","Pradhan Mantri Fasal Bima Yojana (PMFBY), Weather Based Crop Insurance Scheme (WBCIS), Weather Based Crop Insurance Scheme (WBCIS) - Drought Rider",3,0.78,"Farmer in Andhra Pradesh cultivating Cotton with land holding 5-10 Acres and annual income 300000-500000 INR falls into the 'semi-medium' farmer segment. Cotton is a priority crop under PMFBY in Andhra Pradesh, warranting crop insurance coverage. Andhra Pradesh has drought-prone zones, increasing relevance of weather-based insurance for water-intensive Cotton cultivation."
54,"{""state"": ""Andhra Pradesh"", ""crop"": ""Cotton"", ""land_acres"": "">10 Acres"", ""income_inr"": "">500000""}","Soil Health Card Scheme, Rashtriya Krishi Vikas Yojana (RKVY), Agriculture Infrastructure Fund, e-NAM Registration, PM Krishi Sinchai Yojana - Per Drop More Crop","Kisan Credit Card (KCC), Crop Loan, Warehouse Receipt Financing, Tractor / Farm Equipment Loan, NABARD Refinance - Land Development Loan","Pradhan Mantri Fasal Bima Yojana (PMFBY), Weather Based Crop Insurance Scheme (WBCIS), Weather Based Crop Insurance Scheme (WBCIS) - Drought Rider",4,0.75,"Farmer in Andhra Pradesh cultivating Cotton with land holding >10 Acres and annual income >500000 INR falls into the 'large' farmer segment. Cotton is a priority crop under PMFBY in Andhra Pradesh, warranting crop insurance coverage. Larger land holding and higher income support infrastructure and mechanization financing. Andhra Pradesh has drought-prone zones, increasing relevance of weather-based insurance for water-intensive Cotton cultivation."
55,"{""state"": ""Andhra Pradesh"", ""crop"": ""Cotton"", ""land_acres"": ""<5 Acres"", ""income_inr"": ""<300000""}","PM-KISAN, Soil Health Card Scheme, PM Kisan Maandhan Yojana, PM Krishi Sinchai Yojana - Per Drop More Crop","Kisan Credit Card (KCC), SBI Agriculture Gold Loan, Interest Subvention Scheme (Short Term Crop Loan)","Pradhan Mantri Fasal Bima Yojana (PMFBY), Weather Based Crop Insurance Scheme (WBCIS), Weather Based Crop Insurance Scheme (WBCIS) - Drought Rider",1,0.91,"Farmer in Andhra Pradesh cultivating Cotton with land holding <5 Acres and annual income <300000 INR falls into the 'small-marginal' farmer segment. Eligible for PM-KISAN direct income support due to small/marginal land holding. Cotton is a priority crop under PMFBY in Andhra Pradesh, warranting crop insurance coverage. Low collateral base suggests gold-backed lending as an accessible credit option. Andhra Pradesh has drought-prone zones, increasing relevance of weather-based insurance for water-intensive Cotton cultivation."
56,"{""state"": ""Andhra Pradesh"", ""crop"": ""Rice"", ""land_acres"": ""<2 Acres"", ""income_inr"": ""<200000""}","PM-KISAN, Soil Health Card Scheme, PM Kisan Maandhan Yojana, PM Krishi Sinchai Yojana - Per Drop More Crop","Kisan Credit Card (KCC), SBI Agriculture Gold Loan, Interest Subvention Scheme (Short Term Crop Loan)","Pradhan Mantri Fasal Bima Yojana (PMFBY), Weather Based Crop Insurance Scheme (WBCIS) - Drought Rider",1,0.95,"Farmer in Andhra Pradesh cultivating Rice with land holding <2 Acres and annual income <200000 INR falls into the 'marginal' farmer segment. Eligible for PM-KISAN direct income support due to small/marginal land holding. Rice is a priority crop under PMFBY in Andhra Pradesh, warranting crop insurance coverage. Low collateral base suggests gold-backed lending as an accessible credit option. Andhra Pradesh has drought-prone zones, increasing relevance of weather-based insurance for water-intensive Rice cultivation."
57,"{""state"": ""Andhra Pradesh"", ""crop"": ""Rice"", ""land_acres"": ""2-5 Acres"", ""income_inr"": ""200000-300000""}","PM-KISAN, Soil Health Card Scheme, PM Kisan Maandhan Yojana, PM Krishi Sinchai Yojana - Per Drop More Crop","Kisan Credit Card (KCC), SBI Agriculture Gold Loan, Interest Subvention Scheme (Short Term Crop Loan)","Pradhan Mantri Fasal Bima Yojana (PMFBY), Weather Based Crop Insurance Scheme (WBCIS) - Drought Rider",2,0.78,"Farmer in Andhra Pradesh cultivating Rice with land holding 2-5 Acres and annual income 200000-300000 INR falls into the 'small' farmer segment. Eligible for PM-KISAN direct income support due to small/marginal land holding. Rice is a priority crop under PMFBY in Andhra Pradesh, warranting crop insurance coverage. Low collateral base suggests gold-backed lending as an accessible credit option. Andhra Pradesh has drought-prone zones, increasing relevance of weather-based insurance for water-intensive Rice cultivation."
58,"{""state"": ""Andhra Pradesh"", ""crop"": ""Rice"", ""land_acres"": ""5-10 Acres"", ""income_inr"": ""300000-500000""}","Soil Health Card Scheme, Rashtriya Krishi Vikas Yojana (RKVY), PM Krishi Sinchai Yojana, PM Krishi Sinchai Yojana - Per Drop More Crop","Kisan Credit Card (KCC), Crop Loan, Farm Mechanization Loan","Pradhan Mantri Fasal Bima Yojana (PMFBY), Weather Based Crop Insurance Scheme (WBCIS) - Drought Rider",3,0.85,"Farmer in Andhra Pradesh cultivating Rice with land holding 5-10 Acres and annual income 300000-500000 INR falls into the 'semi-medium' farmer segment. Rice is a priority crop under PMFBY in Andhra Pradesh, warranting crop insurance coverage. Andhra Pradesh has drought-prone zones, increasing relevance of weather-based insurance for water-intensive Rice cultivation."
59,"{""state"": ""Andhra Pradesh"", ""crop"": ""Rice"", ""land_acres"": "">10 Acres"", ""income_inr"": "">500000""}","Soil Health Card Scheme, Rashtriya Krishi Vikas Yojana (RKVY), Agriculture Infrastructure Fund, e-NAM Registration, PM Krishi Sinchai Yojana - Per Drop More Crop","Kisan Credit Card (KCC), Crop Loan, Warehouse Receipt Financing, Tractor / Farm Equipment Loan, NABARD Refinance - Land Development Loan","Pradhan Mantri Fasal Bima Yojana (PMFBY), Weather Based Crop Insurance Scheme (WBCIS) - Drought Rider",4,0.94,"Farmer in Andhra Pradesh cultivating Rice with land holding >10 Acres and annual income >500000 INR falls into the 'large' farmer segment. Rice is a priority crop under PMFBY in Andhra Pradesh, warranting crop insurance coverage. Larger land holding and higher income support infrastructure and mechanization financing. Andhra Pradesh has drought-prone zones, increasing relevance of weather-based insurance for water-intensive Rice cultivation."
60,"{""state"": ""Andhra Pradesh"", ""crop"": ""Rice"", ""land_acres"": ""<5 Acres"", ""income_inr"": ""<300000""}","PM-KISAN, Soil Health Card Scheme, PM Kisan Maandhan Yojana, PM Krishi Sinchai Yojana - Per Drop More Crop","Kisan Credit Card (KCC), SBI Agriculture Gold Loan, Interest Subvention Scheme (Short Term Crop Loan)","Pradhan Mantri Fasal Bima Yojana (PMFBY), Weather Based Crop Insurance Scheme (WBCIS) - Drought Rider",1,0.86,"Farmer in Andhra Pradesh cultivating Rice with land holding <5 Acres and annual income <300000 INR falls into the 'small-marginal' farmer segment. Eligible for PM-KISAN direct income support due to small/marginal land holding. Rice is a priority crop under PMFBY in Andhra Pradesh, warranting crop insurance coverage. Low collateral base suggests gold-backed lending as an accessible credit option. Andhra Pradesh has drought-prone zones, increasing relevance of weather-based insurance for water-intensive Rice cultivation."
61,"{""state"": ""Andhra Pradesh"", ""crop"": ""Wheat"", ""land_acres"": ""<2 Acres"", ""income_inr"": ""<200000""}","PM-KISAN, Soil Health Card Scheme, PM Kisan Maandhan Yojana","Kisan Credit Card (KCC), SBI Agriculture Gold Loan, Interest Subvention Scheme (Short Term Crop Loan)","Pradhan Mantri Fasal Bima Yojana (PMFBY), Weather Based Crop Insurance Scheme (WBCIS) - Drought Rider",1,0.8,"Farmer in Andhra Pradesh cultivating Wheat with land holding <2 Acres and annual income <200000 INR falls into the 'marginal' farmer segment. Eligible for PM-KISAN direct income support due to small/marginal land holding. Wheat is a priority crop under PMFBY in Andhra Pradesh, warranting crop insurance coverage. Low collateral base suggests gold-backed lending as an accessible credit option."
62,"{""state"": ""Andhra Pradesh"", ""crop"": ""Wheat"", ""land_acres"": ""2-5 Acres"", ""income_inr"": ""200000-300000""}","PM-KISAN, Soil Health Card Scheme, PM Kisan Maandhan Yojana","Kisan Credit Card (KCC), SBI Agriculture Gold Loan, Interest Subvention Scheme (Short Term Crop Loan)","Pradhan Mantri Fasal Bima Yojana (PMFBY), Weather Based Crop Insurance Scheme (WBCIS) - Drought Rider",2,0.84,"Farmer in Andhra Pradesh cultivating Wheat with land holding 2-5 Acres and annual income 200000-300000 INR falls into the 'small' farmer segment. Eligible for PM-KISAN direct income support due to small/marginal land holding. Wheat is a priority crop under PMFBY in Andhra Pradesh, warranting crop insurance coverage. Low collateral base suggests gold-backed lending as an accessible credit option."
63,"{""state"": ""Andhra Pradesh"", ""crop"": ""Wheat"", ""land_acres"": ""5-10 Acres"", ""income_inr"": ""300000-500000""}","Soil Health Card Scheme, Rashtriya Krishi Vikas Yojana (RKVY), PM Krishi Sinchai Yojana","Kisan Credit Card (KCC), Crop Loan, Farm Mechanization Loan","Pradhan Mantri Fasal Bima Yojana (PMFBY), Weather Based Crop Insurance Scheme (WBCIS) - Drought Rider",3,0.76,"Farmer in Andhra Pradesh cultivating Wheat with land holding 5-10 Acres and annual income 300000-500000 INR falls into the 'semi-medium' farmer segment. Wheat is a priority crop under PMFBY in Andhra Pradesh, warranting crop insurance coverage."
64,"{""state"": ""Andhra Pradesh"", ""crop"": ""Wheat"", ""land_acres"": "">10 Acres"", ""income_inr"": "">500000""}","Soil Health Card Scheme, Rashtriya Krishi Vikas Yojana (RKVY), Agriculture Infrastructure Fund, e-NAM Registration","Kisan Credit Card (KCC), Crop Loan, Warehouse Receipt Financing, Tractor / Farm Equipment Loan, NABARD Refinance - Land Development Loan","Pradhan Mantri Fasal Bima Yojana (PMFBY), Weather Based Crop Insurance Scheme (WBCIS) - Drought Rider",4,0.95,"Farmer in Andhra Pradesh cultivating Wheat with land holding >10 Acres and annual income >500000 INR falls into the 'large' farmer segment. Wheat is a priority crop under PMFBY in Andhra Pradesh, warranting crop insurance coverage. Larger land holding and higher income support infrastructure and mechanization financing."
65,"{""state"": ""Andhra Pradesh"", ""crop"": ""Wheat"", ""land_acres"": ""<5 Acres"", ""income_inr"": ""<300000""}","PM-KISAN, Soil Health Card Scheme, PM Kisan Maandhan Yojana","Kisan Credit Card (KCC), SBI Agriculture Gold Loan, Interest Subvention Scheme (Short Term Crop Loan)","Pradhan Mantri Fasal Bima Yojana (PMFBY), Weather Based Crop Insurance Scheme (WBCIS) - Drought Rider",1,0.96,"Farmer in Andhra Pradesh cultivating Wheat with land holding <5 Acres and annual income <300000 INR falls into the 'small-marginal' farmer segment. Eligible for PM-KISAN direct income support due to small/marginal land holding. Wheat is a priority crop under PMFBY in Andhra Pradesh, warranting crop insurance coverage. Low collateral base suggests gold-backed lending as an accessible credit option."
66,"{""state"": ""Andhra Pradesh"", ""crop"": ""Sugarcane"", ""land_acres"": ""<2 Acres"", ""income_inr"": ""<200000""}","PM-KISAN, Soil Health Card Scheme, PM Kisan Maandhan Yojana, PM Krishi Sinchai Yojana - Per Drop More Crop","Kisan Credit Card (KCC), SBI Agriculture Gold Loan, Interest Subvention Scheme (Short Term Crop Loan)","Pradhan Mantri Fasal Bima Yojana (PMFBY), Weather Based Crop Insurance Scheme (WBCIS), Weather Based Crop Insurance Scheme (WBCIS) - Drought Rider",1,0.92,"Farmer in Andhra Pradesh cultivating Sugarcane with land holding <2 Acres and annual income <200000 INR falls into the 'marginal' farmer segment. Eligible for PM-KISAN direct income support due to small/marginal land holding. Sugarcane is a priority crop under PMFBY in Andhra Pradesh, warranting crop insurance coverage. Low collateral base suggests gold-backed lending as an accessible credit option. Andhra Pradesh has drought-prone zones, increasing relevance of weather-based insurance for water-intensive Sugarcane cultivation."
67,"{""state"": ""Andhra Pradesh"", ""crop"": ""Sugarcane"", ""land_acres"": ""2-5 Acres"", ""income_inr"": ""200000-300000""}","PM-KISAN, Soil Health Card Scheme, PM Kisan Maandhan Yojana, PM Krishi Sinchai Yojana - Per Drop More Crop","Kisan Credit Card (KCC), SBI Agriculture Gold Loan, Interest Subvention Scheme (Short Term Crop Loan)","Pradhan Mantri Fasal Bima Yojana (PMFBY), Weather Based Crop Insurance Scheme (WBCIS), Weather Based Crop Insurance Scheme (WBCIS) - Drought Rider",2,0.77,"Farmer in Andhra Pradesh cultivating Sugarcane with land holding 2-5 Acres and annual income 200000-300000 INR falls into the 'small' farmer segment. Eligible for PM-KISAN direct income support due to small/marginal land holding. Sugarcane is a priority crop under PMFBY in Andhra Pradesh, warranting crop insurance coverage. Low collateral base suggests gold-backed lending as an accessible credit option. Andhra Pradesh has drought-prone zones, increasing relevance of weather-based insurance for water-intensive Sugarcane cultivation."
68,"{""state"": ""Andhra Pradesh"", ""crop"": ""Sugarcane"", ""land_acres"": ""5-10 Acres"", ""income_inr"": ""300000-500000""}","Soil Health Card Scheme, Rashtriya Krishi Vikas Yojana (RKVY), PM Krishi Sinchai Yojana, PM Krishi Sinchai Yojana - Per Drop More Crop","Kisan Credit Card (KCC), Crop Loan, Farm Mechanization Loan","Pradhan Mantri Fasal Bima Yojana (PMFBY), Weather Based Crop Insurance Scheme (WBCIS), Weather Based Crop Insurance Scheme (WBCIS) - Drought Rider",3,0.91,"Farmer in Andhra Pradesh cultivating Sugarcane with land holding 5-10 Acres and annual income 300000-500000 INR falls into the 'semi-medium' farmer segment. Sugarcane is a priority crop under PMFBY in Andhra Pradesh, warranting crop insurance coverage. Andhra Pradesh has drought-prone zones, increasing relevance of weather-based insurance for water-intensive Sugarcane cultivation."
69,"{""state"": ""Andhra Pradesh"", ""crop"": ""Sugarcane"", ""land_acres"": "">10 Acres"", ""income_inr"": "">500000""}","Soil Health Card Scheme, Rashtriya Krishi Vikas Yojana (RKVY), Agriculture Infrastructure Fund, e-NAM Registration, PM Krishi Sinchai Yojana - Per Drop More Crop","Kisan Credit Card (KCC), Crop Loan, Warehouse Receipt Financing, Tractor / Farm Equipment Loan, NABARD Refinance - Land Development Loan","Pradhan Mantri Fasal Bima Yojana (PMFBY), Weather Based Crop Insurance Scheme (WBCIS), Weather Based Crop Insurance Scheme (WBCIS) - Drought Rider",4,0.84,"Farmer in Andhra Pradesh cultivating Sugarcane with land holding >10 Acres and annual income >500000 INR falls into the 'large' farmer segment. Sugarcane is a priority crop under PMFBY in Andhra Pradesh, warranting crop insurance coverage. Larger land holding and higher income support infrastructure and mechanization financing. Andhra Pradesh has drought-prone zones, increasing relevance of weather-based insurance for water-intensive Sugarcane cultivation."
70,"{""state"": ""Andhra Pradesh"", ""crop"": ""Sugarcane"", ""land_acres"": ""<5 Acres"", ""income_inr"": ""<300000""}","PM-KISAN, Soil Health Card Scheme, PM Kisan Maandhan Yojana, PM Krishi Sinchai Yojana - Per Drop More Crop","Kisan Credit Card (KCC), SBI Agriculture Gold Loan, Interest Subvention Scheme (Short Term Crop Loan)","Pradhan Mantri Fasal Bima Yojana (PMFBY), Weather Based Crop Insurance Scheme (WBCIS), Weather Based Crop Insurance Scheme (WBCIS) - Drought Rider",1,0.95,"Farmer in Andhra Pradesh cultivating Sugarcane with land holding <5 Acres and annual income <300000 INR falls into the 'small-marginal' farmer segment. Eligible for PM-KISAN direct income support due to small/marginal land holding. Sugarcane is a priority crop under PMFBY in Andhra Pradesh, warranting crop insurance coverage. Low collateral base suggests gold-backed lending as an accessible credit option. Andhra Pradesh has drought-prone zones, increasing relevance of weather-based insurance for water-intensive Sugarcane cultivation."
71,"{""state"": ""Andhra Pradesh"", ""crop"": ""Soybean"", ""land_acres"": ""<2 Acres"", ""income_inr"": ""<200000""}","PM-KISAN, Soil Health Card Scheme, PM Kisan Maandhan Yojana, National Food Security Mission (NFSM)","Kisan Credit Card (KCC), SBI Agriculture Gold Loan, Interest Subvention Scheme (Short Term Crop Loan)","Pradhan Mantri Fasal Bima Yojana (PMFBY), Weather Based Crop Insurance Scheme (WBCIS) - Drought Rider",1,0.85,"Farmer in Andhra Pradesh cultivating Soybean with land holding <2 Acres and annual income <200000 INR falls into the 'marginal' farmer segment. Eligible for PM-KISAN direct income support due to small/marginal land holding. Soybean is a priority crop under PMFBY in Andhra Pradesh, warranting crop insurance coverage. Low collateral base suggests gold-backed lending as an accessible credit option."
72,"{""state"": ""Andhra Pradesh"", ""crop"": ""Soybean"", ""land_acres"": ""2-5 Acres"", ""income_inr"": ""200000-300000""}","PM-KISAN, Soil Health Card Scheme, PM Kisan Maandhan Yojana, National Food Security Mission (NFSM)","Kisan Credit Card (KCC), SBI Agriculture Gold Loan, Interest Subvention Scheme (Short Term Crop Loan)","Pradhan Mantri Fasal Bima Yojana (PMFBY), Weather Based Crop Insurance Scheme (WBCIS) - Drought Rider",2,0.78,"Farmer in Andhra Pradesh cultivating Soybean with land holding 2-5 Acres and annual income 200000-300000 INR falls into the 'small' farmer segment. Eligible for PM-KISAN direct income support due to small/marginal land holding. Soybean is a priority crop under PMFBY in Andhra Pradesh, warranting crop insurance coverage. Low collateral base suggests gold-backed lending as an accessible credit option."
73,"{""state"": ""Andhra Pradesh"", ""crop"": ""Soybean"", ""land_acres"": ""5-10 Acres"", ""income_inr"": ""300000-500000""}","Soil Health Card Scheme, Rashtriya Krishi Vikas Yojana (RKVY), PM Krishi Sinchai Yojana, National Food Security Mission (NFSM)","Kisan Credit Card (KCC), Crop Loan, Farm Mechanization Loan","Pradhan Mantri Fasal Bima Yojana (PMFBY), Weather Based Crop Insurance Scheme (WBCIS) - Drought Rider",3,0.9,"Farmer in Andhra Pradesh cultivating Soybean with land holding 5-10 Acres and annual income 300000-500000 INR falls into the 'semi-medium' farmer segment. Soybean is a priority crop under PMFBY in Andhra Pradesh, warranting crop insurance coverage."
74,"{""state"": ""Andhra Pradesh"", ""crop"": ""Soybean"", ""land_acres"": "">10 Acres"", ""income_inr"": "">500000""}","Soil Health Card Scheme, Rashtriya Krishi Vikas Yojana (RKVY), Agriculture Infrastructure Fund, e-NAM Registration, National Food Security Mission (NFSM)","Kisan Credit Card (KCC), Crop Loan, Warehouse Receipt Financing, Tractor / Farm Equipment Loan, NABARD Refinance - Land Development Loan","Pradhan Mantri Fasal Bima Yojana (PMFBY), Weather Based Crop Insurance Scheme (WBCIS) - Drought Rider",4,0.87,"Farmer in Andhra Pradesh cultivating Soybean with land holding >10 Acres and annual income >500000 INR falls into the 'large' farmer segment. Soybean is a priority crop under PMFBY in Andhra Pradesh, warranting crop insurance coverage. Larger land holding and higher income support infrastructure and mechanization financing."
75,"{""state"": ""Andhra Pradesh"", ""crop"": ""Soybean"", ""land_acres"": ""<5 Acres"", ""income_inr"": ""<300000""}","PM-KISAN, Soil Health Card Scheme, PM Kisan Maandhan Yojana, National Food Security Mission (NFSM)","Kisan Credit Card (KCC), SBI Agriculture Gold Loan, Interest Subvention Scheme (Short Term Crop Loan)","Pradhan Mantri Fasal Bima Yojana (PMFBY), Weather Based Crop Insurance Scheme (WBCIS) - Drought Rider",1,0.84,"Farmer in Andhra Pradesh cultivating Soybean with land holding <5 Acres and annual income <300000 INR falls into the 'small-marginal' farmer segment. Eligible for PM-KISAN direct income support due to small/marginal land holding. Soybean is a priority crop under PMFBY in Andhra Pradesh, warranting crop insurance coverage. Low collateral base suggests gold-backed lending as an accessible credit option."
76,"{""state"": ""Andhra Pradesh"", ""crop"": ""Maize"", ""land_acres"": ""<2 Acres"", ""income_inr"": ""<200000""}","PM-KISAN, Soil Health Card Scheme, PM Kisan Maandhan Yojana","Kisan Credit Card (KCC), SBI Agriculture Gold Loan, Interest Subvention Scheme (Short Term Crop Loan)","Pradhan Mantri Fasal Bima Yojana (PMFBY), Weather Based Crop Insurance Scheme (WBCIS) - Drought Rider",1,0.9,"Farmer in Andhra Pradesh cultivating Maize with land holding <2 Acres and annual income <200000 INR falls into the 'marginal' farmer segment. Eligible for PM-KISAN direct income support due to small/marginal land holding. Maize is a priority crop under PMFBY in Andhra Pradesh, warranting crop insurance coverage. Low collateral base suggests gold-backed lending as an accessible credit option."
77,"{""state"": ""Andhra Pradesh"", ""crop"": ""Maize"", ""land_acres"": ""2-5 Acres"", ""income_inr"": ""200000-300000""}","PM-KISAN, Soil Health Card Scheme, PM Kisan Maandhan Yojana","Kisan Credit Card (KCC), SBI Agriculture Gold Loan, Interest Subvention Scheme (Short Term Crop Loan)","Pradhan Mantri Fasal Bima Yojana (PMFBY), Weather Based Crop Insurance Scheme (WBCIS) - Drought Rider",2,0.88,"Farmer in Andhra Pradesh cultivating Maize with land holding 2-5 Acres and annual income 200000-300000 INR falls into the 'small' farmer segment. Eligible for PM-KISAN direct income support due to small/marginal land holding. Maize is a priority crop under PMFBY in Andhra Pradesh, warranting crop insurance coverage. Low collateral base suggests gold-backed lending as an accessible credit option."
78,"{""state"": ""Andhra Pradesh"", ""crop"": ""Maize"", ""land_acres"": ""5-10 Acres"", ""income_inr"": ""300000-500000""}","Soil Health Card Scheme, Rashtriya Krishi Vikas Yojana (RKVY), PM Krishi Sinchai Yojana","Kisan Credit Card (KCC), Crop Loan, Farm Mechanization Loan","Pradhan Mantri Fasal Bima Yojana (PMFBY), Weather Based Crop Insurance Scheme (WBCIS) - Drought Rider",3,0.78,"Farmer in Andhra Pradesh cultivating Maize with land holding 5-10 Acres and annual income 300000-500000 INR falls into the 'semi-medium' farmer segment. Maize is a priority crop under PMFBY in Andhra Pradesh, warranting crop insurance coverage."
79,"{""state"": ""Andhra Pradesh"", ""crop"": ""Maize"", ""land_acres"": "">10 Acres"", ""income_inr"": "">500000""}","Soil Health Card Scheme, Rashtriya Krishi Vikas Yojana (RKVY), Agriculture Infrastructure Fund, e-NAM Registration","Kisan Credit Card (KCC), Crop Loan, Warehouse Receipt Financing, Tractor / Farm Equipment Loan, NABARD Refinance - Land Development Loan","Pradhan Mantri Fasal Bima Yojana (PMFBY), Weather Based Crop Insurance Scheme (WBCIS) - Drought Rider",4,0.87,"Farmer in Andhra Pradesh cultivating Maize with land holding >10 Acres and annual income >500000 INR falls into the 'large' farmer segment. Maize is a priority crop under PMFBY in Andhra Pradesh, warranting crop insurance coverage. Larger land holding and higher income support infrastructure and mechanization financing."
80,"{""state"": ""Andhra Pradesh"", ""crop"": ""Maize"", ""land_acres"": ""<5 Acres"", ""income_inr"": ""<300000""}","PM-KISAN, Soil Health Card Scheme, PM Kisan Maandhan Yojana","Kisan Credit Card (KCC), SBI Agriculture Gold Loan, Interest Subvention Scheme (Short Term Crop Loan)","Pradhan Mantri Fasal Bima Yojana (PMFBY), Weather Based Crop Insurance Scheme (WBCIS) - Drought Rider",1,0.9,"Farmer in Andhra Pradesh cultivating Maize with land holding <5 Acres and annual income <300000 INR falls into the 'small-marginal' farmer segment. Eligible for PM-KISAN direct income support due to small/marginal land holding. Maize is a priority crop under PMFBY in Andhra Pradesh, warranting crop insurance coverage. Low collateral base suggests gold-backed lending as an accessible credit option."
81,"{""state"": ""Andhra Pradesh"", ""crop"": ""Groundnut"", ""land_acres"": ""<2 Acres"", ""income_inr"": ""<200000""}","PM-KISAN, Soil Health Card Scheme, PM Kisan Maandhan Yojana, National Food Security Mission (NFSM)","Kisan Credit Card (KCC), SBI Agriculture Gold Loan, Interest Subvention Scheme (Short Term Crop Loan)","Pradhan Mantri Fasal Bima Yojana (PMFBY), Weather Based Crop Insurance Scheme (WBCIS) - Drought Rider",1,0.84,"Farmer in Andhra Pradesh cultivating Groundnut with land holding <2 Acres and annual income <200000 INR falls into the 'marginal' farmer segment. Eligible for PM-KISAN direct income support due to small/marginal land holding. Groundnut is a priority crop under PMFBY in Andhra Pradesh, warranting crop insurance coverage. Low collateral base suggests gold-backed lending as an accessible credit option."
82,"{""state"": ""Andhra Pradesh"", ""crop"": ""Groundnut"", ""land_acres"": ""2-5 Acres"", ""income_inr"": ""200000-300000""}","PM-KISAN, Soil Health Card Scheme, PM Kisan Maandhan Yojana, National Food Security Mission (NFSM)","Kisan Credit Card (KCC), SBI Agriculture Gold Loan, Interest Subvention Scheme (Short Term Crop Loan)","Pradhan Mantri Fasal Bima Yojana (PMFBY), Weather Based Crop Insurance Scheme (WBCIS) - Drought Rider",2,0.84,"Farmer in Andhra Pradesh cultivating Groundnut with land holding 2-5 Acres and annual income 200000-300000 INR falls into the 'small' farmer segment. Eligible for PM-KISAN direct income support due to small/marginal land holding. Groundnut is a priority crop under PMFBY in Andhra Pradesh, warranting crop insurance coverage. Low collateral base suggests gold-backed lending as an accessible credit option."
83,"{""state"": ""Andhra Pradesh"", ""crop"": ""Groundnut"", ""land_acres"": ""5-10 Acres"", ""income_inr"": ""300000-500000""}","Soil Health Card Scheme, Rashtriya Krishi Vikas Yojana (RKVY), PM Krishi Sinchai Yojana, National Food Security Mission (NFSM)","Kisan Credit Card (KCC), Crop Loan, Farm Mechanization Loan","Pradhan Mantri Fasal Bima Yojana (PMFBY), Weather Based Crop Insurance Scheme (WBCIS) - Drought Rider",3,0.76,"Farmer in Andhra Pradesh cultivating Groundnut with land holding 5-10 Acres and annual income 300000-500000 INR falls into the 'semi-medium' farmer segment. Groundnut is a priority crop under PMFBY in Andhra Pradesh, warranting crop insurance coverage."
84,"{""state"": ""Andhra Pradesh"", ""crop"": ""Groundnut"", ""land_acres"": "">10 Acres"", ""income_inr"": "">500000""}","Soil Health Card Scheme, Rashtriya Krishi Vikas Yojana (RKVY), Agriculture Infrastructure Fund, e-NAM Registration, National Food Security Mission (NFSM)","Kisan Credit Card (KCC), Crop Loan, Warehouse Receipt Financing, Tractor / Farm Equipment Loan, NABARD Refinance - Land Development Loan","Pradhan Mantri Fasal Bima Yojana (PMFBY), Weather Based Crop Insurance Scheme (WBCIS) - Drought Rider",4,0.88,"Farmer in Andhra Pradesh cultivating Groundnut with land holding >10 Acres and annual income >500000 INR falls into the 'large' farmer segment. Groundnut is a priority crop under PMFBY in Andhra Pradesh, warranting crop insurance coverage. Larger land holding and higher income support infrastructure and mechanization financing."
85,"{""state"": ""Andhra Pradesh"", ""crop"": ""Groundnut"", ""land_acres"": ""<5 Acres"", ""income_inr"": ""<300000""}","PM-KISAN, Soil Health Card Scheme, PM Kisan Maandhan Yojana, National Food Security Mission (NFSM)","Kisan Credit Card (KCC), SBI Agriculture Gold Loan, Interest Subvention Scheme (Short Term Crop Loan)","Pradhan Mantri Fasal Bima Yojana (PMFBY), Weather Based Crop Insurance Scheme (WBCIS) - Drought Rider",1,0.86,"Farmer in Andhra Pradesh cultivating Groundnut with land holding <5 Acres and annual income <300000 INR falls into the 'small-marginal' farmer segment. Eligible for PM-KISAN direct income support due to small/marginal land holding. Groundnut is a priority crop under PMFBY in Andhra Pradesh, warranting crop insurance coverage. Low collateral base suggests gold-backed lending as an accessible credit option."
86,"{""state"": ""Andhra Pradesh"", ""crop"": ""Pulses"", ""land_acres"": ""<2 Acres"", ""income_inr"": ""<200000""}","PM-KISAN, Soil Health Card Scheme, PM Kisan Maandhan Yojana, National Food Security Mission (NFSM)","Kisan Credit Card (KCC), SBI Agriculture Gold Loan, Interest Subvention Scheme (Short Term Crop Loan)","Pradhan Mantri Fasal Bima Yojana (PMFBY), Weather Based Crop Insurance Scheme (WBCIS) - Drought Rider",1,0.8,"Farmer in Andhra Pradesh cultivating Pulses with land holding <2 Acres and annual income <200000 INR falls into the 'marginal' farmer segment. Eligible for PM-KISAN direct income support due to small/marginal land holding. Pulses is a priority crop under PMFBY in Andhra Pradesh, warranting crop insurance coverage. Low collateral base suggests gold-backed lending as an accessible credit option."
87,"{""state"": ""Andhra Pradesh"", ""crop"": ""Pulses"", ""land_acres"": ""2-5 Acres"", ""income_inr"": ""200000-300000""}","PM-KISAN, Soil Health Card Scheme, PM Kisan Maandhan Yojana, National Food Security Mission (NFSM)","Kisan Credit Card (KCC), SBI Agriculture Gold Loan, Interest Subvention Scheme (Short Term Crop Loan)","Pradhan Mantri Fasal Bima Yojana (PMFBY), Weather Based Crop Insurance Scheme (WBCIS) - Drought Rider",2,0.88,"Farmer in Andhra Pradesh cultivating Pulses with land holding 2-5 Acres and annual income 200000-300000 INR falls into the 'small' farmer segment. Eligible for PM-KISAN direct income support due to small/marginal land holding. Pulses is a priority crop under PMFBY in Andhra Pradesh, warranting crop insurance coverage. Low collateral base suggests gold-backed lending as an accessible credit option."
88,"{""state"": ""Andhra Pradesh"", ""crop"": ""Pulses"", ""land_acres"": ""5-10 Acres"", ""income_inr"": ""300000-500000""}","Soil Health Card Scheme, Rashtriya Krishi Vikas Yojana (RKVY), PM Krishi Sinchai Yojana, National Food Security Mission (NFSM)","Kisan Credit Card (KCC), Crop Loan, Farm Mechanization Loan","Pradhan Mantri Fasal Bima Yojana (PMFBY), Weather Based Crop Insurance Scheme (WBCIS) - Drought Rider",3,0.88,"Farmer in Andhra Pradesh cultivating Pulses with land holding 5-10 Acres and annual income 300000-500000 INR falls into the 'semi-medium' farmer segment. Pulses is a priority crop under PMFBY in Andhra Pradesh, warranting crop insurance coverage."
89,"{""state"": ""Andhra Pradesh"", ""crop"": ""Pulses"", ""land_acres"": "">10 Acres"", ""income_inr"": "">500000""}","Soil Health Card Scheme, Rashtriya Krishi Vikas Yojana (RKVY), Agriculture Infrastructure Fund, e-NAM Registration, National Food Security Mission (NFSM)","Kisan Credit Card (KCC), Crop Loan, Warehouse Receipt Financing, Tractor / Farm Equipment Loan, NABARD Refinance - Land Development Loan","Pradhan Mantri Fasal Bima Yojana (PMFBY), Weather Based Crop Insurance Scheme (WBCIS) - Drought Rider",4,0.81,"Farmer in Andhra Pradesh cultivating Pulses with land holding >10 Acres and annual income >500000 INR falls into the 'large' farmer segment. Pulses is a priority crop under PMFBY in Andhra Pradesh, warranting crop insurance coverage. Larger land holding and higher income support infrastructure and mechanization financing."
90,"{""state"": ""Andhra Pradesh"", ""crop"": ""Pulses"", ""land_acres"": ""<5 Acres"", ""income_inr"": ""<300000""}","PM-KISAN, Soil Health Card Scheme, PM Kisan Maandhan Yojana, National Food Security Mission (NFSM)","Kisan Credit Card (KCC), SBI Agriculture Gold Loan, Interest Subvention Scheme (Short Term Crop Loan)","Pradhan Mantri Fasal Bima Yojana (PMFBY), Weather Based Crop Insurance Scheme (WBCIS) - Drought Rider",1,0.79,"Farmer in Andhra Pradesh cultivating Pulses with land holding <5 Acres and annual income <300000 INR falls into the 'small-marginal' farmer segment. Eligible for PM-KISAN direct income support due to small/marginal land holding. Pulses is a priority crop under PMFBY in Andhra Pradesh, warranting crop insurance coverage. Low collateral base suggests gold-backed lending as an accessible credit option."
91,"{""state"": ""Andhra Pradesh"", ""crop"": ""Vegetables"", ""land_acres"": ""<2 Acres"", ""income_inr"": ""<200000""}","PM-KISAN, Soil Health Card Scheme, PM Kisan Maandhan Yojana, Mission for Integrated Development of Horticulture (MIDH)","Kisan Credit Card (KCC), SBI Agriculture Gold Loan, Interest Subvention Scheme (Short Term Crop Loan)","Unified Package Insurance Scheme (UPIS), Restructured Weather Based Crop Insurance Scheme, Weather Based Crop Insurance Scheme (WBCIS) - Drought Rider",1,0.81,Farmer in Andhra Pradesh cultivating Vegetables with land holding <2 Acres and annual income <200000 INR falls into the 'marginal' farmer segment. Eligible for PM-KISAN direct income support due to small/marginal land holding. Low collateral base suggests gold-backed lending as an accessible credit option.
92,"{""state"": ""Andhra Pradesh"", ""crop"": ""Vegetables"", ""land_acres"": ""2-5 Acres"", ""income_inr"": ""200000-300000""}","PM-KISAN, Soil Health Card Scheme, PM Kisan Maandhan Yojana, Mission for Integrated Development of Horticulture (MIDH)","Kisan Credit Card (KCC), SBI Agriculture Gold Loan, Interest Subvention Scheme (Short Term Crop Loan)","Unified Package Insurance Scheme (UPIS), Restructured Weather Based Crop Insurance Scheme, Weather Based Crop Insurance Scheme (WBCIS) - Drought Rider",2,0.78,Farmer in Andhra Pradesh cultivating Vegetables with land holding 2-5 Acres and annual income 200000-300000 INR falls into the 'small' farmer segment. Eligible for PM-KISAN direct income support due to small/marginal land holding. Low collateral base suggests gold-backed lending as an accessible credit option.
93,"{""state"": ""Andhra Pradesh"", ""crop"": ""Vegetables"", ""land_acres"": ""5-10 Acres"", ""income_inr"": ""300000-500000""}","Soil Health Card Scheme, Rashtriya Krishi Vikas Yojana (RKVY), PM Krishi Sinchai Yojana, Mission for Integrated Development of Horticulture (MIDH)","Kisan Credit Card (KCC), Crop Loan, Farm Mechanization Loan","Unified Package Insurance Scheme (UPIS), Restructured Weather Based Crop Insurance Scheme, Weather Based Crop Insurance Scheme (WBCIS) - Drought Rider",3,0.85,Farmer in Andhra Pradesh cultivating Vegetables with land holding 5-10 Acres and annual income 300000-500000 INR falls into the 'semi-medium' farmer segment.
94,"{""state"": ""Andhra Pradesh"", ""crop"": ""Vegetables"", ""land_acres"": "">10 Acres"", ""income_inr"": "">500000""}","Soil Health Card Scheme, Rashtriya Krishi Vikas Yojana (RKVY), Agriculture Infrastructure Fund, e-NAM Registration, Mission for Integrated Development of Horticulture (MIDH)","Kisan Credit Card (KCC), Crop Loan, Warehouse Receipt Financing, Tractor / Farm Equipment Loan, NABARD Refinance - Land Development Loan","Unified Package Insurance Scheme (UPIS), Restructured Weather Based Crop Insurance Scheme, Weather Based Crop Insurance Scheme (WBCIS) - Drought Rider",4,0.75,Farmer in Andhra Pradesh cultivating Vegetables with land holding >10 Acres and annual income >500000 INR falls into the 'large' farmer segment. Larger land holding and higher income support infrastructure and mechanization financing.
95,"{""state"": ""Andhra Pradesh"", ""crop"": ""Vegetables"", ""land_acres"": ""<5 Acres"", ""income_inr"": ""<300000""}","PM-KISAN, Soil Health Card Scheme, PM Kisan Maandhan Yojana, Mission for Integrated Development of Horticulture (MIDH)","Kisan Credit Card (KCC), SBI Agriculture Gold Loan, Interest Subvention Scheme (Short Term Crop Loan)","Unified Package Insurance Scheme (UPIS), Restructured Weather Based Crop Insurance Scheme, Weather Based Crop Insurance Scheme (WBCIS) - Drought Rider",1,0.77,Farmer in Andhra Pradesh cultivating Vegetables with land holding <5 Acres and annual income <300000 INR falls into the 'small-marginal' farmer segment. Eligible for PM-KISAN direct income support due to small/marginal land holding. Low collateral base suggests gold-backed lending as an accessible credit option.
96,"{""state"": ""Andhra Pradesh"", ""crop"": ""Fruits"", ""land_acres"": ""<2 Acres"", ""income_inr"": ""<200000""}","PM-KISAN, Soil Health Card Scheme, PM Kisan Maandhan Yojana, Mission for Integrated Development of Horticulture (MIDH)","Kisan Credit Card (KCC), SBI Agriculture Gold Loan, Interest Subvention Scheme (Short Term Crop Loan)","Unified Package Insurance Scheme (UPIS), Restructured Weather Based Crop Insurance Scheme, Weather Based Crop Insurance Scheme (WBCIS) - Drought Rider",1,0.95,Farmer in Andhra Pradesh cultivating Fruits with land holding <2 Acres and annual income <200000 INR falls into the 'marginal' farmer segment. Eligible for PM-KISAN direct income support due to small/marginal land holding. Low collateral base suggests gold-backed lending as an accessible credit option.
97,"{""state"": ""Andhra Pradesh"", ""crop"": ""Fruits"", ""land_acres"": ""2-5 Acres"", ""income_inr"": ""200000-300000""}","PM-KISAN, Soil Health Card Scheme, PM Kisan Maandhan Yojana, Mission for Integrated Development of Horticulture (MIDH)","Kisan Credit Card (KCC), SBI Agriculture Gold Loan, Interest Subvention Scheme (Short Term Crop Loan)","Unified Package Insurance Scheme (UPIS), Restructured Weather Based Crop Insurance Scheme, Weather Based Crop Insurance Scheme (WBCIS) - Drought Rider",2,0.84,Farmer in Andhra Pradesh cultivating Fruits with land holding 2-5 Acres and annual income 200000-300000 INR falls into the 'small' farmer segment. Eligible for PM-KISAN direct income support due to small/marginal land holding. Low collateral base suggests gold-backed lending as an accessible credit option.
98,"{""state"": ""Andhra Pradesh"", ""crop"": ""Fruits"", ""land_acres"": ""5-10 Acres"", ""income_inr"": ""300000-500000""}","Soil Health Card Scheme, Rashtriya Krishi Vikas Yojana (RKVY), PM Krishi Sinchai Yojana, Mission for Integrated Development of Horticulture (MIDH)","Kisan Credit Card (KCC), Crop Loan, Farm Mechanization Loan","Unified Package Insurance Scheme (UPIS), Restructured Weather Based Crop Insurance Scheme, Weather Based Crop Insurance Scheme (WBCIS) - Drought Rider",3,0.81,Farmer in Andhra Pradesh cultivating Fruits with land holding 5-10 Acres and annual income 300000-500000 INR falls into the 'semi-medium' farmer segment.
99,"{""state"": ""Andhra Pradesh"", ""crop"": ""Fruits"", ""land_acres"": "">10 Acres"", ""income_inr"": "">500000""}","Soil Health Card Scheme, Rashtriya Krishi Vikas Yojana (RKVY), Agriculture Infrastructure Fund, e-NAM Registration, Mission for Integrated Development of Horticulture (MIDH)","Kisan Credit Card (KCC), Crop Loan, Warehouse Receipt Financing, Tractor / Farm Equipment Loan, NABARD Refinance - Land Development Loan","Unified Package Insurance Scheme (UPIS), Restructured Weather Based Crop Insurance Scheme, Weather Based Crop Insurance Scheme (WBCIS) - Drought Rider",4,0.93,Farmer in Andhra Pradesh cultivating Fruits with land holding >10 Acres and annual income >500000 INR falls into the 'large' farmer segment. Larger land holding and higher income support infrastructure and mechanization financing.
100,"{""state"": ""Andhra Pradesh"", ""crop"": ""Fruits"", ""land_acres"": ""<5 Acres"", ""income_inr"": ""<300000""}","PM-KISAN, Soil Health Card Scheme, PM Kisan Maandhan Yojana, Mission for Integrated Development of Horticulture (MIDH)","Kisan Credit Card (KCC), SBI Agriculture Gold Loan, Interest Subvention Scheme (Short Term Crop Loan)","Unified Package Insurance Scheme (UPIS), Restructured Weather Based Crop Insurance Scheme, Weather Based Crop Insurance Scheme (WBCIS) - Drought Rider",1,0.86,Farmer in Andhra Pradesh cultivating Fruits with land holding <5 Acres and annual income <300000 INR falls into the 'small-marginal' farmer segment. Eligible for PM-KISAN direct income support due to small/marginal land holding. Low collateral base suggests gold-backed lending as an accessible credit option.
101,"{""state"": ""Punjab"", ""crop"": ""Cotton"", ""land_acres"": ""<2 Acres"", ""income_inr"": ""<200000""}","PM-KISAN, Soil Health Card Scheme, PM Kisan Maandhan Yojana, PM Krishi Sinchai Yojana - Per Drop More Crop","Kisan Credit Card (KCC), SBI Agriculture Gold Loan, Interest Subvention Scheme (Short Term Crop Loan)","Pradhan Mantri Fasal Bima Yojana (PMFBY), Weather Based Crop Insurance Scheme (WBCIS)",1,0.85,"Farmer in Punjab cultivating Cotton with land holding <2 Acres and annual income <200000 INR falls into the 'marginal' farmer segment. Eligible for PM-KISAN direct income support due to small/marginal land holding. Cotton is a priority crop under PMFBY in Punjab, warranting crop insurance coverage. Low collateral base suggests gold-backed lending as an accessible credit option."
102,"{""state"": ""Punjab"", ""crop"": ""Cotton"", ""land_acres"": ""2-5 Acres"", ""income_inr"": ""200000-300000""}","PM-KISAN, Soil Health Card Scheme, PM Kisan Maandhan Yojana, PM Krishi Sinchai Yojana - Per Drop More Crop","Kisan Credit Card (KCC), SBI Agriculture Gold Loan, Interest Subvention Scheme (Short Term Crop Loan)","Pradhan Mantri Fasal Bima Yojana (PMFBY), Weather Based Crop Insurance Scheme (WBCIS)",2,0.91,"Farmer in Punjab cultivating Cotton with land holding 2-5 Acres and annual income 200000-300000 INR falls into the 'small' farmer segment. Eligible for PM-KISAN direct income support due to small/marginal land holding. Cotton is a priority crop under PMFBY in Punjab, warranting crop insurance coverage. Low collateral base suggests gold-backed lending as an accessible credit option."
103,"{""state"": ""Punjab"", ""crop"": ""Cotton"", ""land_acres"": ""5-10 Acres"", ""income_inr"": ""300000-500000""}","Soil Health Card Scheme, Rashtriya Krishi Vikas Yojana (RKVY), PM Krishi Sinchai Yojana, PM Krishi Sinchai Yojana - Per Drop More Crop","Kisan Credit Card (KCC), Crop Loan, Farm Mechanization Loan","Pradhan Mantri Fasal Bima Yojana (PMFBY), Weather Based Crop Insurance Scheme (WBCIS)",3,0.92,"Farmer in Punjab cultivating Cotton with land holding 5-10 Acres and annual income 300000-500000 INR falls into the 'semi-medium' farmer segment. Cotton is a priority crop under PMFBY in Punjab, warranting crop insurance coverage."
104,"{""state"": ""Punjab"", ""crop"": ""Cotton"", ""land_acres"": "">10 Acres"", ""income_inr"": "">500000""}","Soil Health Card Scheme, Rashtriya Krishi Vikas Yojana (RKVY), Agriculture Infrastructure Fund, e-NAM Registration, PM Krishi Sinchai Yojana - Per Drop More Crop","Kisan Credit Card (KCC), Crop Loan, Warehouse Receipt Financing, Tractor / Farm Equipment Loan, NABARD Refinance - Land Development Loan","Pradhan Mantri Fasal Bima Yojana (PMFBY), Weather Based Crop Insurance Scheme (WBCIS)",4,0.88,"Farmer in Punjab cultivating Cotton with land holding >10 Acres and annual income >500000 INR falls into the 'large' farmer segment. Cotton is a priority crop under PMFBY in Punjab, warranting crop insurance coverage. Larger land holding and higher income support infrastructure and mechanization financing."
105,"{""state"": ""Punjab"", ""crop"": ""Cotton"", ""land_acres"": ""<5 Acres"", ""income_inr"": ""<300000""}","PM-KISAN, Soil Health Card Scheme, PM Kisan Maandhan Yojana, PM Krishi Sinchai Yojana - Per Drop More Crop","Kisan Credit Card (KCC), SBI Agriculture Gold Loan, Interest Subvention Scheme (Short Term Crop Loan)","Pradhan Mantri Fasal Bima Yojana (PMFBY), Weather Based Crop Insurance Scheme (WBCIS)",1,0.95,"Farmer in Punjab cultivating Cotton with land holding <5 Acres and annual income <300000 INR falls into the 'small-marginal' farmer segment. Eligible for PM-KISAN direct income support due to small/marginal land holding. Cotton is a priority crop under PMFBY in Punjab, warranting crop insurance coverage. Low collateral base suggests gold-backed lending as an accessible credit option."
106,"{""state"": ""Punjab"", ""crop"": ""Rice"", ""land_acres"": ""<2 Acres"", ""income_inr"": ""<200000""}","PM-KISAN, Soil Health Card Scheme, PM Kisan Maandhan Yojana, PM Krishi Sinchai Yojana - Per Drop More Crop","Kisan Credit Card (KCC), SBI Agriculture Gold Loan, Interest Subvention Scheme (Short Term Crop Loan)",Pradhan Mantri Fasal Bima Yojana (PMFBY),1,0.84,"Farmer in Punjab cultivating Rice with land holding <2 Acres and annual income <200000 INR falls into the 'marginal' farmer segment. Eligible for PM-KISAN direct income support due to small/marginal land holding. Rice is a priority crop under PMFBY in Punjab, warranting crop insurance coverage. Low collateral base suggests gold-backed lending as an accessible credit option."
107,"{""state"": ""Punjab"", ""crop"": ""Rice"", ""land_acres"": ""2-5 Acres"", ""income_inr"": ""200000-300000""}","PM-KISAN, Soil Health Card Scheme, PM Kisan Maandhan Yojana, PM Krishi Sinchai Yojana - Per Drop More Crop","Kisan Credit Card (KCC), SBI Agriculture Gold Loan, Interest Subvention Scheme (Short Term Crop Loan)",Pradhan Mantri Fasal Bima Yojana (PMFBY),2,0.83,"Farmer in Punjab cultivating Rice with land holding 2-5 Acres and annual income 200000-300000 INR falls into the 'small' farmer segment. Eligible for PM-KISAN direct income support due to small/marginal land holding. Rice is a priority crop under PMFBY in Punjab, warranting crop insurance coverage. Low collateral base suggests gold-backed lending as an accessible credit option."
108,"{""state"": ""Punjab"", ""crop"": ""Rice"", ""land_acres"": ""5-10 Acres"", ""income_inr"": ""300000-500000""}","Soil Health Card Scheme, Rashtriya Krishi Vikas Yojana (RKVY), PM Krishi Sinchai Yojana, PM Krishi Sinchai Yojana - Per Drop More Crop","Kisan Credit Card (KCC), Crop Loan, Farm Mechanization Loan",Pradhan Mantri Fasal Bima Yojana (PMFBY),3,0.86,"Farmer in Punjab cultivating Rice with land holding 5-10 Acres and annual income 300000-500000 INR falls into the 'semi-medium' farmer segment. Rice is a priority crop under PMFBY in Punjab, warranting crop insurance coverage."
109,"{""state"": ""Punjab"", ""crop"": ""Rice"", ""land_acres"": "">10 Acres"", ""income_inr"": "">500000""}","Soil Health Card Scheme, Rashtriya Krishi Vikas Yojana (RKVY), Agriculture Infrastructure Fund, e-NAM Registration, PM Krishi Sinchai Yojana - Per Drop More Crop","Kisan Credit Card (KCC), Crop Loan, Warehouse Receipt Financing, Tractor / Farm Equipment Loan, NABARD Refinance - Land Development Loan",Pradhan Mantri Fasal Bima Yojana (PMFBY),4,0.85,"Farmer in Punjab cultivating Rice with land holding >10 Acres and annual income >500000 INR falls into the 'large' farmer segment. Rice is a priority crop under PMFBY in Punjab, warranting crop insurance coverage. Larger land holding and higher income support infrastructure and mechanization financing."
110,"{""state"": ""Punjab"", ""crop"": ""Rice"", ""land_acres"": ""<5 Acres"", ""income_inr"": ""<300000""}","PM-KISAN, Soil Health Card Scheme, PM Kisan Maandhan Yojana, PM Krishi Sinchai Yojana - Per Drop More Crop","Kisan Credit Card (KCC), SBI Agriculture Gold Loan, Interest Subvention Scheme (Short Term Crop Loan)",Pradhan Mantri Fasal Bima Yojana (PMFBY),1,0.86,"Farmer in Punjab cultivating Rice with land holding <5 Acres and annual income <300000 INR falls into the 'small-marginal' farmer segment. Eligible for PM-KISAN direct income support due to small/marginal land holding. Rice is a priority crop under PMFBY in Punjab, warranting crop insurance coverage. Low collateral base suggests gold-backed lending as an accessible credit option."
111,"{""state"": ""Punjab"", ""crop"": ""Wheat"", ""land_acres"": ""<2 Acres"", ""income_inr"": ""<200000""}","PM-KISAN, Soil Health Card Scheme, PM Kisan Maandhan Yojana","Kisan Credit Card (KCC), SBI Agriculture Gold Loan, Interest Subvention Scheme (Short Term Crop Loan)",Pradhan Mantri Fasal Bima Yojana (PMFBY),1,0.86,"Farmer in Punjab cultivating Wheat with land holding <2 Acres and annual income <200000 INR falls into the 'marginal' farmer segment. Eligible for PM-KISAN direct income support due to small/marginal land holding. Wheat is a priority crop under PMFBY in Punjab, warranting crop insurance coverage. Low collateral base suggests gold-backed lending as an accessible credit option."
112,"{""state"": ""Punjab"", ""crop"": ""Wheat"", ""land_acres"": ""2-5 Acres"", ""income_inr"": ""200000-300000""}","PM-KISAN, Soil Health Card Scheme, PM Kisan Maandhan Yojana","Kisan Credit Card (KCC), SBI Agriculture Gold Loan, Interest Subvention Scheme (Short Term Crop Loan)",Pradhan Mantri Fasal Bima Yojana (PMFBY),2,0.87,"Farmer in Punjab cultivating Wheat with land holding 2-5 Acres and annual income 200000-300000 INR falls into the 'small' farmer segment. Eligible for PM-KISAN direct income support due to small/marginal land holding. Wheat is a priority crop under PMFBY in Punjab, warranting crop insurance coverage. Low collateral base suggests gold-backed lending as an accessible credit option."
113,"{""state"": ""Punjab"", ""crop"": ""Wheat"", ""land_acres"": ""5-10 Acres"", ""income_inr"": ""300000-500000""}","Soil Health Card Scheme, Rashtriya Krishi Vikas Yojana (RKVY), PM Krishi Sinchai Yojana","Kisan Credit Card (KCC), Crop Loan, Farm Mechanization Loan",Pradhan Mantri Fasal Bima Yojana (PMFBY),3,0.84,"Farmer in Punjab cultivating Wheat with land holding 5-10 Acres and annual income 300000-500000 INR falls into the 'semi-medium' farmer segment. Wheat is a priority crop under PMFBY in Punjab, warranting crop insurance coverage."
114,"{""state"": ""Punjab"", ""crop"": ""Wheat"", ""land_acres"": "">10 Acres"", ""income_inr"": "">500000""}","Soil Health Card Scheme, Rashtriya Krishi Vikas Yojana (RKVY), Agriculture Infrastructure Fund, e-NAM Registration","Kisan Credit Card (KCC), Crop Loan, Warehouse Receipt Financing, Tractor / Farm Equipment Loan, NABARD Refinance - Land Development Loan",Pradhan Mantri Fasal Bima Yojana (PMFBY),4,0.8,"Farmer in Punjab cultivating Wheat with land holding >10 Acres and annual income >500000 INR falls into the 'large' farmer segment. Wheat is a priority crop under PMFBY in Punjab, warranting crop insurance coverage. Larger land holding and higher income support infrastructure and mechanization financing."
115,"{""state"": ""Punjab"", ""crop"": ""Wheat"", ""land_acres"": ""<5 Acres"", ""income_inr"": ""<300000""}","PM-KISAN, Soil Health Card Scheme, PM Kisan Maandhan Yojana","Kisan Credit Card (KCC), SBI Agriculture Gold Loan, Interest Subvention Scheme (Short Term Crop Loan)",Pradhan Mantri Fasal Bima Yojana (PMFBY),1,0.94,"Farmer in Punjab cultivating Wheat with land holding <5 Acres and annual income <300000 INR falls into the 'small-marginal' farmer segment. Eligible for PM-KISAN direct income support due to small/marginal land holding. Wheat is a priority crop under PMFBY in Punjab, warranting crop insurance coverage. Low collateral base suggests gold-backed lending as an accessible credit option."
116,"{""state"": ""Punjab"", ""crop"": ""Sugarcane"", ""land_acres"": ""<2 Acres"", ""income_inr"": ""<200000""}","PM-KISAN, Soil Health Card Scheme, PM Kisan Maandhan Yojana, PM Krishi Sinchai Yojana - Per Drop More Crop","Kisan Credit Card (KCC), SBI Agriculture Gold Loan, Interest Subvention Scheme (Short Term Crop Loan)","Pradhan Mantri Fasal Bima Yojana (PMFBY), Weather Based Crop Insurance Scheme (WBCIS)",1,0.95,"Farmer in Punjab cultivating Sugarcane with land holding <2 Acres and annual income <200000 INR falls into the 'marginal' farmer segment. Eligible for PM-KISAN direct income support due to small/marginal land holding. Sugarcane is a priority crop under PMFBY in Punjab, warranting crop insurance coverage. Low collateral base suggests gold-backed lending as an accessible credit option."
117,"{""state"": ""Punjab"", ""crop"": ""Sugarcane"", ""land_acres"": ""2-5 Acres"", ""income_inr"": ""200000-300000""}","PM-KISAN, Soil Health Card Scheme, PM Kisan Maandhan Yojana, PM Krishi Sinchai Yojana - Per Drop More Crop","Kisan Credit Card (KCC), SBI Agriculture Gold Loan, Interest Subvention Scheme (Short Term Crop Loan)","Pradhan Mantri Fasal Bima Yojana (PMFBY), Weather Based Crop Insurance Scheme (WBCIS)",2,0.92,"Farmer in Punjab cultivating Sugarcane with land holding 2-5 Acres and annual income 200000-300000 INR falls into the 'small' farmer segment. Eligible for PM-KISAN direct income support due to small/marginal land holding. Sugarcane is a priority crop under PMFBY in Punjab, warranting crop insurance coverage. Low collateral base suggests gold-backed lending as an accessible credit option."
118,"{""state"": ""Punjab"", ""crop"": ""Sugarcane"", ""land_acres"": ""5-10 Acres"", ""income_inr"": ""300000-500000""}","Soil Health Card Scheme, Rashtriya Krishi Vikas Yojana (RKVY), PM Krishi Sinchai Yojana, PM Krishi Sinchai Yojana - Per Drop More Crop","Kisan Credit Card (KCC), Crop Loan, Farm Mechanization Loan","Pradhan Mantri Fasal Bima Yojana (PMFBY), Weather Based Crop Insurance Scheme (WBCIS)",3,0.82,"Farmer in Punjab cultivating Sugarcane with land holding 5-10 Acres and annual income 300000-500000 INR falls into the 'semi-medium' farmer segment. Sugarcane is a priority crop under PMFBY in Punjab, warranting crop insurance coverage."
119,"{""state"": ""Punjab"", ""crop"": ""Sugarcane"", ""land_acres"": "">10 Acres"", ""income_inr"": "">500000""}","Soil Health Card Scheme, Rashtriya Krishi Vikas Yojana (RKVY), Agriculture Infrastructure Fund, e-NAM Registration, PM Krishi Sinchai Yojana - Per Drop More Crop","Kisan Credit Card (KCC), Crop Loan, Warehouse Receipt Financing, Tractor / Farm Equipment Loan, NABARD Refinance - Land Development Loan","Pradhan Mantri Fasal Bima Yojana (PMFBY), Weather Based Crop Insurance Scheme (WBCIS)",4,0.79,"Farmer in Punjab cultivating Sugarcane with land holding >10 Acres and annual income >500000 INR falls into the 'large' farmer segment. Sugarcane is a priority crop under PMFBY in Punjab, warranting crop insurance coverage. Larger land holding and higher income support infrastructure and mechanization financing."
120,"{""state"": ""Punjab"", ""crop"": ""Sugarcane"", ""land_acres"": ""<5 Acres"", ""income_inr"": ""<300000""}","PM-KISAN, Soil Health Card Scheme, PM Kisan Maandhan Yojana, PM Krishi Sinchai Yojana - Per Drop More Crop","Kisan Credit Card (KCC), SBI Agriculture Gold Loan, Interest Subvention Scheme (Short Term Crop Loan)","Pradhan Mantri Fasal Bima Yojana (PMFBY), Weather Based Crop Insurance Scheme (WBCIS)",1,0.79,"Farmer in Punjab cultivating Sugarcane with land holding <5 Acres and annual income <300000 INR falls into the 'small-marginal' farmer segment. Eligible for PM-KISAN direct income support due to small/marginal land holding. Sugarcane is a priority crop under PMFBY in Punjab, warranting crop insurance coverage. Low collateral base suggests gold-backed lending as an accessible credit option."
121,"{""state"": ""Punjab"", ""crop"": ""Soybean"", ""land_acres"": ""<2 Acres"", ""income_inr"": ""<200000""}","PM-KISAN, Soil Health Card Scheme, PM Kisan Maandhan Yojana, National Food Security Mission (NFSM)","Kisan Credit Card (KCC), SBI Agriculture Gold Loan, Interest Subvention Scheme (Short Term Crop Loan)",Pradhan Mantri Fasal Bima Yojana (PMFBY),1,0.85,"Farmer in Punjab cultivating Soybean with land holding <2 Acres and annual income <200000 INR falls into the 'marginal' farmer segment. Eligible for PM-KISAN direct income support due to small/marginal land holding. Soybean is a priority crop under PMFBY in Punjab, warranting crop insurance coverage. Low collateral base suggests gold-backed lending as an accessible credit option."
122,"{""state"": ""Punjab"", ""crop"": ""Soybean"", ""land_acres"": ""2-5 Acres"", ""income_inr"": ""200000-300000""}","PM-KISAN, Soil Health Card Scheme, PM Kisan Maandhan Yojana, National Food Security Mission (NFSM)","Kisan Credit Card (KCC), SBI Agriculture Gold Loan, Interest Subvention Scheme (Short Term Crop Loan)",Pradhan Mantri Fasal Bima Yojana (PMFBY),2,0.88,"Farmer in Punjab cultivating Soybean with land holding 2-5 Acres and annual income 200000-300000 INR falls into the 'small' farmer segment. Eligible for PM-KISAN direct income support due to small/marginal land holding. Soybean is a priority crop under PMFBY in Punjab, warranting crop insurance coverage. Low collateral base suggests gold-backed lending as an accessible credit option."
123,"{""state"": ""Punjab"", ""crop"": ""Soybean"", ""land_acres"": ""5-10 Acres"", ""income_inr"": ""300000-500000""}","Soil Health Card Scheme, Rashtriya Krishi Vikas Yojana (RKVY), PM Krishi Sinchai Yojana, National Food Security Mission (NFSM)","Kisan Credit Card (KCC), Crop Loan, Farm Mechanization Loan",Pradhan Mantri Fasal Bima Yojana (PMFBY),3,0.78,"Farmer in Punjab cultivating Soybean with land holding 5-10 Acres and annual income 300000-500000 INR falls into the 'semi-medium' farmer segment. Soybean is a priority crop under PMFBY in Punjab, warranting crop insurance coverage."
124,"{""state"": ""Punjab"", ""crop"": ""Soybean"", ""land_acres"": "">10 Acres"", ""income_inr"": "">500000""}","Soil Health Card Scheme, Rashtriya Krishi Vikas Yojana (RKVY), Agriculture Infrastructure Fund, e-NAM Registration, National Food Security Mission (NFSM)","Kisan Credit Card (KCC), Crop Loan, Warehouse Receipt Financing, Tractor / Farm Equipment Loan, NABARD Refinance - Land Development Loan",Pradhan Mantri Fasal Bima Yojana (PMFBY),4,0.94,"Farmer in Punjab cultivating Soybean with land holding >10 Acres and annual income >500000 INR falls into the 'large' farmer segment. Soybean is a priority crop under PMFBY in Punjab, warranting crop insurance coverage. Larger land holding and higher income support infrastructure and mechanization financing."
125,"{""state"": ""Punjab"", ""crop"": ""Soybean"", ""land_acres"": ""<5 Acres"", ""income_inr"": ""<300000""}","PM-KISAN, Soil Health Card Scheme, PM Kisan Maandhan Yojana, National Food Security Mission (NFSM)","Kisan Credit Card (KCC), SBI Agriculture Gold Loan, Interest Subvention Scheme (Short Term Crop Loan)",Pradhan Mantri Fasal Bima Yojana (PMFBY),1,0.81,"Farmer in Punjab cultivating Soybean with land holding <5 Acres and annual income <300000 INR falls into the 'small-marginal' farmer segment. Eligible for PM-KISAN direct income support due to small/marginal land holding. Soybean is a priority crop under PMFBY in Punjab, warranting crop insurance coverage. Low collateral base suggests gold-backed lending as an accessible credit option."
126,"{""state"": ""Punjab"", ""crop"": ""Maize"", ""land_acres"": ""<2 Acres"", ""income_inr"": ""<200000""}","PM-KISAN, Soil Health Card Scheme, PM Kisan Maandhan Yojana","Kisan Credit Card (KCC), SBI Agriculture Gold Loan, Interest Subvention Scheme (Short Term Crop Loan)",Pradhan Mantri Fasal Bima Yojana (PMFBY),1,0.83,"Farmer in Punjab cultivating Maize with land holding <2 Acres and annual income <200000 INR falls into the 'marginal' farmer segment. Eligible for PM-KISAN direct income support due to small/marginal land holding. Maize is a priority crop under PMFBY in Punjab, warranting crop insurance coverage. Low collateral base suggests gold-backed lending as an accessible credit option."
127,"{""state"": ""Punjab"", ""crop"": ""Maize"", ""land_acres"": ""2-5 Acres"", ""income_inr"": ""200000-300000""}","PM-KISAN, Soil Health Card Scheme, PM Kisan Maandhan Yojana","Kisan Credit Card (KCC), SBI Agriculture Gold Loan, Interest Subvention Scheme (Short Term Crop Loan)",Pradhan Mantri Fasal Bima Yojana (PMFBY),2,0.9,"Farmer in Punjab cultivating Maize with land holding 2-5 Acres and annual income 200000-300000 INR falls into the 'small' farmer segment. Eligible for PM-KISAN direct income support due to small/marginal land holding. Maize is a priority crop under PMFBY in Punjab, warranting crop insurance coverage. Low collateral base suggests gold-backed lending as an accessible credit option."
128,"{""state"": ""Punjab"", ""crop"": ""Maize"", ""land_acres"": ""5-10 Acres"", ""income_inr"": ""300000-500000""}","Soil Health Card Scheme, Rashtriya Krishi Vikas Yojana (RKVY), PM Krishi Sinchai Yojana","Kisan Credit Card (KCC), Crop Loan, Farm Mechanization Loan",Pradhan Mantri Fasal Bima Yojana (PMFBY),3,0.83,"Farmer in Punjab cultivating Maize with land holding 5-10 Acres and annual income 300000-500000 INR falls into the 'semi-medium' farmer segment. Maize is a priority crop under PMFBY in Punjab, warranting crop insurance coverage."
129,"{""state"": ""Punjab"", ""crop"": ""Maize"", ""land_acres"": "">10 Acres"", ""income_inr"": "">500000""}","Soil Health Card Scheme, Rashtriya Krishi Vikas Yojana (RKVY), Agriculture Infrastructure Fund, e-NAM Registration","Kisan Credit Card (KCC), Crop Loan, Warehouse Receipt Financing, Tractor / Farm Equipment Loan, NABARD Refinance - Land Development Loan",Pradhan Mantri Fasal Bima Yojana (PMFBY),4,0.89,"Farmer in Punjab cultivating Maize with land holding >10 Acres and annual income >500000 INR falls into the 'large' farmer segment. Maize is a priority crop under PMFBY in Punjab, warranting crop insurance coverage. Larger land holding and higher income support infrastructure and mechanization financing."
130,"{""state"": ""Punjab"", ""crop"": ""Maize"", ""land_acres"": ""<5 Acres"", ""income_inr"": ""<300000""}","PM-KISAN, Soil Health Card Scheme, PM Kisan Maandhan Yojana","Kisan Credit Card (KCC), SBI Agriculture Gold Loan, Interest Subvention Scheme (Short Term Crop Loan)",Pradhan Mantri Fasal Bima Yojana (PMFBY),1,0.89,"Farmer in Punjab cultivating Maize with land holding <5 Acres and annual income <300000 INR falls into the 'small-marginal' farmer segment. Eligible for PM-KISAN direct income support due to small/marginal land holding. Maize is a priority crop under PMFBY in Punjab, warranting crop insurance coverage. Low collateral base suggests gold-backed lending as an accessible credit option."
131,"{""state"": ""Punjab"", ""crop"": ""Groundnut"", ""land_acres"": ""<2 Acres"", ""income_inr"": ""<200000""}","PM-KISAN, Soil Health Card Scheme, PM Kisan Maandhan Yojana, National Food Security Mission (NFSM)","Kisan Credit Card (KCC), SBI Agriculture Gold Loan, Interest Subvention Scheme (Short Term Crop Loan)",Pradhan Mantri Fasal Bima Yojana (PMFBY),1,0.85,"Farmer in Punjab cultivating Groundnut with land holding <2 Acres and annual income <200000 INR falls into the 'marginal' farmer segment. Eligible for PM-KISAN direct income support due to small/marginal land holding. Groundnut is a priority crop under PMFBY in Punjab, warranting crop insurance coverage. Low collateral base suggests gold-backed lending as an accessible credit option."
132,"{""state"": ""Punjab"", ""crop"": ""Groundnut"", ""land_acres"": ""2-5 Acres"", ""income_inr"": ""200000-300000""}","PM-KISAN, Soil Health Card Scheme, PM Kisan Maandhan Yojana, National Food Security Mission (NFSM)","Kisan Credit Card (KCC), SBI Agriculture Gold Loan, Interest Subvention Scheme (Short Term Crop Loan)",Pradhan Mantri Fasal Bima Yojana (PMFBY),2,0.84,"Farmer in Punjab cultivating Groundnut with land holding 2-5 Acres and annual income 200000-300000 INR falls into the 'small' farmer segment. Eligible for PM-KISAN direct income support due to small/marginal land holding. Groundnut is a priority crop under PMFBY in Punjab, warranting crop insurance coverage. Low collateral base suggests gold-backed lending as an accessible credit option."
133,"{""state"": ""Punjab"", ""crop"": ""Groundnut"", ""land_acres"": ""5-10 Acres"", ""income_inr"": ""300000-500000""}","Soil Health Card Scheme, Rashtriya Krishi Vikas Yojana (RKVY), PM Krishi Sinchai Yojana, National Food Security Mission (NFSM)","Kisan Credit Card (KCC), Crop Loan, Farm Mechanization Loan",Pradhan Mantri Fasal Bima Yojana (PMFBY),3,0.85,"Farmer in Punjab cultivating Groundnut with land holding 5-10 Acres and annual income 300000-500000 INR falls into the 'semi-medium' farmer segment. Groundnut is a priority crop under PMFBY in Punjab, warranting crop insurance coverage."
134,"{""state"": ""Punjab"", ""crop"": ""Groundnut"", ""land_acres"": "">10 Acres"", ""income_inr"": "">500000""}","Soil Health Card Scheme, Rashtriya Krishi Vikas Yojana (RKVY), Agriculture Infrastructure Fund, e-NAM Registration, National Food Security Mission (NFSM)","Kisan Credit Card (KCC), Crop Loan, Warehouse Receipt Financing, Tractor / Farm Equipment Loan, NABARD Refinance - Land Development Loan",Pradhan Mantri Fasal Bima Yojana (PMFBY),4,0.94,"Farmer in Punjab cultivating Groundnut with land holding >10 Acres and annual income >500000 INR falls into the 'large' farmer segment. Groundnut is a priority crop under PMFBY in Punjab, warranting crop insurance coverage. Larger land holding and higher income support infrastructure and mechanization financing."
135,"{""state"": ""Punjab"", ""crop"": ""Groundnut"", ""land_acres"": ""<5 Acres"", ""income_inr"": ""<300000""}","PM-KISAN, Soil Health Card Scheme, PM Kisan Maandhan Yojana, National Food Security Mission (NFSM)","Kisan Credit Card (KCC), SBI Agriculture Gold Loan, Interest Subvention Scheme (Short Term Crop Loan)",Pradhan Mantri Fasal Bima Yojana (PMFBY),1,0.81,"Farmer in Punjab cultivating Groundnut with land holding <5 Acres and annual income <300000 INR falls into the 'small-marginal' farmer segment. Eligible for PM-KISAN direct income support due to small/marginal land holding. Groundnut is a priority crop under PMFBY in Punjab, warranting crop insurance coverage. Low collateral base suggests gold-backed lending as an accessible credit option."
136,"{""state"": ""Punjab"", ""crop"": ""Pulses"", ""land_acres"": ""<2 Acres"", ""income_inr"": ""<200000""}","PM-KISAN, Soil Health Card Scheme, PM Kisan Maandhan Yojana, National Food Security Mission (NFSM)","Kisan Credit Card (KCC), SBI Agriculture Gold Loan, Interest Subvention Scheme (Short Term Crop Loan)",Pradhan Mantri Fasal Bima Yojana (PMFBY),1,0.95,"Farmer in Punjab cultivating Pulses with land holding <2 Acres and annual income <200000 INR falls into the 'marginal' farmer segment. Eligible for PM-KISAN direct income support due to small/marginal land holding. Pulses is a priority crop under PMFBY in Punjab, warranting crop insurance coverage. Low collateral base suggests gold-backed lending as an accessible credit option."
137,"{""state"": ""Punjab"", ""crop"": ""Pulses"", ""land_acres"": ""2-5 Acres"", ""income_inr"": ""200000-300000""}","PM-KISAN, Soil Health Card Scheme, PM Kisan Maandhan Yojana, National Food Security Mission (NFSM)","Kisan Credit Card (KCC), SBI Agriculture Gold Loan, Interest Subvention Scheme (Short Term Crop Loan)",Pradhan Mantri Fasal Bima Yojana (PMFBY),2,0.83,"Farmer in Punjab cultivating Pulses with land holding 2-5 Acres and annual income 200000-300000 INR falls into the 'small' farmer segment. Eligible for PM-KISAN direct income support due to small/marginal land holding. Pulses is a priority crop under PMFBY in Punjab, warranting crop insurance coverage. Low collateral base suggests gold-backed lending as an accessible credit option."
138,"{""state"": ""Punjab"", ""crop"": ""Pulses"", ""land_acres"": ""5-10 Acres"", ""income_inr"": ""300000-500000""}","Soil Health Card Scheme, Rashtriya Krishi Vikas Yojana (RKVY), PM Krishi Sinchai Yojana, National Food Security Mission (NFSM)","Kisan Credit Card (KCC), Crop Loan, Farm Mechanization Loan",Pradhan Mantri Fasal Bima Yojana (PMFBY),3,0.81,"Farmer in Punjab cultivating Pulses with land holding 5-10 Acres and annual income 300000-500000 INR falls into the 'semi-medium' farmer segment. Pulses is a priority crop under PMFBY in Punjab, warranting crop insurance coverage."
139,"{""state"": ""Punjab"", ""crop"": ""Pulses"", ""land_acres"": "">10 Acres"", ""income_inr"": "">500000""}","Soil Health Card Scheme, Rashtriya Krishi Vikas Yojana (RKVY), Agriculture Infrastructure Fund, e-NAM Registration, National Food Security Mission (NFSM)","Kisan Credit Card (KCC), Crop Loan, Warehouse Receipt Financing, Tractor / Farm Equipment Loan, NABARD Refinance - Land Development Loan",Pradhan Mantri Fasal Bima Yojana (PMFBY),4,0.83,"Farmer in Punjab cultivating Pulses with land holding >10 Acres and annual income >500000 INR falls into the 'large' farmer segment. Pulses is a priority crop under PMFBY in Punjab, warranting crop insurance coverage. Larger land holding and higher income support infrastructure and mechanization financing."
140,"{""state"": ""Punjab"", ""crop"": ""Pulses"", ""land_acres"": ""<5 Acres"", ""income_inr"": ""<300000""}","PM-KISAN, Soil Health Card Scheme, PM Kisan Maandhan Yojana, National Food Security Mission (NFSM)","Kisan Credit Card (KCC), SBI Agriculture Gold Loan, Interest Subvention Scheme (Short Term Crop Loan)",Pradhan Mantri Fasal Bima Yojana (PMFBY),1,0.85,"Farmer in Punjab cultivating Pulses with land holding <5 Acres and annual income <300000 INR falls into the 'small-marginal' farmer segment. Eligible for PM-KISAN direct income support due to small/marginal land holding. Pulses is a priority crop under PMFBY in Punjab, warranting crop insurance coverage. Low collateral base suggests gold-backed lending as an accessible credit option."
141,"{""state"": ""Punjab"", ""crop"": ""Vegetables"", ""land_acres"": ""<2 Acres"", ""income_inr"": ""<200000""}","PM-KISAN, Soil Health Card Scheme, PM Kisan Maandhan Yojana, Mission for Integrated Development of Horticulture (MIDH)","Kisan Credit Card (KCC), SBI Agriculture Gold Loan, Interest Subvention Scheme (Short Term Crop Loan)","Unified Package Insurance Scheme (UPIS), Restructured Weather Based Crop Insurance Scheme",1,0.84,Farmer in Punjab cultivating Vegetables with land holding <2 Acres and annual income <200000 INR falls into the 'marginal' farmer segment. Eligible for PM-KISAN direct income support due to small/marginal land holding. Low collateral base suggests gold-backed lending as an accessible credit option.
142,"{""state"": ""Punjab"", ""crop"": ""Vegetables"", ""land_acres"": ""2-5 Acres"", ""income_inr"": ""200000-300000""}","PM-KISAN, Soil Health Card Scheme, PM Kisan Maandhan Yojana, Mission for Integrated Development of Horticulture (MIDH)","Kisan Credit Card (KCC), SBI Agriculture Gold Loan, Interest Subvention Scheme (Short Term Crop Loan)","Unified Package Insurance Scheme (UPIS), Restructured Weather Based Crop Insurance Scheme",2,0.82,Farmer in Punjab cultivating Vegetables with land holding 2-5 Acres and annual income 200000-300000 INR falls into the 'small' farmer segment. Eligible for PM-KISAN direct income support due to small/marginal land holding. Low collateral base suggests gold-backed lending as an accessible credit option.
143,"{""state"": ""Punjab"", ""crop"": ""Vegetables"", ""land_acres"": ""5-10 Acres"", ""income_inr"": ""300000-500000""}","Soil Health Card Scheme, Rashtriya Krishi Vikas Yojana (RKVY), PM Krishi Sinchai Yojana, Mission for Integrated Development of Horticulture (MIDH)","Kisan Credit Card (KCC), Crop Loan, Farm Mechanization Loan","Unified Package Insurance Scheme (UPIS), Restructured Weather Based Crop Insurance Scheme",3,0.93,Farmer in Punjab cultivating Vegetables with land holding 5-10 Acres and annual income 300000-500000 INR falls into the 'semi-medium' farmer segment.
144,"{""state"": ""Punjab"", ""crop"": ""Vegetables"", ""land_acres"": "">10 Acres"", ""income_inr"": "">500000""}","Soil Health Card Scheme, Rashtriya Krishi Vikas Yojana (RKVY), Agriculture Infrastructure Fund, e-NAM Registration, Mission for Integrated Development of Horticulture (MIDH)","Kisan Credit Card (KCC), Crop Loan, Warehouse Receipt Financing, Tractor / Farm Equipment Loan, NABARD Refinance - Land Development Loan","Unified Package Insurance Scheme (UPIS), Restructured Weather Based Crop Insurance Scheme",4,0.85,Farmer in Punjab cultivating Vegetables with land holding >10 Acres and annual income >500000 INR falls into the 'large' farmer segment. Larger land holding and higher income support infrastructure and mechanization financing.
145,"{""state"": ""Punjab"", ""crop"": ""Vegetables"", ""land_acres"": ""<5 Acres"", ""income_inr"": ""<300000""}","PM-KISAN, Soil Health Card Scheme, PM Kisan Maandhan Yojana, Mission for Integrated Development of Horticulture (MIDH)","Kisan Credit Card (KCC), SBI Agriculture Gold Loan, Interest Subvention Scheme (Short Term Crop Loan)","Unified Package Insurance Scheme (UPIS), Restructured Weather Based Crop Insurance Scheme",1,0.82,Farmer in Punjab cultivating Vegetables with land holding <5 Acres and annual income <300000 INR falls into the 'small-marginal' farmer segment. Eligible for PM-KISAN direct income support due to small/marginal land holding. Low collateral base suggests gold-backed lending as an accessible credit option.
146,"{""state"": ""Punjab"", ""crop"": ""Fruits"", ""land_acres"": ""<2 Acres"", ""income_inr"": ""<200000""}","PM-KISAN, Soil Health Card Scheme, PM Kisan Maandhan Yojana, Mission for Integrated Development of Horticulture (MIDH)","Kisan Credit Card (KCC), SBI Agriculture Gold Loan, Interest Subvention Scheme (Short Term Crop Loan)","Unified Package Insurance Scheme (UPIS), Restructured Weather Based Crop Insurance Scheme",1,0.94,Farmer in Punjab cultivating Fruits with land holding <2 Acres and annual income <200000 INR falls into the 'marginal' farmer segment. Eligible for PM-KISAN direct income support due to small/marginal land holding. Low collateral base suggests gold-backed lending as an accessible credit option.
147,"{""state"": ""Punjab"", ""crop"": ""Fruits"", ""land_acres"": ""2-5 Acres"", ""income_inr"": ""200000-300000""}","PM-KISAN, Soil Health Card Scheme, PM Kisan Maandhan Yojana, Mission for Integrated Development of Horticulture (MIDH)","Kisan Credit Card (KCC), SBI Agriculture Gold Loan, Interest Subvention Scheme (Short Term Crop Loan)","Unified Package Insurance Scheme (UPIS), Restructured Weather Based Crop Insurance Scheme",2,0.8,Farmer in Punjab cultivating Fruits with land holding 2-5 Acres and annual income 200000-300000 INR falls into the 'small' farmer segment. Eligible for PM-KISAN direct income support due to small/marginal land holding. Low collateral base suggests gold-backed lending as an accessible credit option.
148,"{""state"": ""Punjab"", ""crop"": ""Fruits"", ""land_acres"": ""5-10 Acres"", ""income_inr"": ""300000-500000""}","Soil Health Card Scheme, Rashtriya Krishi Vikas Yojana (RKVY), PM Krishi Sinchai Yojana, Mission for Integrated Development of Horticulture (MIDH)","Kisan Credit Card (KCC), Crop Loan, Farm Mechanization Loan","Unified Package Insurance Scheme (UPIS), Restructured Weather Based Crop Insurance Scheme",3,0.83,Farmer in Punjab cultivating Fruits with land holding 5-10 Acres and annual income 300000-500000 INR falls into the 'semi-medium' farmer segment.
149,"{""state"": ""Punjab"", ""crop"": ""Fruits"", ""land_acres"": "">10 Acres"", ""income_inr"": "">500000""}","Soil Health Card Scheme, Rashtriya Krishi Vikas Yojana (RKVY), Agriculture Infrastructure Fund, e-NAM Registration, Mission for Integrated Development of Horticulture (MIDH)","Kisan Credit Card (KCC), Crop Loan, Warehouse Receipt Financing, Tractor / Farm Equipment Loan, NABARD Refinance - Land Development Loan","Unified Package Insurance Scheme (UPIS), Restructured Weather Based Crop Insurance Scheme",4,0.84,Farmer in Punjab cultivating Fruits with land holding >10 Acres and annual income >500000 INR falls into the 'large' farmer segment. Larger land holding and higher income support infrastructure and mechanization financing.
150,"{""state"": ""Punjab"", ""crop"": ""Fruits"", ""land_acres"": ""<5 Acres"", ""income_inr"": ""<300000""}","PM-KISAN, Soil Health Card Scheme, PM Kisan Maandhan Yojana, Mission for Integrated Development of Horticulture (MIDH)","Kisan Credit Card (KCC), SBI Agriculture Gold Loan, Interest Subvention Scheme (Short Term Crop Loan)","Unified Package Insurance Scheme (UPIS), Restructured Weather Based Crop Insurance Scheme",1,0.78,Farmer in Punjab cultivating Fruits with land holding <5 Acres and annual income <300000 INR falls into the 'small-marginal' farmer segment. Eligible for PM-KISAN direct income support due to small/marginal land holding. Low collateral base suggests gold-backed lending as an accessible credit option.
151,"{""state"": ""Haryana"", ""crop"": ""Cotton"", ""land_acres"": ""<2 Acres"", ""income_inr"": ""<200000""}","PM-KISAN, Soil Health Card Scheme, PM Kisan Maandhan Yojana, PM Krishi Sinchai Yojana - Per Drop More Crop","Kisan Credit Card (KCC), SBI Agriculture Gold Loan, Interest Subvention Scheme (Short Term Crop Loan)","Pradhan Mantri Fasal Bima Yojana (PMFBY), Weather Based Crop Insurance Scheme (WBCIS)",1,0.77,"Farmer in Haryana cultivating Cotton with land holding <2 Acres and annual income <200000 INR falls into the 'marginal' farmer segment. Eligible for PM-KISAN direct income support due to small/marginal land holding. Cotton is a priority crop under PMFBY in Haryana, warranting crop insurance coverage. Low collateral base suggests gold-backed lending as an accessible credit option."
152,"{""state"": ""Haryana"", ""crop"": ""Cotton"", ""land_acres"": ""2-5 Acres"", ""income_inr"": ""200000-300000""}","PM-KISAN, Soil Health Card Scheme, PM Kisan Maandhan Yojana, PM Krishi Sinchai Yojana - Per Drop More Crop","Kisan Credit Card (KCC), SBI Agriculture Gold Loan, Interest Subvention Scheme (Short Term Crop Loan)","Pradhan Mantri Fasal Bima Yojana (PMFBY), Weather Based Crop Insurance Scheme (WBCIS)",2,0.92,"Farmer in Haryana cultivating Cotton with land holding 2-5 Acres and annual income 200000-300000 INR falls into the 'small' farmer segment. Eligible for PM-KISAN direct income support due to small/marginal land holding. Cotton is a priority crop under PMFBY in Haryana, warranting crop insurance coverage. Low collateral base suggests gold-backed lending as an accessible credit option."
153,"{""state"": ""Haryana"", ""crop"": ""Cotton"", ""land_acres"": ""5-10 Acres"", ""income_inr"": ""300000-500000""}","Soil Health Card Scheme, Rashtriya Krishi Vikas Yojana (RKVY), PM Krishi Sinchai Yojana, PM Krishi Sinchai Yojana - Per Drop More Crop","Kisan Credit Card (KCC), Crop Loan, Farm Mechanization Loan","Pradhan Mantri Fasal Bima Yojana (PMFBY), Weather Based Crop Insurance Scheme (WBCIS)",3,0.9,"Farmer in Haryana cultivating Cotton with land holding 5-10 Acres and annual income 300000-500000 INR falls into the 'semi-medium' farmer segment. Cotton is a priority crop under PMFBY in Haryana, warranting crop insurance coverage."
154,"{""state"": ""Haryana"", ""crop"": ""Cotton"", ""land_acres"": "">10 Acres"", ""income_inr"": "">500000""}","Soil Health Card Scheme, Rashtriya Krishi Vikas Yojana (RKVY), Agriculture Infrastructure Fund, e-NAM Registration, PM Krishi Sinchai Yojana - Per Drop More Crop","Kisan Credit Card (KCC), Crop Loan, Warehouse Receipt Financing, Tractor / Farm Equipment Loan, NABARD Refinance - Land Development Loan","Pradhan Mantri Fasal Bima Yojana (PMFBY), Weather Based Crop Insurance Scheme (WBCIS)",4,0.82,"Farmer in Haryana cultivating Cotton with land holding >10 Acres and annual income >500000 INR falls into the 'large' farmer segment. Cotton is a priority crop under PMFBY in Haryana, warranting crop insurance coverage. Larger land holding and higher income support infrastructure and mechanization financing."
155,"{""state"": ""Haryana"", ""crop"": ""Cotton"", ""land_acres"": ""<5 Acres"", ""income_inr"": ""<300000""}","PM-KISAN, Soil Health Card Scheme, PM Kisan Maandhan Yojana, PM Krishi Sinchai Yojana - Per Drop More Crop","Kisan Credit Card (KCC), SBI Agriculture Gold Loan, Interest Subvention Scheme (Short Term Crop Loan)","Pradhan Mantri Fasal Bima Yojana (PMFBY), Weather Based Crop Insurance Scheme (WBCIS)",1,0.85,"Farmer in Haryana cultivating Cotton with land holding <5 Acres and annual income <300000 INR falls into the 'small-marginal' farmer segment. Eligible for PM-KISAN direct income support due to small/marginal land holding. Cotton is a priority crop under PMFBY in Haryana, warranting crop insurance coverage. Low collateral base suggests gold-backed lending as an accessible credit option."
156,"{""state"": ""Haryana"", ""crop"": ""Rice"", ""land_acres"": ""<2 Acres"", ""income_inr"": ""<200000""}","PM-KISAN, Soil Health Card Scheme, PM Kisan Maandhan Yojana, PM Krishi Sinchai Yojana - Per Drop More Crop","Kisan Credit Card (KCC), SBI Agriculture Gold Loan, Interest Subvention Scheme (Short Term Crop Loan)",Pradhan Mantri Fasal Bima Yojana (PMFBY),1,0.84,"Farmer in Haryana cultivating Rice with land holding <2 Acres and annual income <200000 INR falls into the 'marginal' farmer segment. Eligible for PM-KISAN direct income support due to small/marginal land holding. Rice is a priority crop under PMFBY in Haryana, warranting crop insurance coverage. Low collateral base suggests gold-backed lending as an accessible credit option."
157,"{""state"": ""Haryana"", ""crop"": ""Rice"", ""land_acres"": ""2-5 Acres"", ""income_inr"": ""200000-300000""}","PM-KISAN, Soil Health Card Scheme, PM Kisan Maandhan Yojana, PM Krishi Sinchai Yojana - Per Drop More Crop","Kisan Credit Card (KCC), SBI Agriculture Gold Loan, Interest Subvention Scheme (Short Term Crop Loan)",Pradhan Mantri Fasal Bima Yojana (PMFBY),2,0.94,"Farmer in Haryana cultivating Rice with land holding 2-5 Acres and annual income 200000-300000 INR falls into the 'small' farmer segment. Eligible for PM-KISAN direct income support due to small/marginal land holding. Rice is a priority crop under PMFBY in Haryana, warranting crop insurance coverage. Low collateral base suggests gold-backed lending as an accessible credit option."
158,"{""state"": ""Haryana"", ""crop"": ""Rice"", ""land_acres"": ""5-10 Acres"", ""income_inr"": ""300000-500000""}","Soil Health Card Scheme, Rashtriya Krishi Vikas Yojana (RKVY), PM Krishi Sinchai Yojana, PM Krishi Sinchai Yojana - Per Drop More Crop","Kisan Credit Card (KCC), Crop Loan, Farm Mechanization Loan",Pradhan Mantri Fasal Bima Yojana (PMFBY),3,0.93,"Farmer in Haryana cultivating Rice with land holding 5-10 Acres and annual income 300000-500000 INR falls into the 'semi-medium' farmer segment. Rice is a priority crop under PMFBY in Haryana, warranting crop insurance coverage."
159,"{""state"": ""Haryana"", ""crop"": ""Rice"", ""land_acres"": "">10 Acres"", ""income_inr"": "">500000""}","Soil Health Card Scheme, Rashtriya Krishi Vikas Yojana (RKVY), Agriculture Infrastructure Fund, e-NAM Registration, PM Krishi Sinchai Yojana - Per Drop More Crop","Kisan Credit Card (KCC), Crop Loan, Warehouse Receipt Financing, Tractor / Farm Equipment Loan, NABARD Refinance - Land Development Loan",Pradhan Mantri Fasal Bima Yojana (PMFBY),4,0.95,"Farmer in Haryana cultivating Rice with land holding >10 Acres and annual income >500000 INR falls into the 'large' farmer segment. Rice is a priority crop under PMFBY in Haryana, warranting crop insurance coverage. Larger land holding and higher income support infrastructure and mechanization financing."
160,"{""state"": ""Haryana"", ""crop"": ""Rice"", ""land_acres"": ""<5 Acres"", ""income_inr"": ""<300000""}","PM-KISAN, Soil Health Card Scheme, PM Kisan Maandhan Yojana, PM Krishi Sinchai Yojana - Per Drop More Crop","Kisan Credit Card (KCC), SBI Agriculture Gold Loan, Interest Subvention Scheme (Short Term Crop Loan)",Pradhan Mantri Fasal Bima Yojana (PMFBY),1,0.95,"Farmer in Haryana cultivating Rice with land holding <5 Acres and annual income <300000 INR falls into the 'small-marginal' farmer segment. Eligible for PM-KISAN direct income support due to small/marginal land holding. Rice is a priority crop under PMFBY in Haryana, warranting crop insurance coverage. Low collateral base suggests gold-backed lending as an accessible credit option."
161,"{""state"": ""Haryana"", ""crop"": ""Wheat"", ""land_acres"": ""<2 Acres"", ""income_inr"": ""<200000""}","PM-KISAN, Soil Health Card Scheme, PM Kisan Maandhan Yojana","Kisan Credit Card (KCC), SBI Agriculture Gold Loan, Interest Subvention Scheme (Short Term Crop Loan)",Pradhan Mantri Fasal Bima Yojana (PMFBY),1,0.87,"Farmer in Haryana cultivating Wheat with land holding <2 Acres and annual income <200000 INR falls into the 'marginal' farmer segment. Eligible for PM-KISAN direct income support due to small/marginal land holding. Wheat is a priority crop under PMFBY in Haryana, warranting crop insurance coverage. Low collateral base suggests gold-backed lending as an accessible credit option."
162,"{""state"": ""Haryana"", ""crop"": ""Wheat"", ""land_acres"": ""2-5 Acres"", ""income_inr"": ""200000-300000""}","PM-KISAN, Soil Health Card Scheme, PM Kisan Maandhan Yojana","Kisan Credit Card (KCC), SBI Agriculture Gold Loan, Interest Subvention Scheme (Short Term Crop Loan)",Pradhan Mantri Fasal Bima Yojana (PMFBY),2,0.89,"Farmer in Haryana cultivating Wheat with land holding 2-5 Acres and annual income 200000-300000 INR falls into the 'small' farmer segment. Eligible for PM-KISAN direct income support due to small/marginal land holding. Wheat is a priority crop under PMFBY in Haryana, warranting crop insurance coverage. Low collateral base suggests gold-backed lending as an accessible credit option."
163,"{""state"": ""Haryana"", ""crop"": ""Wheat"", ""land_acres"": ""5-10 Acres"", ""income_inr"": ""300000-500000""}","Soil Health Card Scheme, Rashtriya Krishi Vikas Yojana (RKVY), PM Krishi Sinchai Yojana","Kisan Credit Card (KCC), Crop Loan, Farm Mechanization Loan",Pradhan Mantri Fasal Bima Yojana (PMFBY),3,0.85,"Farmer in Haryana cultivating Wheat with land holding 5-10 Acres and annual income 300000-500000 INR falls into the 'semi-medium' farmer segment. Wheat is a priority crop under PMFBY in Haryana, warranting crop insurance coverage."
164,"{""state"": ""Haryana"", ""crop"": ""Wheat"", ""land_acres"": "">10 Acres"", ""income_inr"": "">500000""}","Soil Health Card Scheme, Rashtriya Krishi Vikas Yojana (RKVY), Agriculture Infrastructure Fund, e-NAM Registration","Kisan Credit Card (KCC), Crop Loan, Warehouse Receipt Financing, Tractor / Farm Equipment Loan, NABARD Refinance - Land Development Loan",Pradhan Mantri Fasal Bima Yojana (PMFBY),4,0.86,"Farmer in Haryana cultivating Wheat with land holding >10 Acres and annual income >500000 INR falls into the 'large' farmer segment. Wheat is a priority crop under PMFBY in Haryana, warranting crop insurance coverage. Larger land holding and higher income support infrastructure and mechanization financing."
165,"{""state"": ""Haryana"", ""crop"": ""Wheat"", ""land_acres"": ""<5 Acres"", ""income_inr"": ""<300000""}","PM-KISAN, Soil Health Card Scheme, PM Kisan Maandhan Yojana","Kisan Credit Card (KCC), SBI Agriculture Gold Loan, Interest Subvention Scheme (Short Term Crop Loan)",Pradhan Mantri Fasal Bima Yojana (PMFBY),1,0.93,"Farmer in Haryana cultivating Wheat with land holding <5 Acres and annual income <300000 INR falls into the 'small-marginal' farmer segment. Eligible for PM-KISAN direct income support due to small/marginal land holding. Wheat is a priority crop under PMFBY in Haryana, warranting crop insurance coverage. Low collateral base suggests gold-backed lending as an accessible credit option."
166,"{""state"": ""Haryana"", ""crop"": ""Sugarcane"", ""land_acres"": ""<2 Acres"", ""income_inr"": ""<200000""}","PM-KISAN, Soil Health Card Scheme, PM Kisan Maandhan Yojana, PM Krishi Sinchai Yojana - Per Drop More Crop","Kisan Credit Card (KCC), SBI Agriculture Gold Loan, Interest Subvention Scheme (Short Term Crop Loan)","Pradhan Mantri Fasal Bima Yojana (PMFBY), Weather Based Crop Insurance Scheme (WBCIS)",1,0.89,"Farmer in Haryana cultivating Sugarcane with land holding <2 Acres and annual income <200000 INR falls into the 'marginal' farmer segment. Eligible for PM-KISAN direct income support due to small/marginal land holding. Sugarcane is a priority crop under PMFBY in Haryana, warranting crop insurance coverage. Low collateral base suggests gold-backed lending as an accessible credit option."
167,"{""state"": ""Haryana"", ""crop"": ""Sugarcane"", ""land_acres"": ""2-5 Acres"", ""income_inr"": ""200000-300000""}","PM-KISAN, Soil Health Card Scheme, PM Kisan Maandhan Yojana, PM Krishi Sinchai Yojana - Per Drop More Crop","Kisan Credit Card (KCC), SBI Agriculture Gold Loan, Interest Subvention Scheme (Short Term Crop Loan)","Pradhan Mantri Fasal Bima Yojana (PMFBY), Weather Based Crop Insurance Scheme (WBCIS)",2,0.79,"Farmer in Haryana cultivating Sugarcane with land holding 2-5 Acres and annual income 200000-300000 INR falls into the 'small' farmer segment. Eligible for PM-KISAN direct income support due to small/marginal land holding. Sugarcane is a priority crop under PMFBY in Haryana, warranting crop insurance coverage. Low collateral base suggests gold-backed lending as an accessible credit option."
168,"{""state"": ""Haryana"", ""crop"": ""Sugarcane"", ""land_acres"": ""5-10 Acres"", ""income_inr"": ""300000-500000""}","Soil Health Card Scheme, Rashtriya Krishi Vikas Yojana (RKVY), PM Krishi Sinchai Yojana, PM Krishi Sinchai Yojana - Per Drop More Crop","Kisan Credit Card (KCC), Crop Loan, Farm Mechanization Loan","Pradhan Mantri Fasal Bima Yojana (PMFBY), Weather Based Crop Insurance Scheme (WBCIS)",3,0.88,"Farmer in Haryana cultivating Sugarcane with land holding 5-10 Acres and annual income 300000-500000 INR falls into the 'semi-medium' farmer segment. Sugarcane is a priority crop under PMFBY in Haryana, warranting crop insurance coverage."
169,"{""state"": ""Haryana"", ""crop"": ""Sugarcane"", ""land_acres"": "">10 Acres"", ""income_inr"": "">500000""}","Soil Health Card Scheme, Rashtriya Krishi Vikas Yojana (RKVY), Agriculture Infrastructure Fund, e-NAM Registration, PM Krishi Sinchai Yojana - Per Drop More Crop","Kisan Credit Card (KCC), Crop Loan, Warehouse Receipt Financing, Tractor / Farm Equipment Loan, NABARD Refinance - Land Development Loan","Pradhan Mantri Fasal Bima Yojana (PMFBY), Weather Based Crop Insurance Scheme (WBCIS)",4,0.77,"Farmer in Haryana cultivating Sugarcane with land holding >10 Acres and annual income >500000 INR falls into the 'large' farmer segment. Sugarcane is a priority crop under PMFBY in Haryana, warranting crop insurance coverage. Larger land holding and higher income support infrastructure and mechanization financing."
170,"{""state"": ""Haryana"", ""crop"": ""Sugarcane"", ""land_acres"": ""<5 Acres"", ""income_inr"": ""<300000""}","PM-KISAN, Soil Health Card Scheme, PM Kisan Maandhan Yojana, PM Krishi Sinchai Yojana - Per Drop More Crop","Kisan Credit Card (KCC), SBI Agriculture Gold Loan, Interest Subvention Scheme (Short Term Crop Loan)","Pradhan Mantri Fasal Bima Yojana (PMFBY), Weather Based Crop Insurance Scheme (WBCIS)",1,0.85,"Farmer in Haryana cultivating Sugarcane with land holding <5 Acres and annual income <300000 INR falls into the 'small-marginal' farmer segment. Eligible for PM-KISAN direct income support due to small/marginal land holding. Sugarcane is a priority crop under PMFBY in Haryana, warranting crop insurance coverage. Low collateral base suggests gold-backed lending as an accessible credit option."
171,"{""state"": ""Haryana"", ""crop"": ""Soybean"", ""land_acres"": ""<2 Acres"", ""income_inr"": ""<200000""}","PM-KISAN, Soil Health Card Scheme, PM Kisan Maandhan Yojana, National Food Security Mission (NFSM)","Kisan Credit Card (KCC), SBI Agriculture Gold Loan, Interest Subvention Scheme (Short Term Crop Loan)",Pradhan Mantri Fasal Bima Yojana (PMFBY),1,0.88,"Farmer in Haryana cultivating Soybean with land holding <2 Acres and annual income <200000 INR falls into the 'marginal' farmer segment. Eligible for PM-KISAN direct income support due to small/marginal land holding. Soybean is a priority crop under PMFBY in Haryana, warranting crop insurance coverage. Low collateral base suggests gold-backed lending as an accessible credit option."
172,"{""state"": ""Haryana"", ""crop"": ""Soybean"", ""land_acres"": ""2-5 Acres"", ""income_inr"": ""200000-300000""}","PM-KISAN, Soil Health Card Scheme, PM Kisan Maandhan Yojana, National Food Security Mission (NFSM)","Kisan Credit Card (KCC), SBI Agriculture Gold Loan, Interest Subvention Scheme (Short Term Crop Loan)",Pradhan Mantri Fasal Bima Yojana (PMFBY),2,0.8,"Farmer in Haryana cultivating Soybean with land holding 2-5 Acres and annual income 200000-300000 INR falls into the 'small' farmer segment. Eligible for PM-KISAN direct income support due to small/marginal land holding. Soybean is a priority crop under PMFBY in Haryana, warranting crop insurance coverage. Low collateral base suggests gold-backed lending as an accessible credit option."
173,"{""state"": ""Haryana"", ""crop"": ""Soybean"", ""land_acres"": ""5-10 Acres"", ""income_inr"": ""300000-500000""}","Soil Health Card Scheme, Rashtriya Krishi Vikas Yojana (RKVY), PM Krishi Sinchai Yojana, National Food Security Mission (NFSM)","Kisan Credit Card (KCC), Crop Loan, Farm Mechanization Loan",Pradhan Mantri Fasal Bima Yojana (PMFBY),3,0.76,"Farmer in Haryana cultivating Soybean with land holding 5-10 Acres and annual income 300000-500000 INR falls into the 'semi-medium' farmer segment. Soybean is a priority crop under PMFBY in Haryana, warranting crop insurance coverage."
174,"{""state"": ""Haryana"", ""crop"": ""Soybean"", ""land_acres"": "">10 Acres"", ""income_inr"": "">500000""}","Soil Health Card Scheme, Rashtriya Krishi Vikas Yojana (RKVY), Agriculture Infrastructure Fund, e-NAM Registration, National Food Security Mission (NFSM)","Kisan Credit Card (KCC), Crop Loan, Warehouse Receipt Financing, Tractor / Farm Equipment Loan, NABARD Refinance - Land Development Loan",Pradhan Mantri Fasal Bima Yojana (PMFBY),4,0.78,"Farmer in Haryana cultivating Soybean with land holding >10 Acres and annual income >500000 INR falls into the 'large' farmer segment. Soybean is a priority crop under PMFBY in Haryana, warranting crop insurance coverage. Larger land holding and higher income support infrastructure and mechanization financing."
175,"{""state"": ""Haryana"", ""crop"": ""Soybean"", ""land_acres"": ""<5 Acres"", ""income_inr"": ""<300000""}","PM-KISAN, Soil Health Card Scheme, PM Kisan Maandhan Yojana, National Food Security Mission (NFSM)","Kisan Credit Card (KCC), SBI Agriculture Gold Loan, Interest Subvention Scheme (Short Term Crop Loan)",Pradhan Mantri Fasal Bima Yojana (PMFBY),1,0.9,"Farmer in Haryana cultivating Soybean with land holding <5 Acres and annual income <300000 INR falls into the 'small-marginal' farmer segment. Eligible for PM-KISAN direct income support due to small/marginal land holding. Soybean is a priority crop under PMFBY in Haryana, warranting crop insurance coverage. Low collateral base suggests gold-backed lending as an accessible credit option."
176,"{""state"": ""Haryana"", ""crop"": ""Maize"", ""land_acres"": ""<2 Acres"", ""income_inr"": ""<200000""}","PM-KISAN, Soil Health Card Scheme, PM Kisan Maandhan Yojana","Kisan Credit Card (KCC), SBI Agriculture Gold Loan, Interest Subvention Scheme (Short Term Crop Loan)",Pradhan Mantri Fasal Bima Yojana (PMFBY),1,0.94,"Farmer in Haryana cultivating Maize with land holding <2 Acres and annual income <200000 INR falls into the 'marginal' farmer segment. Eligible for PM-KISAN direct income support due to small/marginal land holding. Maize is a priority crop under PMFBY in Haryana, warranting crop insurance coverage. Low collateral base suggests gold-backed lending as an accessible credit option."
177,"{""state"": ""Haryana"", ""crop"": ""Maize"", ""land_acres"": ""2-5 Acres"", ""income_inr"": ""200000-300000""}","PM-KISAN, Soil Health Card Scheme, PM Kisan Maandhan Yojana","Kisan Credit Card (KCC), SBI Agriculture Gold Loan, Interest Subvention Scheme (Short Term Crop Loan)",Pradhan Mantri Fasal Bima Yojana (PMFBY),2,0.89,"Farmer in Haryana cultivating Maize with land holding 2-5 Acres and annual income 200000-300000 INR falls into the 'small' farmer segment. Eligible for PM-KISAN direct income support due to small/marginal land holding. Maize is a priority crop under PMFBY in Haryana, warranting crop insurance coverage. Low collateral base suggests gold-backed lending as an accessible credit option."
178,"{""state"": ""Haryana"", ""crop"": ""Maize"", ""land_acres"": ""5-10 Acres"", ""income_inr"": ""300000-500000""}","Soil Health Card Scheme, Rashtriya Krishi Vikas Yojana (RKVY), PM Krishi Sinchai Yojana","Kisan Credit Card (KCC), Crop Loan, Farm Mechanization Loan",Pradhan Mantri Fasal Bima Yojana (PMFBY),3,0.95,"Farmer in Haryana cultivating Maize with land holding 5-10 Acres and annual income 300000-500000 INR falls into the 'semi-medium' farmer segment. Maize is a priority crop under PMFBY in Haryana, warranting crop insurance coverage."
179,"{""state"": ""Haryana"", ""crop"": ""Maize"", ""land_acres"": "">10 Acres"", ""income_inr"": "">500000""}","Soil Health Card Scheme, Rashtriya Krishi Vikas Yojana (RKVY), Agriculture Infrastructure Fund, e-NAM Registration","Kisan Credit Card (KCC), Crop Loan, Warehouse Receipt Financing, Tractor / Farm Equipment Loan, NABARD Refinance - Land Development Loan",Pradhan Mantri Fasal Bima Yojana (PMFBY),4,0.89,"Farmer in Haryana cultivating Maize with land holding >10 Acres and annual income >500000 INR falls into the 'large' farmer segment. Maize is a priority crop under PMFBY in Haryana, warranting crop insurance coverage. Larger land holding and higher income support infrastructure and mechanization financing."
180,"{""state"": ""Haryana"", ""crop"": ""Maize"", ""land_acres"": ""<5 Acres"", ""income_inr"": ""<300000""}","PM-KISAN, Soil Health Card Scheme, PM Kisan Maandhan Yojana","Kisan Credit Card (KCC), SBI Agriculture Gold Loan, Interest Subvention Scheme (Short Term Crop Loan)",Pradhan Mantri Fasal Bima Yojana (PMFBY),1,0.88,"Farmer in Haryana cultivating Maize with land holding <5 Acres and annual income <300000 INR falls into the 'small-marginal' farmer segment. Eligible for PM-KISAN direct income support due to small/marginal land holding. Maize is a priority crop under PMFBY in Haryana, warranting crop insurance coverage. Low collateral base suggests gold-backed lending as an accessible credit option."
181,"{""state"": ""Haryana"", ""crop"": ""Groundnut"", ""land_acres"": ""<2 Acres"", ""income_inr"": ""<200000""}","PM-KISAN, Soil Health Card Scheme, PM Kisan Maandhan Yojana, National Food Security Mission (NFSM)","Kisan Credit Card (KCC), SBI Agriculture Gold Loan, Interest Subvention Scheme (Short Term Crop Loan)",Pradhan Mantri Fasal Bima Yojana (PMFBY),1,0.88,"Farmer in Haryana cultivating Groundnut with land holding <2 Acres and annual income <200000 INR falls into the 'marginal' farmer segment. Eligible for PM-KISAN direct income support due to small/marginal land holding. Groundnut is a priority crop under PMFBY in Haryana, warranting crop insurance coverage. Low collateral base suggests gold-backed lending as an accessible credit option."
182,"{""state"": ""Haryana"", ""crop"": ""Groundnut"", ""land_acres"": ""2-5 Acres"", ""income_inr"": ""200000-300000""}","PM-KISAN, Soil Health Card Scheme, PM Kisan Maandhan Yojana, National Food Security Mission (NFSM)","Kisan Credit Card (KCC), SBI Agriculture Gold Loan, Interest Subvention Scheme (Short Term Crop Loan)",Pradhan Mantri Fasal Bima Yojana (PMFBY),2,0.93,"Farmer in Haryana cultivating Groundnut with land holding 2-5 Acres and annual income 200000-300000 INR falls into the 'small' farmer segment. Eligible for PM-KISAN direct income support due to small/marginal land holding. Groundnut is a priority crop under PMFBY in Haryana, warranting crop insurance coverage. Low collateral base suggests gold-backed lending as an accessible credit option."
183,"{""state"": ""Haryana"", ""crop"": ""Groundnut"", ""land_acres"": ""5-10 Acres"", ""income_inr"": ""300000-500000""}","Soil Health Card Scheme, Rashtriya Krishi Vikas Yojana (RKVY), PM Krishi Sinchai Yojana, National Food Security Mission (NFSM)","Kisan Credit Card (KCC), Crop Loan, Farm Mechanization Loan",Pradhan Mantri Fasal Bima Yojana (PMFBY),3,0.78,"Farmer in Haryana cultivating Groundnut with land holding 5-10 Acres and annual income 300000-500000 INR falls into the 'semi-medium' farmer segment. Groundnut is a priority crop under PMFBY in Haryana, warranting crop insurance coverage."
184,"{""state"": ""Haryana"", ""crop"": ""Groundnut"", ""land_acres"": "">10 Acres"", ""income_inr"": "">500000""}","Soil Health Card Scheme, Rashtriya Krishi Vikas Yojana (RKVY), Agriculture Infrastructure Fund, e-NAM Registration, National Food Security Mission (NFSM)","Kisan Credit Card (KCC), Crop Loan, Warehouse Receipt Financing, Tractor / Farm Equipment Loan, NABARD Refinance - Land Development Loan",Pradhan Mantri Fasal Bima Yojana (PMFBY),4,0.77,"Farmer in Haryana cultivating Groundnut with land holding >10 Acres and annual income >500000 INR falls into the 'large' farmer segment. Groundnut is a priority crop under PMFBY in Haryana, warranting crop insurance coverage. Larger land holding and higher income support infrastructure and mechanization financing."
185,"{""state"": ""Haryana"", ""crop"": ""Groundnut"", ""land_acres"": ""<5 Acres"", ""income_inr"": ""<300000""}","PM-KISAN, Soil Health Card Scheme, PM Kisan Maandhan Yojana, National Food Security Mission (NFSM)","Kisan Credit Card (KCC), SBI Agriculture Gold Loan, Interest Subvention Scheme (Short Term Crop Loan)",Pradhan Mantri Fasal Bima Yojana (PMFBY),1,0.91,"Farmer in Haryana cultivating Groundnut with land holding <5 Acres and annual income <300000 INR falls into the 'small-marginal' farmer segment. Eligible for PM-KISAN direct income support due to small/marginal land holding. Groundnut is a priority crop under PMFBY in Haryana, warranting crop insurance coverage. Low collateral base suggests gold-backed lending as an accessible credit option."
186,"{""state"": ""Haryana"", ""crop"": ""Pulses"", ""land_acres"": ""<2 Acres"", ""income_inr"": ""<200000""}","PM-KISAN, Soil Health Card Scheme, PM Kisan Maandhan Yojana, National Food Security Mission (NFSM)","Kisan Credit Card (KCC), SBI Agriculture Gold Loan, Interest Subvention Scheme (Short Term Crop Loan)",Pradhan Mantri Fasal Bima Yojana (PMFBY),1,0.94,"Farmer in Haryana cultivating Pulses with land holding <2 Acres and annual income <200000 INR falls into the 'marginal' farmer segment. Eligible for PM-KISAN direct income support due to small/marginal land holding. Pulses is a priority crop under PMFBY in Haryana, warranting crop insurance coverage. Low collateral base suggests gold-backed lending as an accessible credit option."
187,"{""state"": ""Haryana"", ""crop"": ""Pulses"", ""land_acres"": ""2-5 Acres"", ""income_inr"": ""200000-300000""}","PM-KISAN, Soil Health Card Scheme, PM Kisan Maandhan Yojana, National Food Security Mission (NFSM)","Kisan Credit Card (KCC), SBI Agriculture Gold Loan, Interest Subvention Scheme (Short Term Crop Loan)",Pradhan Mantri Fasal Bima Yojana (PMFBY),2,0.91,"Farmer in Haryana cultivating Pulses with land holding 2-5 Acres and annual income 200000-300000 INR falls into the 'small' farmer segment. Eligible for PM-KISAN direct income support due to small/marginal land holding. Pulses is a priority crop under PMFBY in Haryana, warranting crop insurance coverage. Low collateral base suggests gold-backed lending as an accessible credit option."
188,"{""state"": ""Haryana"", ""crop"": ""Pulses"", ""land_acres"": ""5-10 Acres"", ""income_inr"": ""300000-500000""}","Soil Health Card Scheme, Rashtriya Krishi Vikas Yojana (RKVY), PM Krishi Sinchai Yojana, National Food Security Mission (NFSM)","Kisan Credit Card (KCC), Crop Loan, Farm Mechanization Loan",Pradhan Mantri Fasal Bima Yojana (PMFBY),3,0.76,"Farmer in Haryana cultivating Pulses with land holding 5-10 Acres and annual income 300000-500000 INR falls into the 'semi-medium' farmer segment. Pulses is a priority crop under PMFBY in Haryana, warranting crop insurance coverage."
189,"{""state"": ""Haryana"", ""crop"": ""Pulses"", ""land_acres"": "">10 Acres"", ""income_inr"": "">500000""}","Soil Health Card Scheme, Rashtriya Krishi Vikas Yojana (RKVY), Agriculture Infrastructure Fund, e-NAM Registration, National Food Security Mission (NFSM)","Kisan Credit Card (KCC), Crop Loan, Warehouse Receipt Financing, Tractor / Farm Equipment Loan, NABARD Refinance - Land Development Loan",Pradhan Mantri Fasal Bima Yojana (PMFBY),4,0.87,"Farmer in Haryana cultivating Pulses with land holding >10 Acres and annual income >500000 INR falls into the 'large' farmer segment. Pulses is a priority crop under PMFBY in Haryana, warranting crop insurance coverage. Larger land holding and higher income support infrastructure and mechanization financing."
190,"{""state"": ""Haryana"", ""crop"": ""Pulses"", ""land_acres"": ""<5 Acres"", ""income_inr"": ""<300000""}","PM-KISAN, Soil Health Card Scheme, PM Kisan Maandhan Yojana, National Food Security Mission (NFSM)","Kisan Credit Card (KCC), SBI Agriculture Gold Loan, Interest Subvention Scheme (Short Term Crop Loan)",Pradhan Mantri Fasal Bima Yojana (PMFBY),1,0.8,"Farmer in Haryana cultivating Pulses with land holding <5 Acres and annual income <300000 INR falls into the 'small-marginal' farmer segment. Eligible for PM-KISAN direct income support due to small/marginal land holding. Pulses is a priority crop under PMFBY in Haryana, warranting crop insurance coverage. Low collateral base suggests gold-backed lending as an accessible credit option."
191,"{""state"": ""Haryana"", ""crop"": ""Vegetables"", ""land_acres"": ""<2 Acres"", ""income_inr"": ""<200000""}","PM-KISAN, Soil Health Card Scheme, PM Kisan Maandhan Yojana, Mission for Integrated Development of Horticulture (MIDH)","Kisan Credit Card (KCC), SBI Agriculture Gold Loan, Interest Subvention Scheme (Short Term Crop Loan)","Unified Package Insurance Scheme (UPIS), Restructured Weather Based Crop Insurance Scheme",1,0.82,Farmer in Haryana cultivating Vegetables with land holding <2 Acres and annual income <200000 INR falls into the 'marginal' farmer segment. Eligible for PM-KISAN direct income support due to small/marginal land holding. Low collateral base suggests gold-backed lending as an accessible credit option.
192,"{""state"": ""Haryana"", ""crop"": ""Vegetables"", ""land_acres"": ""2-5 Acres"", ""income_inr"": ""200000-300000""}","PM-KISAN, Soil Health Card Scheme, PM Kisan Maandhan Yojana, Mission for Integrated Development of Horticulture (MIDH)","Kisan Credit Card (KCC), SBI Agriculture Gold Loan, Interest Subvention Scheme (Short Term Crop Loan)","Unified Package Insurance Scheme (UPIS), Restructured Weather Based Crop Insurance Scheme",2,0.87,Farmer in Haryana cultivating Vegetables with land holding 2-5 Acres and annual income 200000-300000 INR falls into the 'small' farmer segment. Eligible for PM-KISAN direct income support due to small/marginal land holding. Low collateral base suggests gold-backed lending as an accessible credit option.
193,"{""state"": ""Haryana"", ""crop"": ""Vegetables"", ""land_acres"": ""5-10 Acres"", ""income_inr"": ""300000-500000""}","Soil Health Card Scheme, Rashtriya Krishi Vikas Yojana (RKVY), PM Krishi Sinchai Yojana, Mission for Integrated Development of Horticulture (MIDH)","Kisan Credit Card (KCC), Crop Loan, Farm Mechanization Loan","Unified Package Insurance Scheme (UPIS), Restructured Weather Based Crop Insurance Scheme",3,0.77,Farmer in Haryana cultivating Vegetables with land holding 5-10 Acres and annual income 300000-500000 INR falls into the 'semi-medium' farmer segment.
194,"{""state"": ""Haryana"", ""crop"": ""Vegetables"", ""land_acres"": "">10 Acres"", ""income_inr"": "">500000""}","Soil Health Card Scheme, Rashtriya Krishi Vikas Yojana (RKVY), Agriculture Infrastructure Fund, e-NAM Registration, Mission for Integrated Development of Horticulture (MIDH)","Kisan Credit Card (KCC), Crop Loan, Warehouse Receipt Financing, Tractor / Farm Equipment Loan, NABARD Refinance - Land Development Loan","Unified Package Insurance Scheme (UPIS), Restructured Weather Based Crop Insurance Scheme",4,0.94,Farmer in Haryana cultivating Vegetables with land holding >10 Acres and annual income >500000 INR falls into the 'large' farmer segment. Larger land holding and higher income support infrastructure and mechanization financing.
195,"{""state"": ""Haryana"", ""crop"": ""Vegetables"", ""land_acres"": ""<5 Acres"", ""income_inr"": ""<300000""}","PM-KISAN, Soil Health Card Scheme, PM Kisan Maandhan Yojana, Mission for Integrated Development of Horticulture (MIDH)","Kisan Credit Card (KCC), SBI Agriculture Gold Loan, Interest Subvention Scheme (Short Term Crop Loan)","Unified Package Insurance Scheme (UPIS), Restructured Weather Based Crop Insurance Scheme",1,0.87,Farmer in Haryana cultivating Vegetables with land holding <5 Acres and annual income <300000 INR falls into the 'small-marginal' farmer segment. Eligible for PM-KISAN direct income support due to small/marginal land holding. Low collateral base suggests gold-backed lending as an accessible credit option.
196,"{""state"": ""Haryana"", ""crop"": ""Fruits"", ""land_acres"": ""<2 Acres"", ""income_inr"": ""<200000""}","PM-KISAN, Soil Health Card Scheme, PM Kisan Maandhan Yojana, Mission for Integrated Development of Horticulture (MIDH)","Kisan Credit Card (KCC), SBI Agriculture Gold Loan, Interest Subvention Scheme (Short Term Crop Loan)","Unified Package Insurance Scheme (UPIS), Restructured Weather Based Crop Insurance Scheme",1,0.93,Farmer in Haryana cultivating Fruits with land holding <2 Acres and annual income <200000 INR falls into the 'marginal' farmer segment. Eligible for PM-KISAN direct income support due to small/marginal land holding. Low collateral base suggests gold-backed lending as an accessible credit option.
197,"{""state"": ""Haryana"", ""crop"": ""Fruits"", ""land_acres"": ""2-5 Acres"", ""income_inr"": ""200000-300000""}","PM-KISAN, Soil Health Card Scheme, PM Kisan Maandhan Yojana, Mission for Integrated Development of Horticulture (MIDH)","Kisan Credit Card (KCC), SBI Agriculture Gold Loan, Interest Subvention Scheme (Short Term Crop Loan)","Unified Package Insurance Scheme (UPIS), Restructured Weather Based Crop Insurance Scheme",2,0.93,Farmer in Haryana cultivating Fruits with land holding 2-5 Acres and annual income 200000-300000 INR falls into the 'small' farmer segment. Eligible for PM-KISAN direct income support due to small/marginal land holding. Low collateral base suggests gold-backed lending as an accessible credit option.
198,"{""state"": ""Haryana"", ""crop"": ""Fruits"", ""land_acres"": ""5-10 Acres"", ""income_inr"": ""300000-500000""}","Soil Health Card Scheme, Rashtriya Krishi Vikas Yojana (RKVY), PM Krishi Sinchai Yojana, Mission for Integrated Development of Horticulture (MIDH)","Kisan Credit Card (KCC), Crop Loan, Farm Mechanization Loan","Unified Package Insurance Scheme (UPIS), Restructured Weather Based Crop Insurance Scheme",3,0.87,Farmer in Haryana cultivating Fruits with land holding 5-10 Acres and annual income 300000-500000 INR falls into the 'semi-medium' farmer segment.
199,"{""state"": ""Haryana"", ""crop"": ""Fruits"", ""land_acres"": "">10 Acres"", ""income_inr"": "">500000""}","Soil Health Card Scheme, Rashtriya Krishi Vikas Yojana (RKVY), Agriculture Infrastructure Fund, e-NAM Registration, Mission for Integrated Development of Horticulture (MIDH)","Kisan Credit Card (KCC), Crop Loan, Warehouse Receipt Financing, Tractor / Farm Equipment Loan, NABARD Refinance - Land Development Loan","Unified Package Insurance Scheme (UPIS), Restructured Weather Based Crop Insurance Scheme",4,0.94,Farmer in Haryana cultivating Fruits with land holding >10 Acres and annual income >500000 INR falls into the 'large' farmer segment. Larger land holding and higher income support infrastructure and mechanization financing.
200,"{""state"": ""Haryana"", ""crop"": ""Fruits"", ""land_acres"": ""<5 Acres"", ""income_inr"": ""<300000""}","PM-KISAN, Soil Health Card Scheme, PM Kisan Maandhan Yojana, Mission for Integrated Development of Horticulture (MIDH)","Kisan Credit Card (KCC), SBI Agriculture Gold Loan, Interest Subvention Scheme (Short Term Crop Loan)","Unified Package Insurance Scheme (UPIS), Restructured Weather Based Crop Insurance Scheme",1,0.75,Farmer in Haryana cultivating Fruits with land holding <5 Acres and annual income <300000 INR falls into the 'small-marginal' farmer segment. Eligible for PM-KISAN direct income support due to small/marginal land holding. Low collateral base suggests gold-backed lending as an accessible credit option.
201,"{""state"": ""Uttar Pradesh"", ""crop"": ""Cotton"", ""land_acres"": ""<2 Acres"", ""income_inr"": ""<200000""}","PM-KISAN, Soil Health Card Scheme, PM Kisan Maandhan Yojana, PM Krishi Sinchai Yojana - Per Drop More Crop","Kisan Credit Card (KCC), SBI Agriculture Gold Loan, Interest Subvention Scheme (Short Term Crop Loan)","Pradhan Mantri Fasal Bima Yojana (PMFBY), Weather Based Crop Insurance Scheme (WBCIS)",1,0.83,"Farmer in Uttar Pradesh cultivating Cotton with land holding <2 Acres and annual income <200000 INR falls into the 'marginal' farmer segment. Eligible for PM-KISAN direct income support due to small/marginal land holding. Cotton is a priority crop under PMFBY in Uttar Pradesh, warranting crop insurance coverage. Low collateral base suggests gold-backed lending as an accessible credit option."
202,"{""state"": ""Uttar Pradesh"", ""crop"": ""Cotton"", ""land_acres"": ""2-5 Acres"", ""income_inr"": ""200000-300000""}","PM-KISAN, Soil Health Card Scheme, PM Kisan Maandhan Yojana, PM Krishi Sinchai Yojana - Per Drop More Crop","Kisan Credit Card (KCC), SBI Agriculture Gold Loan, Interest Subvention Scheme (Short Term Crop Loan)","Pradhan Mantri Fasal Bima Yojana (PMFBY), Weather Based Crop Insurance Scheme (WBCIS)",2,0.84,"Farmer in Uttar Pradesh cultivating Cotton with land holding 2-5 Acres and annual income 200000-300000 INR falls into the 'small' farmer segment. Eligible for PM-KISAN direct income support due to small/marginal land holding. Cotton is a priority crop under PMFBY in Uttar Pradesh, warranting crop insurance coverage. Low collateral base suggests gold-backed lending as an accessible credit option."
203,"{""state"": ""Uttar Pradesh"", ""crop"": ""Cotton"", ""land_acres"": ""5-10 Acres"", ""income_inr"": ""300000-500000""}","Soil Health Card Scheme, Rashtriya Krishi Vikas Yojana (RKVY), PM Krishi Sinchai Yojana, PM Krishi Sinchai Yojana - Per Drop More Crop","Kisan Credit Card (KCC), Crop Loan, Farm Mechanization Loan","Pradhan Mantri Fasal Bima Yojana (PMFBY), Weather Based Crop Insurance Scheme (WBCIS)",3,0.9,"Farmer in Uttar Pradesh cultivating Cotton with land holding 5-10 Acres and annual income 300000-500000 INR falls into the 'semi-medium' farmer segment. Cotton is a priority crop under PMFBY in Uttar Pradesh, warranting crop insurance coverage."
204,"{""state"": ""Uttar Pradesh"", ""crop"": ""Cotton"", ""land_acres"": "">10 Acres"", ""income_inr"": "">500000""}","Soil Health Card Scheme, Rashtriya Krishi Vikas Yojana (RKVY), Agriculture Infrastructure Fund, e-NAM Registration, PM Krishi Sinchai Yojana - Per Drop More Crop","Kisan Credit Card (KCC), Crop Loan, Warehouse Receipt Financing, Tractor / Farm Equipment Loan, NABARD Refinance - Land Development Loan","Pradhan Mantri Fasal Bima Yojana (PMFBY), Weather Based Crop Insurance Scheme (WBCIS)",4,0.92,"Farmer in Uttar Pradesh cultivating Cotton with land holding >10 Acres and annual income >500000 INR falls into the 'large' farmer segment. Cotton is a priority crop under PMFBY in Uttar Pradesh, warranting crop insurance coverage. Larger land holding and higher income support infrastructure and mechanization financing."
205,"{""state"": ""Uttar Pradesh"", ""crop"": ""Cotton"", ""land_acres"": ""<5 Acres"", ""income_inr"": ""<300000""}","PM-KISAN, Soil Health Card Scheme, PM Kisan Maandhan Yojana, PM Krishi Sinchai Yojana - Per Drop More Crop","Kisan Credit Card (KCC), SBI Agriculture Gold Loan, Interest Subvention Scheme (Short Term Crop Loan)","Pradhan Mantri Fasal Bima Yojana (PMFBY), Weather Based Crop Insurance Scheme (WBCIS)",1,0.96,"Farmer in Uttar Pradesh cultivating Cotton with land holding <5 Acres and annual income <300000 INR falls into the 'small-marginal' farmer segment. Eligible for PM-KISAN direct income support due to small/marginal land holding. Cotton is a priority crop under PMFBY in Uttar Pradesh, warranting crop insurance coverage. Low collateral base suggests gold-backed lending as an accessible credit option."
206,"{""state"": ""Uttar Pradesh"", ""crop"": ""Rice"", ""land_acres"": ""<2 Acres"", ""income_inr"": ""<200000""}","PM-KISAN, Soil Health Card Scheme, PM Kisan Maandhan Yojana, PM Krishi Sinchai Yojana - Per Drop More Crop","Kisan Credit Card (KCC), SBI Agriculture Gold Loan, Interest Subvention Scheme (Short Term Crop Loan)",Pradhan Mantri Fasal Bima Yojana (PMFBY),1,0.79,"Farmer in Uttar Pradesh cultivating Rice with land holding <2 Acres and annual income <200000 INR falls into the 'marginal' farmer segment. Eligible for PM-KISAN direct income support due to small/marginal land holding. Rice is a priority crop under PMFBY in Uttar Pradesh, warranting crop insurance coverage. Low collateral base suggests gold-backed lending as an accessible credit option."
207,"{""state"": ""Uttar Pradesh"", ""crop"": ""Rice"", ""land_acres"": ""2-5 Acres"", ""income_inr"": ""200000-300000""}","PM-KISAN, Soil Health Card Scheme, PM Kisan Maandhan Yojana, PM Krishi Sinchai Yojana - Per Drop More Crop","Kisan Credit Card (KCC), SBI Agriculture Gold Loan, Interest Subvention Scheme (Short Term Crop Loan)",Pradhan Mantri Fasal Bima Yojana (PMFBY),2,0.86,"Farmer in Uttar Pradesh cultivating Rice with land holding 2-5 Acres and annual income 200000-300000 INR falls into the 'small' farmer segment. Eligible for PM-KISAN direct income support due to small/marginal land holding. Rice is a priority crop under PMFBY in Uttar Pradesh, warranting crop insurance coverage. Low collateral base suggests gold-backed lending as an accessible credit option."
208,"{""state"": ""Uttar Pradesh"", ""crop"": ""Rice"", ""land_acres"": ""5-10 Acres"", ""income_inr"": ""300000-500000""}","Soil Health Card Scheme, Rashtriya Krishi Vikas Yojana (RKVY), PM Krishi Sinchai Yojana, PM Krishi Sinchai Yojana - Per Drop More Crop","Kisan Credit Card (KCC), Crop Loan, Farm Mechanization Loan",Pradhan Mantri Fasal Bima Yojana (PMFBY),3,0.88,"Farmer in Uttar Pradesh cultivating Rice with land holding 5-10 Acres and annual income 300000-500000 INR falls into the 'semi-medium' farmer segment. Rice is a priority crop under PMFBY in Uttar Pradesh, warranting crop insurance coverage."
209,"{""state"": ""Uttar Pradesh"", ""crop"": ""Rice"", ""land_acres"": "">10 Acres"", ""income_inr"": "">500000""}","Soil Health Card Scheme, Rashtriya Krishi Vikas Yojana (RKVY), Agriculture Infrastructure Fund, e-NAM Registration, PM Krishi Sinchai Yojana - Per Drop More Crop","Kisan Credit Card (KCC), Crop Loan, Warehouse Receipt Financing, Tractor / Farm Equipment Loan, NABARD Refinance - Land Development Loan",Pradhan Mantri Fasal Bima Yojana (PMFBY),4,0.75,"Farmer in Uttar Pradesh cultivating Rice with land holding >10 Acres and annual income >500000 INR falls into the 'large' farmer segment. Rice is a priority crop under PMFBY in Uttar Pradesh, warranting crop insurance coverage. Larger land holding and higher income support infrastructure and mechanization financing."
210,"{""state"": ""Uttar Pradesh"", ""crop"": ""Rice"", ""land_acres"": ""<5 Acres"", ""income_inr"": ""<300000""}","PM-KISAN, Soil Health Card Scheme, PM Kisan Maandhan Yojana, PM Krishi Sinchai Yojana - Per Drop More Crop","Kisan Credit Card (KCC), SBI Agriculture Gold Loan, Interest Subvention Scheme (Short Term Crop Loan)",Pradhan Mantri Fasal Bima Yojana (PMFBY),1,0.9,"Farmer in Uttar Pradesh cultivating Rice with land holding <5 Acres and annual income <300000 INR falls into the 'small-marginal' farmer segment. Eligible for PM-KISAN direct income support due to small/marginal land holding. Rice is a priority crop under PMFBY in Uttar Pradesh, warranting crop insurance coverage. Low collateral base suggests gold-backed lending as an accessible credit option."
211,"{""state"": ""Uttar Pradesh"", ""crop"": ""Wheat"", ""land_acres"": ""<2 Acres"", ""income_inr"": ""<200000""}","PM-KISAN, Soil Health Card Scheme, PM Kisan Maandhan Yojana","Kisan Credit Card (KCC), SBI Agriculture Gold Loan, Interest Subvention Scheme (Short Term Crop Loan)",Pradhan Mantri Fasal Bima Yojana (PMFBY),1,0.78,"Farmer in Uttar Pradesh cultivating Wheat with land holding <2 Acres and annual income <200000 INR falls into the 'marginal' farmer segment. Eligible for PM-KISAN direct income support due to small/marginal land holding. Wheat is a priority crop under PMFBY in Uttar Pradesh, warranting crop insurance coverage. Low collateral base suggests gold-backed lending as an accessible credit option."
212,"{""state"": ""Uttar Pradesh"", ""crop"": ""Wheat"", ""land_acres"": ""2-5 Acres"", ""income_inr"": ""200000-300000""}","PM-KISAN, Soil Health Card Scheme, PM Kisan Maandhan Yojana","Kisan Credit Card (KCC), SBI Agriculture Gold Loan, Interest Subvention Scheme (Short Term Crop Loan)",Pradhan Mantri Fasal Bima Yojana (PMFBY),2,0.94,"Farmer in Uttar Pradesh cultivating Wheat with land holding 2-5 Acres and annual income 200000-300000 INR falls into the 'small' farmer segment. Eligible for PM-KISAN direct income support due to small/marginal land holding. Wheat is a priority crop under PMFBY in Uttar Pradesh, warranting crop insurance coverage. Low collateral base suggests gold-backed lending as an accessible credit option."
213,"{""state"": ""Uttar Pradesh"", ""crop"": ""Wheat"", ""land_acres"": ""5-10 Acres"", ""income_inr"": ""300000-500000""}","Soil Health Card Scheme, Rashtriya Krishi Vikas Yojana (RKVY), PM Krishi Sinchai Yojana","Kisan Credit Card (KCC), Crop Loan, Farm Mechanization Loan",Pradhan Mantri Fasal Bima Yojana (PMFBY),3,0.76,"Farmer in Uttar Pradesh cultivating Wheat with land holding 5-10 Acres and annual income 300000-500000 INR falls into the 'semi-medium' farmer segment. Wheat is a priority crop under PMFBY in Uttar Pradesh, warranting crop insurance coverage."
214,"{""state"": ""Uttar Pradesh"", ""crop"": ""Wheat"", ""land_acres"": "">10 Acres"", ""income_inr"": "">500000""}","Soil Health Card Scheme, Rashtriya Krishi Vikas Yojana (RKVY), Agriculture Infrastructure Fund, e-NAM Registration","Kisan Credit Card (KCC), Crop Loan, Warehouse Receipt Financing, Tractor / Farm Equipment Loan, NABARD Refinance - Land Development Loan",Pradhan Mantri Fasal Bima Yojana (PMFBY),4,0.76,"Farmer in Uttar Pradesh cultivating Wheat with land holding >10 Acres and annual income >500000 INR falls into the 'large' farmer segment. Wheat is a priority crop under PMFBY in Uttar Pradesh, warranting crop insurance coverage. Larger land holding and higher income support infrastructure and mechanization financing."
215,"{""state"": ""Uttar Pradesh"", ""crop"": ""Wheat"", ""land_acres"": ""<5 Acres"", ""income_inr"": ""<300000""}","PM-KISAN, Soil Health Card Scheme, PM Kisan Maandhan Yojana","Kisan Credit Card (KCC), SBI Agriculture Gold Loan, Interest Subvention Scheme (Short Term Crop Loan)",Pradhan Mantri Fasal Bima Yojana (PMFBY),1,0.87,"Farmer in Uttar Pradesh cultivating Wheat with land holding <5 Acres and annual income <300000 INR falls into the 'small-marginal' farmer segment. Eligible for PM-KISAN direct income support due to small/marginal land holding. Wheat is a priority crop under PMFBY in Uttar Pradesh, warranting crop insurance coverage. Low collateral base suggests gold-backed lending as an accessible credit option."
216,"{""state"": ""Uttar Pradesh"", ""crop"": ""Sugarcane"", ""land_acres"": ""<2 Acres"", ""income_inr"": ""<200000""}","PM-KISAN, Soil Health Card Scheme, PM Kisan Maandhan Yojana, PM Krishi Sinchai Yojana - Per Drop More Crop","Kisan Credit Card (KCC), SBI Agriculture Gold Loan, Interest Subvention Scheme (Short Term Crop Loan)","Pradhan Mantri Fasal Bima Yojana (PMFBY), Weather Based Crop Insurance Scheme (WBCIS)",1,0.78,"Farmer in Uttar Pradesh cultivating Sugarcane with land holding <2 Acres and annual income <200000 INR falls into the 'marginal' farmer segment. Eligible for PM-KISAN direct income support due to small/marginal land holding. Sugarcane is a priority crop under PMFBY in Uttar Pradesh, warranting crop insurance coverage. Low collateral base suggests gold-backed lending as an accessible credit option."
217,"{""state"": ""Uttar Pradesh"", ""crop"": ""Sugarcane"", ""land_acres"": ""2-5 Acres"", ""income_inr"": ""200000-300000""}","PM-KISAN, Soil Health Card Scheme, PM Kisan Maandhan Yojana, PM Krishi Sinchai Yojana - Per Drop More Crop","Kisan Credit Card (KCC), SBI Agriculture Gold Loan, Interest Subvention Scheme (Short Term Crop Loan)","Pradhan Mantri Fasal Bima Yojana (PMFBY), Weather Based Crop Insurance Scheme (WBCIS)",2,0.78,"Farmer in Uttar Pradesh cultivating Sugarcane with land holding 2-5 Acres and annual income 200000-300000 INR falls into the 'small' farmer segment. Eligible for PM-KISAN direct income support due to small/marginal land holding. Sugarcane is a priority crop under PMFBY in Uttar Pradesh, warranting crop insurance coverage. Low collateral base suggests gold-backed lending as an accessible credit option."
218,"{""state"": ""Uttar Pradesh"", ""crop"": ""Sugarcane"", ""land_acres"": ""5-10 Acres"", ""income_inr"": ""300000-500000""}","Soil Health Card Scheme, Rashtriya Krishi Vikas Yojana (RKVY), PM Krishi Sinchai Yojana, PM Krishi Sinchai Yojana - Per Drop More Crop","Kisan Credit Card (KCC), Crop Loan, Farm Mechanization Loan","Pradhan Mantri Fasal Bima Yojana (PMFBY), Weather Based Crop Insurance Scheme (WBCIS)",3,0.76,"Farmer in Uttar Pradesh cultivating Sugarcane with land holding 5-10 Acres and annual income 300000-500000 INR falls into the 'semi-medium' farmer segment. Sugarcane is a priority crop under PMFBY in Uttar Pradesh, warranting crop insurance coverage."
219,"{""state"": ""Uttar Pradesh"", ""crop"": ""Sugarcane"", ""land_acres"": "">10 Acres"", ""income_inr"": "">500000""}","Soil Health Card Scheme, Rashtriya Krishi Vikas Yojana (RKVY), Agriculture Infrastructure Fund, e-NAM Registration, PM Krishi Sinchai Yojana - Per Drop More Crop","Kisan Credit Card (KCC), Crop Loan, Warehouse Receipt Financing, Tractor / Farm Equipment Loan, NABARD Refinance - Land Development Loan","Pradhan Mantri Fasal Bima Yojana (PMFBY), Weather Based Crop Insurance Scheme (WBCIS)",4,0.83,"Farmer in Uttar Pradesh cultivating Sugarcane with land holding >10 Acres and annual income >500000 INR falls into the 'large' farmer segment. Sugarcane is a priority crop under PMFBY in Uttar Pradesh, warranting crop insurance coverage. Larger land holding and higher income support infrastructure and mechanization financing."
220,"{""state"": ""Uttar Pradesh"", ""crop"": ""Sugarcane"", ""land_acres"": ""<5 Acres"", ""income_inr"": ""<300000""}","PM-KISAN, Soil Health Card Scheme, PM Kisan Maandhan Yojana, PM Krishi Sinchai Yojana - Per Drop More Crop","Kisan Credit Card (KCC), SBI Agriculture Gold Loan, Interest Subvention Scheme (Short Term Crop Loan)","Pradhan Mantri Fasal Bima Yojana (PMFBY), Weather Based Crop Insurance Scheme (WBCIS)",1,0.78,"Farmer in Uttar Pradesh cultivating Sugarcane with land holding <5 Acres and annual income <300000 INR falls into the 'small-marginal' farmer segment. Eligible for PM-KISAN direct income support due to small/marginal land holding. Sugarcane is a priority crop under PMFBY in Uttar Pradesh, warranting crop insurance coverage. Low collateral base suggests gold-backed lending as an accessible credit option."
221,"{""state"": ""Uttar Pradesh"", ""crop"": ""Soybean"", ""land_acres"": ""<2 Acres"", ""income_inr"": ""<200000""}","PM-KISAN, Soil Health Card Scheme, PM Kisan Maandhan Yojana, National Food Security Mission (NFSM)","Kisan Credit Card (KCC), SBI Agriculture Gold Loan, Interest Subvention Scheme (Short Term Crop Loan)",Pradhan Mantri Fasal Bima Yojana (PMFBY),1,0.88,"Farmer in Uttar Pradesh cultivating Soybean with land holding <2 Acres and annual income <200000 INR falls into the 'marginal' farmer segment. Eligible for PM-KISAN direct income support due to small/marginal land holding. Soybean is a priority crop under PMFBY in Uttar Pradesh, warranting crop insurance coverage. Low collateral base suggests gold-backed lending as an accessible credit option."
222,"{""state"": ""Uttar Pradesh"", ""crop"": ""Soybean"", ""land_acres"": ""2-5 Acres"", ""income_inr"": ""200000-300000""}","PM-KISAN, Soil Health Card Scheme, PM Kisan Maandhan Yojana, National Food Security Mission (NFSM)","Kisan Credit Card (KCC), SBI Agriculture Gold Loan, Interest Subvention Scheme (Short Term Crop Loan)",Pradhan Mantri Fasal Bima Yojana (PMFBY),2,0.78,"Farmer in Uttar Pradesh cultivating Soybean with land holding 2-5 Acres and annual income 200000-300000 INR falls into the 'small' farmer segment. Eligible for PM-KISAN direct income support due to small/marginal land holding. Soybean is a priority crop under PMFBY in Uttar Pradesh, warranting crop insurance coverage. Low collateral base suggests gold-backed lending as an accessible credit option."
223,"{""state"": ""Uttar Pradesh"", ""crop"": ""Soybean"", ""land_acres"": ""5-10 Acres"", ""income_inr"": ""300000-500000""}","Soil Health Card Scheme, Rashtriya Krishi Vikas Yojana (RKVY), PM Krishi Sinchai Yojana, National Food Security Mission (NFSM)","Kisan Credit Card (KCC), Crop Loan, Farm Mechanization Loan",Pradhan Mantri Fasal Bima Yojana (PMFBY),3,0.78,"Farmer in Uttar Pradesh cultivating Soybean with land holding 5-10 Acres and annual income 300000-500000 INR falls into the 'semi-medium' farmer segment. Soybean is a priority crop under PMFBY in Uttar Pradesh, warranting crop insurance coverage."
224,"{""state"": ""Uttar Pradesh"", ""crop"": ""Soybean"", ""land_acres"": "">10 Acres"", ""income_inr"": "">500000""}","Soil Health Card Scheme, Rashtriya Krishi Vikas Yojana (RKVY), Agriculture Infrastructure Fund, e-NAM Registration, National Food Security Mission (NFSM)","Kisan Credit Card (KCC), Crop Loan, Warehouse Receipt Financing, Tractor / Farm Equipment Loan, NABARD Refinance - Land Development Loan",Pradhan Mantri Fasal Bima Yojana (PMFBY),4,0.83,"Farmer in Uttar Pradesh cultivating Soybean with land holding >10 Acres and annual income >500000 INR falls into the 'large' farmer segment. Soybean is a priority crop under PMFBY in Uttar Pradesh, warranting crop insurance coverage. Larger land holding and higher income support infrastructure and mechanization financing."
225,"{""state"": ""Uttar Pradesh"", ""crop"": ""Soybean"", ""land_acres"": ""<5 Acres"", ""income_inr"": ""<300000""}","PM-KISAN, Soil Health Card Scheme, PM Kisan Maandhan Yojana, National Food Security Mission (NFSM)","Kisan Credit Card (KCC), SBI Agriculture Gold Loan, Interest Subvention Scheme (Short Term Crop Loan)",Pradhan Mantri Fasal Bima Yojana (PMFBY),1,0.94,"Farmer in Uttar Pradesh cultivating Soybean with land holding <5 Acres and annual income <300000 INR falls into the 'small-marginal' farmer segment. Eligible for PM-KISAN direct income support due to small/marginal land holding. Soybean is a priority crop under PMFBY in Uttar Pradesh, warranting crop insurance coverage. Low collateral base suggests gold-backed lending as an accessible credit option."
226,"{""state"": ""Uttar Pradesh"", ""crop"": ""Maize"", ""land_acres"": ""<2 Acres"", ""income_inr"": ""<200000""}","PM-KISAN, Soil Health Card Scheme, PM Kisan Maandhan Yojana","Kisan Credit Card (KCC), SBI Agriculture Gold Loan, Interest Subvention Scheme (Short Term Crop Loan)",Pradhan Mantri Fasal Bima Yojana (PMFBY),1,0.78,"Farmer in Uttar Pradesh cultivating Maize with land holding <2 Acres and annual income <200000 INR falls into the 'marginal' farmer segment. Eligible for PM-KISAN direct income support due to small/marginal land holding. Maize is a priority crop under PMFBY in Uttar Pradesh, warranting crop insurance coverage. Low collateral base suggests gold-backed lending as an accessible credit option."
227,"{""state"": ""Uttar Pradesh"", ""crop"": ""Maize"", ""land_acres"": ""2-5 Acres"", ""income_inr"": ""200000-300000""}","PM-KISAN, Soil Health Card Scheme, PM Kisan Maandhan Yojana","Kisan Credit Card (KCC), SBI Agriculture Gold Loan, Interest Subvention Scheme (Short Term Crop Loan)",Pradhan Mantri Fasal Bima Yojana (PMFBY),2,0.78,"Farmer in Uttar Pradesh cultivating Maize with land holding 2-5 Acres and annual income 200000-300000 INR falls into the 'small' farmer segment. Eligible for PM-KISAN direct income support due to small/marginal land holding. Maize is a priority crop under PMFBY in Uttar Pradesh, warranting crop insurance coverage. Low collateral base suggests gold-backed lending as an accessible credit option."
228,"{""state"": ""Uttar Pradesh"", ""crop"": ""Maize"", ""land_acres"": ""5-10 Acres"", ""income_inr"": ""300000-500000""}","Soil Health Card Scheme, Rashtriya Krishi Vikas Yojana (RKVY), PM Krishi Sinchai Yojana","Kisan Credit Card (KCC), Crop Loan, Farm Mechanization Loan",Pradhan Mantri Fasal Bima Yojana (PMFBY),3,0.86,"Farmer in Uttar Pradesh cultivating Maize with land holding 5-10 Acres and annual income 300000-500000 INR falls into the 'semi-medium' farmer segment. Maize is a priority crop under PMFBY in Uttar Pradesh, warranting crop insurance coverage."
229,"{""state"": ""Uttar Pradesh"", ""crop"": ""Maize"", ""land_acres"": "">10 Acres"", ""income_inr"": "">500000""}","Soil Health Card Scheme, Rashtriya Krishi Vikas Yojana (RKVY), Agriculture Infrastructure Fund, e-NAM Registration","Kisan Credit Card (KCC), Crop Loan, Warehouse Receipt Financing, Tractor / Farm Equipment Loan, NABARD Refinance - Land Development Loan",Pradhan Mantri Fasal Bima Yojana (PMFBY),4,0.9,"Farmer in Uttar Pradesh cultivating Maize with land holding >10 Acres and annual income >500000 INR falls into the 'large' farmer segment. Maize is a priority crop under PMFBY in Uttar Pradesh, warranting crop insurance coverage. Larger land holding and higher income support infrastructure and mechanization financing."
230,"{""state"": ""Uttar Pradesh"", ""crop"": ""Maize"", ""land_acres"": ""<5 Acres"", ""income_inr"": ""<300000""}","PM-KISAN, Soil Health Card Scheme, PM Kisan Maandhan Yojana","Kisan Credit Card (KCC), SBI Agriculture Gold Loan, Interest Subvention Scheme (Short Term Crop Loan)",Pradhan Mantri Fasal Bima Yojana (PMFBY),1,0.85,"Farmer in Uttar Pradesh cultivating Maize with land holding <5 Acres and annual income <300000 INR falls into the 'small-marginal' farmer segment. Eligible for PM-KISAN direct income support due to small/marginal land holding. Maize is a priority crop under PMFBY in Uttar Pradesh, warranting crop insurance coverage. Low collateral base suggests gold-backed lending as an accessible credit option."
231,"{""state"": ""Uttar Pradesh"", ""crop"": ""Groundnut"", ""land_acres"": ""<2 Acres"", ""income_inr"": ""<200000""}","PM-KISAN, Soil Health Card Scheme, PM Kisan Maandhan Yojana, National Food Security Mission (NFSM)","Kisan Credit Card (KCC), SBI Agriculture Gold Loan, Interest Subvention Scheme (Short Term Crop Loan)",Pradhan Mantri Fasal Bima Yojana (PMFBY),1,0.78,"Farmer in Uttar Pradesh cultivating Groundnut with land holding <2 Acres and annual income <200000 INR falls into the 'marginal' farmer segment. Eligible for PM-KISAN direct income support due to small/marginal land holding. Groundnut is a priority crop under PMFBY in Uttar Pradesh, warranting crop insurance coverage. Low collateral base suggests gold-backed lending as an accessible credit option."
232,"{""state"": ""Uttar Pradesh"", ""crop"": ""Groundnut"", ""land_acres"": ""2-5 Acres"", ""income_inr"": ""200000-300000""}","PM-KISAN, Soil Health Card Scheme, PM Kisan Maandhan Yojana, National Food Security Mission (NFSM)","Kisan Credit Card (KCC), SBI Agriculture Gold Loan, Interest Subvention Scheme (Short Term Crop Loan)",Pradhan Mantri Fasal Bima Yojana (PMFBY),2,0.88,"Farmer in Uttar Pradesh cultivating Groundnut with land holding 2-5 Acres and annual income 200000-300000 INR falls into the 'small' farmer segment. Eligible for PM-KISAN direct income support due to small/marginal land holding. Groundnut is a priority crop under PMFBY in Uttar Pradesh, warranting crop insurance coverage. Low collateral base suggests gold-backed lending as an accessible credit option."
233,"{""state"": ""Uttar Pradesh"", ""crop"": ""Groundnut"", ""land_acres"": ""5-10 Acres"", ""income_inr"": ""300000-500000""}","Soil Health Card Scheme, Rashtriya Krishi Vikas Yojana (RKVY), PM Krishi Sinchai Yojana, National Food Security Mission (NFSM)","Kisan Credit Card (KCC), Crop Loan, Farm Mechanization Loan",Pradhan Mantri Fasal Bima Yojana (PMFBY),3,0.93,"Farmer in Uttar Pradesh cultivating Groundnut with land holding 5-10 Acres and annual income 300000-500000 INR falls into the 'semi-medium' farmer segment. Groundnut is a priority crop under PMFBY in Uttar Pradesh, warranting crop insurance coverage."
234,"{""state"": ""Uttar Pradesh"", ""crop"": ""Groundnut"", ""land_acres"": "">10 Acres"", ""income_inr"": "">500000""}","Soil Health Card Scheme, Rashtriya Krishi Vikas Yojana (RKVY), Agriculture Infrastructure Fund, e-NAM Registration, National Food Security Mission (NFSM)","Kisan Credit Card (KCC), Crop Loan, Warehouse Receipt Financing, Tractor / Farm Equipment Loan, NABARD Refinance - Land Development Loan",Pradhan Mantri Fasal Bima Yojana (PMFBY),4,0.92,"Farmer in Uttar Pradesh cultivating Groundnut with land holding >10 Acres and annual income >500000 INR falls into the 'large' farmer segment. Groundnut is a priority crop under PMFBY in Uttar Pradesh, warranting crop insurance coverage. Larger land holding and higher income support infrastructure and mechanization financing."
235,"{""state"": ""Uttar Pradesh"", ""crop"": ""Groundnut"", ""land_acres"": ""<5 Acres"", ""income_inr"": ""<300000""}","PM-KISAN, Soil Health Card Scheme, PM Kisan Maandhan Yojana, National Food Security Mission (NFSM)","Kisan Credit Card (KCC), SBI Agriculture Gold Loan, Interest Subvention Scheme (Short Term Crop Loan)",Pradhan Mantri Fasal Bima Yojana (PMFBY),1,0.93,"Farmer in Uttar Pradesh cultivating Groundnut with land holding <5 Acres and annual income <300000 INR falls into the 'small-marginal' farmer segment. Eligible for PM-KISAN direct income support due to small/marginal land holding. Groundnut is a priority crop under PMFBY in Uttar Pradesh, warranting crop insurance coverage. Low collateral base suggests gold-backed lending as an accessible credit option."
236,"{""state"": ""Uttar Pradesh"", ""crop"": ""Pulses"", ""land_acres"": ""<2 Acres"", ""income_inr"": ""<200000""}","PM-KISAN, Soil Health Card Scheme, PM Kisan Maandhan Yojana, National Food Security Mission (NFSM)","Kisan Credit Card (KCC), SBI Agriculture Gold Loan, Interest Subvention Scheme (Short Term Crop Loan)",Pradhan Mantri Fasal Bima Yojana (PMFBY),1,0.86,"Farmer in Uttar Pradesh cultivating Pulses with land holding <2 Acres and annual income <200000 INR falls into the 'marginal' farmer segment. Eligible for PM-KISAN direct income support due to small/marginal land holding. Pulses is a priority crop under PMFBY in Uttar Pradesh, warranting crop insurance coverage. Low collateral base suggests gold-backed lending as an accessible credit option."
237,"{""state"": ""Uttar Pradesh"", ""crop"": ""Pulses"", ""land_acres"": ""2-5 Acres"", ""income_inr"": ""200000-300000""}","PM-KISAN, Soil Health Card Scheme, PM Kisan Maandhan Yojana, National Food Security Mission (NFSM)","Kisan Credit Card (KCC), SBI Agriculture Gold Loan, Interest Subvention Scheme (Short Term Crop Loan)",Pradhan Mantri Fasal Bima Yojana (PMFBY),2,0.82,"Farmer in Uttar Pradesh cultivating Pulses with land holding 2-5 Acres and annual income 200000-300000 INR falls into the 'small' farmer segment. Eligible for PM-KISAN direct income support due to small/marginal land holding. Pulses is a priority crop under PMFBY in Uttar Pradesh, warranting crop insurance coverage. Low collateral base suggests gold-backed lending as an accessible credit option."
238,"{""state"": ""Uttar Pradesh"", ""crop"": ""Pulses"", ""land_acres"": ""5-10 Acres"", ""income_inr"": ""300000-500000""}","Soil Health Card Scheme, Rashtriya Krishi Vikas Yojana (RKVY), PM Krishi Sinchai Yojana, National Food Security Mission (NFSM)","Kisan Credit Card (KCC), Crop Loan, Farm Mechanization Loan",Pradhan Mantri Fasal Bima Yojana (PMFBY),3,0.89,"Farmer in Uttar Pradesh cultivating Pulses with land holding 5-10 Acres and annual income 300000-500000 INR falls into the 'semi-medium' farmer segment. Pulses is a priority crop under PMFBY in Uttar Pradesh, warranting crop insurance coverage."
239,"{""state"": ""Uttar Pradesh"", ""crop"": ""Pulses"", ""land_acres"": "">10 Acres"", ""income_inr"": "">500000""}","Soil Health Card Scheme, Rashtriya Krishi Vikas Yojana (RKVY), Agriculture Infrastructure Fund, e-NAM Registration, National Food Security Mission (NFSM)","Kisan Credit Card (KCC), Crop Loan, Warehouse Receipt Financing, Tractor / Farm Equipment Loan, NABARD Refinance - Land Development Loan",Pradhan Mantri Fasal Bima Yojana (PMFBY),4,0.77,"Farmer in Uttar Pradesh cultivating Pulses with land holding >10 Acres and annual income >500000 INR falls into the 'large' farmer segment. Pulses is a priority crop under PMFBY in Uttar Pradesh, warranting crop insurance coverage. Larger land holding and higher income support infrastructure and mechanization financing."
240,"{""state"": ""Uttar Pradesh"", ""crop"": ""Pulses"", ""land_acres"": ""<5 Acres"", ""income_inr"": ""<300000""}","PM-KISAN, Soil Health Card Scheme, PM Kisan Maandhan Yojana, National Food Security Mission (NFSM)","Kisan Credit Card (KCC), SBI Agriculture Gold Loan, Interest Subvention Scheme (Short Term Crop Loan)",Pradhan Mantri Fasal Bima Yojana (PMFBY),1,0.94,"Farmer in Uttar Pradesh cultivating Pulses with land holding <5 Acres and annual income <300000 INR falls into the 'small-marginal' farmer segment. Eligible for PM-KISAN direct income support due to small/marginal land holding. Pulses is a priority crop under PMFBY in Uttar Pradesh, warranting crop insurance coverage. Low collateral base suggests gold-backed lending as an accessible credit option."
241,"{""state"": ""Uttar Pradesh"", ""crop"": ""Vegetables"", ""land_acres"": ""<2 Acres"", ""income_inr"": ""<200000""}","PM-KISAN, Soil Health Card Scheme, PM Kisan Maandhan Yojana, Mission for Integrated Development of Horticulture (MIDH)","Kisan Credit Card (KCC), SBI Agriculture Gold Loan, Interest Subvention Scheme (Short Term Crop Loan)","Unified Package Insurance Scheme (UPIS), Restructured Weather Based Crop Insurance Scheme",1,0.75,Farmer in Uttar Pradesh cultivating Vegetables with land holding <2 Acres and annual income <200000 INR falls into the 'marginal' farmer segment. Eligible for PM-KISAN direct income support due to small/marginal land holding. Low collateral base suggests gold-backed lending as an accessible credit option.
242,"{""state"": ""Uttar Pradesh"", ""crop"": ""Vegetables"", ""land_acres"": ""2-5 Acres"", ""income_inr"": ""200000-300000""}","PM-KISAN, Soil Health Card Scheme, PM Kisan Maandhan Yojana, Mission for Integrated Development of Horticulture (MIDH)","Kisan Credit Card (KCC), SBI Agriculture Gold Loan, Interest Subvention Scheme (Short Term Crop Loan)","Unified Package Insurance Scheme (UPIS), Restructured Weather Based Crop Insurance Scheme",2,0.94,Farmer in Uttar Pradesh cultivating Vegetables with land holding 2-5 Acres and annual income 200000-300000 INR falls into the 'small' farmer segment. Eligible for PM-KISAN direct income support due to small/marginal land holding. Low collateral base suggests gold-backed lending as an accessible credit option.
243,"{""state"": ""Uttar Pradesh"", ""crop"": ""Vegetables"", ""land_acres"": ""5-10 Acres"", ""income_inr"": ""300000-500000""}","Soil Health Card Scheme, Rashtriya Krishi Vikas Yojana (RKVY), PM Krishi Sinchai Yojana, Mission for Integrated Development of Horticulture (MIDH)","Kisan Credit Card (KCC), Crop Loan, Farm Mechanization Loan","Unified Package Insurance Scheme (UPIS), Restructured Weather Based Crop Insurance Scheme",3,0.93,Farmer in Uttar Pradesh cultivating Vegetables with land holding 5-10 Acres and annual income 300000-500000 INR falls into the 'semi-medium' farmer segment.
244,"{""state"": ""Uttar Pradesh"", ""crop"": ""Vegetables"", ""land_acres"": "">10 Acres"", ""income_inr"": "">500000""}","Soil Health Card Scheme, Rashtriya Krishi Vikas Yojana (RKVY), Agriculture Infrastructure Fund, e-NAM Registration, Mission for Integrated Development of Horticulture (MIDH)","Kisan Credit Card (KCC), Crop Loan, Warehouse Receipt Financing, Tractor / Farm Equipment Loan, NABARD Refinance - Land Development Loan","Unified Package Insurance Scheme (UPIS), Restructured Weather Based Crop Insurance Scheme",4,0.75,Farmer in Uttar Pradesh cultivating Vegetables with land holding >10 Acres and annual income >500000 INR falls into the 'large' farmer segment. Larger land holding and higher income support infrastructure and mechanization financing.
245,"{""state"": ""Uttar Pradesh"", ""crop"": ""Vegetables"", ""land_acres"": ""<5 Acres"", ""income_inr"": ""<300000""}","PM-KISAN, Soil Health Card Scheme, PM Kisan Maandhan Yojana, Mission for Integrated Development of Horticulture (MIDH)","Kisan Credit Card (KCC), SBI Agriculture Gold Loan, Interest Subvention Scheme (Short Term Crop Loan)","Unified Package Insurance Scheme (UPIS), Restructured Weather Based Crop Insurance Scheme",1,0.94,Farmer in Uttar Pradesh cultivating Vegetables with land holding <5 Acres and annual income <300000 INR falls into the 'small-marginal' farmer segment. Eligible for PM-KISAN direct income support due to small/marginal land holding. Low collateral base suggests gold-backed lending as an accessible credit option.
246,"{""state"": ""Uttar Pradesh"", ""crop"": ""Fruits"", ""land_acres"": ""<2 Acres"", ""income_inr"": ""<200000""}","PM-KISAN, Soil Health Card Scheme, PM Kisan Maandhan Yojana, Mission for Integrated Development of Horticulture (MIDH)","Kisan Credit Card (KCC), SBI Agriculture Gold Loan, Interest Subvention Scheme (Short Term Crop Loan)","Unified Package Insurance Scheme (UPIS), Restructured Weather Based Crop Insurance Scheme",1,0.94,Farmer in Uttar Pradesh cultivating Fruits with land holding <2 Acres and annual income <200000 INR falls into the 'marginal' farmer segment. Eligible for PM-KISAN direct income support due to small/marginal land holding. Low collateral base suggests gold-backed lending as an accessible credit option.
247,"{""state"": ""Uttar Pradesh"", ""crop"": ""Fruits"", ""land_acres"": ""2-5 Acres"", ""income_inr"": ""200000-300000""}","PM-KISAN, Soil Health Card Scheme, PM Kisan Maandhan Yojana, Mission for Integrated Development of Horticulture (MIDH)","Kisan Credit Card (KCC), SBI Agriculture Gold Loan, Interest Subvention Scheme (Short Term Crop Loan)","Unified Package Insurance Scheme (UPIS), Restructured Weather Based Crop Insurance Scheme",2,0.94,Farmer in Uttar Pradesh cultivating Fruits with land holding 2-5 Acres and annual income 200000-300000 INR falls into the 'small' farmer segment. Eligible for PM-KISAN direct income support due to small/marginal land holding. Low collateral base suggests gold-backed lending as an accessible credit option.
248,"{""state"": ""Uttar Pradesh"", ""crop"": ""Fruits"", ""land_acres"": ""5-10 Acres"", ""income_inr"": ""300000-500000""}","Soil Health Card Scheme, Rashtriya Krishi Vikas Yojana (RKVY), PM Krishi Sinchai Yojana, Mission for Integrated Development of Horticulture (MIDH)","Kisan Credit Card (KCC), Crop Loan, Farm Mechanization Loan","Unified Package Insurance Scheme (UPIS), Restructured Weather Based Crop Insurance Scheme",3,0.86,Farmer in Uttar Pradesh cultivating Fruits with land holding 5-10 Acres and annual income 300000-500000 INR falls into the 'semi-medium' farmer segment.
249,"{""state"": ""Uttar Pradesh"", ""crop"": ""Fruits"", ""land_acres"": "">10 Acres"", ""income_inr"": "">500000""}","Soil Health Card Scheme, Rashtriya Krishi Vikas Yojana (RKVY), Agriculture Infrastructure Fund, e-NAM Registration, Mission for Integrated Development of Horticulture (MIDH)","Kisan Credit Card (KCC), Crop Loan, Warehouse Receipt Financing, Tractor / Farm Equipment Loan, NABARD Refinance - Land Development Loan","Unified Package Insurance Scheme (UPIS), Restructured Weather Based Crop Insurance Scheme",4,0.8,Farmer in Uttar Pradesh cultivating Fruits with land holding >10 Acres and annual income >500000 INR falls into the 'large' farmer segment. Larger land holding and higher income support infrastructure and mechanization financing.
250,"{""state"": ""Uttar Pradesh"", ""crop"": ""Fruits"", ""land_acres"": ""<5 Acres"", ""income_inr"": ""<300000""}","PM-KISAN, Soil Health Card Scheme, PM Kisan Maandhan Yojana, Mission for Integrated Development of Horticulture (MIDH)","Kisan Credit Card (KCC), SBI Agriculture Gold Loan, Interest Subvention Scheme (Short Term Crop Loan)","Unified Package Insurance Scheme (UPIS), Restructured Weather Based Crop Insurance Scheme",1,0.79,Farmer in Uttar Pradesh cultivating Fruits with land holding <5 Acres and annual income <300000 INR falls into the 'small-marginal' farmer segment. Eligible for PM-KISAN direct income support due to small/marginal land holding. Low collateral base suggests gold-backed lending as an accessible credit option.
251,"{""state"": ""Maharashtra"", ""crop"": ""Cotton"", ""land_acres"": ""<2 Acres"", ""income_inr"": ""<200000""}","PM-KISAN, Soil Health Card Scheme, PM Kisan Maandhan Yojana, PM Krishi Sinchai Yojana - Per Drop More Crop","Kisan Credit Card (KCC), SBI Agriculture Gold Loan, Interest Subvention Scheme (Short Term Crop Loan)","Pradhan Mantri Fasal Bima Yojana (PMFBY), Weather Based Crop Insurance Scheme (WBCIS), Weather Based Crop Insurance Scheme (WBCIS) - Drought Rider",1,0.95,"Farmer in Maharashtra cultivating Cotton with land holding <2 Acres and annual income <200000 INR falls into the 'marginal' farmer segment. Eligible for PM-KISAN direct income support due to small/marginal land holding. Cotton is a priority crop under PMFBY in Maharashtra, warranting crop insurance coverage. Low collateral base suggests gold-backed lending as an accessible credit option. Maharashtra has drought-prone zones, increasing relevance of weather-based insurance for water-intensive Cotton cultivation."
252,"{""state"": ""Maharashtra"", ""crop"": ""Cotton"", ""land_acres"": ""2-5 Acres"", ""income_inr"": ""200000-300000""}","PM-KISAN, Soil Health Card Scheme, PM Kisan Maandhan Yojana, PM Krishi Sinchai Yojana - Per Drop More Crop","Kisan Credit Card (KCC), SBI Agriculture Gold Loan, Interest Subvention Scheme (Short Term Crop Loan)","Pradhan Mantri Fasal Bima Yojana (PMFBY), Weather Based Crop Insurance Scheme (WBCIS), Weather Based Crop Insurance Scheme (WBCIS) - Drought Rider",2,0.85,"Farmer in Maharashtra cultivating Cotton with land holding 2-5 Acres and annual income 200000-300000 INR falls into the 'small' farmer segment. Eligible for PM-KISAN direct income support due to small/marginal land holding. Cotton is a priority crop under PMFBY in Maharashtra, warranting crop insurance coverage. Low collateral base suggests gold-backed lending as an accessible credit option. Maharashtra has drought-prone zones, increasing relevance of weather-based insurance for water-intensive Cotton cultivation."
253,"{""state"": ""Maharashtra"", ""crop"": ""Cotton"", ""land_acres"": ""5-10 Acres"", ""income_inr"": ""300000-500000""}","Soil Health Card Scheme, Rashtriya Krishi Vikas Yojana (RKVY), PM Krishi Sinchai Yojana, PM Krishi Sinchai Yojana - Per Drop More Crop","Kisan Credit Card (KCC), Crop Loan, Farm Mechanization Loan","Pradhan Mantri Fasal Bima Yojana (PMFBY), Weather Based Crop Insurance Scheme (WBCIS), Weather Based Crop Insurance Scheme (WBCIS) - Drought Rider",3,0.94,"Farmer in Maharashtra cultivating Cotton with land holding 5-10 Acres and annual income 300000-500000 INR falls into the 'semi-medium' farmer segment. Cotton is a priority crop under PMFBY in Maharashtra, warranting crop insurance coverage. Maharashtra has drought-prone zones, increasing relevance of weather-based insurance for water-intensive Cotton cultivation."
254,"{""state"": ""Maharashtra"", ""crop"": ""Cotton"", ""land_acres"": "">10 Acres"", ""income_inr"": "">500000""}","Soil Health Card Scheme, Rashtriya Krishi Vikas Yojana (RKVY), Agriculture Infrastructure Fund, e-NAM Registration, PM Krishi Sinchai Yojana - Per Drop More Crop","Kisan Credit Card (KCC), Crop Loan, Warehouse Receipt Financing, Tractor / Farm Equipment Loan, NABARD Refinance - Land Development Loan","Pradhan Mantri Fasal Bima Yojana (PMFBY), Weather Based Crop Insurance Scheme (WBCIS), Weather Based Crop Insurance Scheme (WBCIS) - Drought Rider",4,0.83,"Farmer in Maharashtra cultivating Cotton with land holding >10 Acres and annual income >500000 INR falls into the 'large' farmer segment. Cotton is a priority crop under PMFBY in Maharashtra, warranting crop insurance coverage. Larger land holding and higher income support infrastructure and mechanization financing. Maharashtra has drought-prone zones, increasing relevance of weather-based insurance for water-intensive Cotton cultivation."
255,"{""state"": ""Maharashtra"", ""crop"": ""Cotton"", ""land_acres"": ""<5 Acres"", ""income_inr"": ""<300000""}","PM-KISAN, Soil Health Card Scheme, PM Kisan Maandhan Yojana, PM Krishi Sinchai Yojana - Per Drop More Crop","Kisan Credit Card (KCC), SBI Agriculture Gold Loan, Interest Subvention Scheme (Short Term Crop Loan)","Pradhan Mantri Fasal Bima Yojana (PMFBY), Weather Based Crop Insurance Scheme (WBCIS), Weather Based Crop Insurance Scheme (WBCIS) - Drought Rider",1,0.83,"Farmer in Maharashtra cultivating Cotton with land holding <5 Acres and annual income <300000 INR falls into the 'small-marginal' farmer segment. Eligible for PM-KISAN direct income support due to small/marginal land holding. Cotton is a priority crop under PMFBY in Maharashtra, warranting crop insurance coverage. Low collateral base suggests gold-backed lending as an accessible credit option. Maharashtra has drought-prone zones, increasing relevance of weather-based insurance for water-intensive Cotton cultivation."
256,"{""state"": ""Maharashtra"", ""crop"": ""Rice"", ""land_acres"": ""<2 Acres"", ""income_inr"": ""<200000""}","PM-KISAN, Soil Health Card Scheme, PM Kisan Maandhan Yojana, PM Krishi Sinchai Yojana - Per Drop More Crop","Kisan Credit Card (KCC), SBI Agriculture Gold Loan, Interest Subvention Scheme (Short Term Crop Loan)","Pradhan Mantri Fasal Bima Yojana (PMFBY), Weather Based Crop Insurance Scheme (WBCIS) - Drought Rider",1,0.82,"Farmer in Maharashtra cultivating Rice with land holding <2 Acres and annual income <200000 INR falls into the 'marginal' farmer segment. Eligible for PM-KISAN direct income support due to small/marginal land holding. Rice is a priority crop under PMFBY in Maharashtra, warranting crop insurance coverage. Low collateral base suggests gold-backed lending as an accessible credit option. Maharashtra has drought-prone zones, increasing relevance of weather-based insurance for water-intensive Rice cultivation."
257,"{""state"": ""Maharashtra"", ""crop"": ""Rice"", ""land_acres"": ""2-5 Acres"", ""income_inr"": ""200000-300000""}","PM-KISAN, Soil Health Card Scheme, PM Kisan Maandhan Yojana, PM Krishi Sinchai Yojana - Per Drop More Crop","Kisan Credit Card (KCC), SBI Agriculture Gold Loan, Interest Subvention Scheme (Short Term Crop Loan)","Pradhan Mantri Fasal Bima Yojana (PMFBY), Weather Based Crop Insurance Scheme (WBCIS) - Drought Rider",2,0.89,"Farmer in Maharashtra cultivating Rice with land holding 2-5 Acres and annual income 200000-300000 INR falls into the 'small' farmer segment. Eligible for PM-KISAN direct income support due to small/marginal land holding. Rice is a priority crop under PMFBY in Maharashtra, warranting crop insurance coverage. Low collateral base suggests gold-backed lending as an accessible credit option. Maharashtra has drought-prone zones, increasing relevance of weather-based insurance for water-intensive Rice cultivation."
258,"{""state"": ""Maharashtra"", ""crop"": ""Rice"", ""land_acres"": ""5-10 Acres"", ""income_inr"": ""300000-500000""}","Soil Health Card Scheme, Rashtriya Krishi Vikas Yojana (RKVY), PM Krishi Sinchai Yojana, PM Krishi Sinchai Yojana - Per Drop More Crop","Kisan Credit Card (KCC), Crop Loan, Farm Mechanization Loan","Pradhan Mantri Fasal Bima Yojana (PMFBY), Weather Based Crop Insurance Scheme (WBCIS) - Drought Rider",3,0.91,"Farmer in Maharashtra cultivating Rice with land holding 5-10 Acres and annual income 300000-500000 INR falls into the 'semi-medium' farmer segment. Rice is a priority crop under PMFBY in Maharashtra, warranting crop insurance coverage. Maharashtra has drought-prone zones, increasing relevance of weather-based insurance for water-intensive Rice cultivation."
259,"{""state"": ""Maharashtra"", ""crop"": ""Rice"", ""land_acres"": "">10 Acres"", ""income_inr"": "">500000""}","Soil Health Card Scheme, Rashtriya Krishi Vikas Yojana (RKVY), Agriculture Infrastructure Fund, e-NAM Registration, PM Krishi Sinchai Yojana - Per Drop More Crop","Kisan Credit Card (KCC), Crop Loan, Warehouse Receipt Financing, Tractor / Farm Equipment Loan, NABARD Refinance - Land Development Loan","Pradhan Mantri Fasal Bima Yojana (PMFBY), Weather Based Crop Insurance Scheme (WBCIS) - Drought Rider",4,0.87,"Farmer in Maharashtra cultivating Rice with land holding >10 Acres and annual income >500000 INR falls into the 'large' farmer segment. Rice is a priority crop under PMFBY in Maharashtra, warranting crop insurance coverage. Larger land holding and higher income support infrastructure and mechanization financing. Maharashtra has drought-prone zones, increasing relevance of weather-based insurance for water-intensive Rice cultivation."
260,"{""state"": ""Maharashtra"", ""crop"": ""Rice"", ""land_acres"": ""<5 Acres"", ""income_inr"": ""<300000""}","PM-KISAN, Soil Health Card Scheme, PM Kisan Maandhan Yojana, PM Krishi Sinchai Yojana - Per Drop More Crop","Kisan Credit Card (KCC), SBI Agriculture Gold Loan, Interest Subvention Scheme (Short Term Crop Loan)","Pradhan Mantri Fasal Bima Yojana (PMFBY), Weather Based Crop Insurance Scheme (WBCIS) - Drought Rider",1,0.83,"Farmer in Maharashtra cultivating Rice with land holding <5 Acres and annual income <300000 INR falls into the 'small-marginal' farmer segment. Eligible for PM-KISAN direct income support due to small/marginal land holding. Rice is a priority crop under PMFBY in Maharashtra, warranting crop insurance coverage. Low collateral base suggests gold-backed lending as an accessible credit option. Maharashtra has drought-prone zones, increasing relevance of weather-based insurance for water-intensive Rice cultivation."
261,"{""state"": ""Maharashtra"", ""crop"": ""Wheat"", ""land_acres"": ""<2 Acres"", ""income_inr"": ""<200000""}","PM-KISAN, Soil Health Card Scheme, PM Kisan Maandhan Yojana","Kisan Credit Card (KCC), SBI Agriculture Gold Loan, Interest Subvention Scheme (Short Term Crop Loan)","Pradhan Mantri Fasal Bima Yojana (PMFBY), Weather Based Crop Insurance Scheme (WBCIS) - Drought Rider",1,0.96,"Farmer in Maharashtra cultivating Wheat with land holding <2 Acres and annual income <200000 INR falls into the 'marginal' farmer segment. Eligible for PM-KISAN direct income support due to small/marginal land holding. Wheat is a priority crop under PMFBY in Maharashtra, warranting crop insurance coverage. Low collateral base suggests gold-backed lending as an accessible credit option."
262,"{""state"": ""Maharashtra"", ""crop"": ""Wheat"", ""land_acres"": ""2-5 Acres"", ""income_inr"": ""200000-300000""}","PM-KISAN, Soil Health Card Scheme, PM Kisan Maandhan Yojana","Kisan Credit Card (KCC), SBI Agriculture Gold Loan, Interest Subvention Scheme (Short Term Crop Loan)","Pradhan Mantri Fasal Bima Yojana (PMFBY), Weather Based Crop Insurance Scheme (WBCIS) - Drought Rider",2,0.81,"Farmer in Maharashtra cultivating Wheat with land holding 2-5 Acres and annual income 200000-300000 INR falls into the 'small' farmer segment. Eligible for PM-KISAN direct income support due to small/marginal land holding. Wheat is a priority crop under PMFBY in Maharashtra, warranting crop insurance coverage. Low collateral base suggests gold-backed lending as an accessible credit option."
263,"{""state"": ""Maharashtra"", ""crop"": ""Wheat"", ""land_acres"": ""5-10 Acres"", ""income_inr"": ""300000-500000""}","Soil Health Card Scheme, Rashtriya Krishi Vikas Yojana (RKVY), PM Krishi Sinchai Yojana","Kisan Credit Card (KCC), Crop Loan, Farm Mechanization Loan","Pradhan Mantri Fasal Bima Yojana (PMFBY), Weather Based Crop Insurance Scheme (WBCIS) - Drought Rider",3,0.81,"Farmer in Maharashtra cultivating Wheat with land holding 5-10 Acres and annual income 300000-500000 INR falls into the 'semi-medium' farmer segment. Wheat is a priority crop under PMFBY in Maharashtra, warranting crop insurance coverage."
264,"{""state"": ""Maharashtra"", ""crop"": ""Wheat"", ""land_acres"": "">10 Acres"", ""income_inr"": "">500000""}","Soil Health Card Scheme, Rashtriya Krishi Vikas Yojana (RKVY), Agriculture Infrastructure Fund, e-NAM Registration","Kisan Credit Card (KCC), Crop Loan, Warehouse Receipt Financing, Tractor / Farm Equipment Loan, NABARD Refinance - Land Development Loan","Pradhan Mantri Fasal Bima Yojana (PMFBY), Weather Based Crop Insurance Scheme (WBCIS) - Drought Rider",4,0.76,"Farmer in Maharashtra cultivating Wheat with land holding >10 Acres and annual income >500000 INR falls into the 'large' farmer segment. Wheat is a priority crop under PMFBY in Maharashtra, warranting crop insurance coverage. Larger land holding and higher income support infrastructure and mechanization financing."
265,"{""state"": ""Maharashtra"", ""crop"": ""Wheat"", ""land_acres"": ""<5 Acres"", ""income_inr"": ""<300000""}","PM-KISAN, Soil Health Card Scheme, PM Kisan Maandhan Yojana","Kisan Credit Card (KCC), SBI Agriculture Gold Loan, Interest Subvention Scheme (Short Term Crop Loan)","Pradhan Mantri Fasal Bima Yojana (PMFBY), Weather Based Crop Insurance Scheme (WBCIS) - Drought Rider",1,0.8,"Farmer in Maharashtra cultivating Wheat with land holding <5 Acres and annual income <300000 INR falls into the 'small-marginal' farmer segment. Eligible for PM-KISAN direct income support due to small/marginal land holding. Wheat is a priority crop under PMFBY in Maharashtra, warranting crop insurance coverage. Low collateral base suggests gold-backed lending as an accessible credit option."
266,"{""state"": ""Maharashtra"", ""crop"": ""Sugarcane"", ""land_acres"": ""<2 Acres"", ""income_inr"": ""<200000""}","PM-KISAN, Soil Health Card Scheme, PM Kisan Maandhan Yojana, PM Krishi Sinchai Yojana - Per Drop More Crop","Kisan Credit Card (KCC), SBI Agriculture Gold Loan, Interest Subvention Scheme (Short Term Crop Loan)","Pradhan Mantri Fasal Bima Yojana (PMFBY), Weather Based Crop Insurance Scheme (WBCIS), Weather Based Crop Insurance Scheme (WBCIS) - Drought Rider",1,0.95,"Farmer in Maharashtra cultivating Sugarcane with land holding <2 Acres and annual income <200000 INR falls into the 'marginal' farmer segment. Eligible for PM-KISAN direct income support due to small/marginal land holding. Sugarcane is a priority crop under PMFBY in Maharashtra, warranting crop insurance coverage. Low collateral base suggests gold-backed lending as an accessible credit option. Maharashtra has drought-prone zones, increasing relevance of weather-based insurance for water-intensive Sugarcane cultivation."
267,"{""state"": ""Maharashtra"", ""crop"": ""Sugarcane"", ""land_acres"": ""2-5 Acres"", ""income_inr"": ""200000-300000""}","PM-KISAN, Soil Health Card Scheme, PM Kisan Maandhan Yojana, PM Krishi Sinchai Yojana - Per Drop More Crop","Kisan Credit Card (KCC), SBI Agriculture Gold Loan, Interest Subvention Scheme (Short Term Crop Loan)","Pradhan Mantri Fasal Bima Yojana (PMFBY), Weather Based Crop Insurance Scheme (WBCIS), Weather Based Crop Insurance Scheme (WBCIS) - Drought Rider",2,0.89,"Farmer in Maharashtra cultivating Sugarcane with land holding 2-5 Acres and annual income 200000-300000 INR falls into the 'small' farmer segment. Eligible for PM-KISAN direct income support due to small/marginal land holding. Sugarcane is a priority crop under PMFBY in Maharashtra, warranting crop insurance coverage. Low collateral base suggests gold-backed lending as an accessible credit option. Maharashtra has drought-prone zones, increasing relevance of weather-based insurance for water-intensive Sugarcane cultivation."
268,"{""state"": ""Maharashtra"", ""crop"": ""Sugarcane"", ""land_acres"": ""5-10 Acres"", ""income_inr"": ""300000-500000""}","Soil Health Card Scheme, Rashtriya Krishi Vikas Yojana (RKVY), PM Krishi Sinchai Yojana, PM Krishi Sinchai Yojana - Per Drop More Crop","Kisan Credit Card (KCC), Crop Loan, Farm Mechanization Loan","Pradhan Mantri Fasal Bima Yojana (PMFBY), Weather Based Crop Insurance Scheme (WBCIS), Weather Based Crop Insurance Scheme (WBCIS) - Drought Rider",3,0.78,"Farmer in Maharashtra cultivating Sugarcane with land holding 5-10 Acres and annual income 300000-500000 INR falls into the 'semi-medium' farmer segment. Sugarcane is a priority crop under PMFBY in Maharashtra, warranting crop insurance coverage. Maharashtra has drought-prone zones, increasing relevance of weather-based insurance for water-intensive Sugarcane cultivation."
269,"{""state"": ""Maharashtra"", ""crop"": ""Sugarcane"", ""land_acres"": "">10 Acres"", ""income_inr"": "">500000""}","Soil Health Card Scheme, Rashtriya Krishi Vikas Yojana (RKVY), Agriculture Infrastructure Fund, e-NAM Registration, PM Krishi Sinchai Yojana - Per Drop More Crop","Kisan Credit Card (KCC), Crop Loan, Warehouse Receipt Financing, Tractor / Farm Equipment Loan, NABARD Refinance - Land Development Loan","Pradhan Mantri Fasal Bima Yojana (PMFBY), Weather Based Crop Insurance Scheme (WBCIS), Weather Based Crop Insurance Scheme (WBCIS) - Drought Rider",4,0.82,"Farmer in Maharashtra cultivating Sugarcane with land holding >10 Acres and annual income >500000 INR falls into the 'large' farmer segment. Sugarcane is a priority crop under PMFBY in Maharashtra, warranting crop insurance coverage. Larger land holding and higher income support infrastructure and mechanization financing. Maharashtra has drought-prone zones, increasing relevance of weather-based insurance for water-intensive Sugarcane cultivation."
270,"{""state"": ""Maharashtra"", ""crop"": ""Sugarcane"", ""land_acres"": ""<5 Acres"", ""income_inr"": ""<300000""}","PM-KISAN, Soil Health Card Scheme, PM Kisan Maandhan Yojana, PM Krishi Sinchai Yojana - Per Drop More Crop","Kisan Credit Card (KCC), SBI Agriculture Gold Loan, Interest Subvention Scheme (Short Term Crop Loan)","Pradhan Mantri Fasal Bima Yojana (PMFBY), Weather Based Crop Insurance Scheme (WBCIS), Weather Based Crop Insurance Scheme (WBCIS) - Drought Rider",1,0.96,"Farmer in Maharashtra cultivating Sugarcane with land holding <5 Acres and annual income <300000 INR falls into the 'small-marginal' farmer segment. Eligible for PM-KISAN direct income support due to small/marginal land holding. Sugarcane is a priority crop under PMFBY in Maharashtra, warranting crop insurance coverage. Low collateral base suggests gold-backed lending as an accessible credit option. Maharashtra has drought-prone zones, increasing relevance of weather-based insurance for water-intensive Sugarcane cultivation."
271,"{""state"": ""Maharashtra"", ""crop"": ""Soybean"", ""land_acres"": ""<2 Acres"", ""income_inr"": ""<200000""}","PM-KISAN, Soil Health Card Scheme, PM Kisan Maandhan Yojana, National Food Security Mission (NFSM)","Kisan Credit Card (KCC), SBI Agriculture Gold Loan, Interest Subvention Scheme (Short Term Crop Loan)","Pradhan Mantri Fasal Bima Yojana (PMFBY), Weather Based Crop Insurance Scheme (WBCIS) - Drought Rider",1,0.82,"Farmer in Maharashtra cultivating Soybean with land holding <2 Acres and annual income <200000 INR falls into the 'marginal' farmer segment. Eligible for PM-KISAN direct income support due to small/marginal land holding. Soybean is a priority crop under PMFBY in Maharashtra, warranting crop insurance coverage. Low collateral base suggests gold-backed lending as an accessible credit option."
272,"{""state"": ""Maharashtra"", ""crop"": ""Soybean"", ""land_acres"": ""2-5 Acres"", ""income_inr"": ""200000-300000""}","PM-KISAN, Soil Health Card Scheme, PM Kisan Maandhan Yojana, National Food Security Mission (NFSM)","Kisan Credit Card (KCC), SBI Agriculture Gold Loan, Interest Subvention Scheme (Short Term Crop Loan)","Pradhan Mantri Fasal Bima Yojana (PMFBY), Weather Based Crop Insurance Scheme (WBCIS) - Drought Rider",2,0.91,"Farmer in Maharashtra cultivating Soybean with land holding 2-5 Acres and annual income 200000-300000 INR falls into the 'small' farmer segment. Eligible for PM-KISAN direct income support due to small/marginal land holding. Soybean is a priority crop under PMFBY in Maharashtra, warranting crop insurance coverage. Low collateral base suggests gold-backed lending as an accessible credit option."
273,"{""state"": ""Maharashtra"", ""crop"": ""Soybean"", ""land_acres"": ""5-10 Acres"", ""income_inr"": ""300000-500000""}","Soil Health Card Scheme, Rashtriya Krishi Vikas Yojana (RKVY), PM Krishi Sinchai Yojana, National Food Security Mission (NFSM)","Kisan Credit Card (KCC), Crop Loan, Farm Mechanization Loan","Pradhan Mantri Fasal Bima Yojana (PMFBY), Weather Based Crop Insurance Scheme (WBCIS) - Drought Rider",3,0.95,"Farmer in Maharashtra cultivating Soybean with land holding 5-10 Acres and annual income 300000-500000 INR falls into the 'semi-medium' farmer segment. Soybean is a priority crop under PMFBY in Maharashtra, warranting crop insurance coverage."
274,"{""state"": ""Maharashtra"", ""crop"": ""Soybean"", ""land_acres"": "">10 Acres"", ""income_inr"": "">500000""}","Soil Health Card Scheme, Rashtriya Krishi Vikas Yojana (RKVY), Agriculture Infrastructure Fund, e-NAM Registration, National Food Security Mission (NFSM)","Kisan Credit Card (KCC), Crop Loan, Warehouse Receipt Financing, Tractor / Farm Equipment Loan, NABARD Refinance - Land Development Loan","Pradhan Mantri Fasal Bima Yojana (PMFBY), Weather Based Crop Insurance Scheme (WBCIS) - Drought Rider",4,0.81,"Farmer in Maharashtra cultivating Soybean with land holding >10 Acres and annual income >500000 INR falls into the 'large' farmer segment. Soybean is a priority crop under PMFBY in Maharashtra, warranting crop insurance coverage. Larger land holding and higher income support infrastructure and mechanization financing."
275,"{""state"": ""Maharashtra"", ""crop"": ""Soybean"", ""land_acres"": ""<5 Acres"", ""income_inr"": ""<300000""}","PM-KISAN, Soil Health Card Scheme, PM Kisan Maandhan Yojana, National Food Security Mission (NFSM)","Kisan Credit Card (KCC), SBI Agriculture Gold Loan, Interest Subvention Scheme (Short Term Crop Loan)","Pradhan Mantri Fasal Bima Yojana (PMFBY), Weather Based Crop Insurance Scheme (WBCIS) - Drought Rider",1,0.89,"Farmer in Maharashtra cultivating Soybean with land holding <5 Acres and annual income <300000 INR falls into the 'small-marginal' farmer segment. Eligible for PM-KISAN direct income support due to small/marginal land holding. Soybean is a priority crop under PMFBY in Maharashtra, warranting crop insurance coverage. Low collateral base suggests gold-backed lending as an accessible credit option."
276,"{""state"": ""Maharashtra"", ""crop"": ""Maize"", ""land_acres"": ""<2 Acres"", ""income_inr"": ""<200000""}","PM-KISAN, Soil Health Card Scheme, PM Kisan Maandhan Yojana","Kisan Credit Card (KCC), SBI Agriculture Gold Loan, Interest Subvention Scheme (Short Term Crop Loan)","Pradhan Mantri Fasal Bima Yojana (PMFBY), Weather Based Crop Insurance Scheme (WBCIS) - Drought Rider",1,0.97,"Farmer in Maharashtra cultivating Maize with land holding <2 Acres and annual income <200000 INR falls into the 'marginal' farmer segment. Eligible for PM-KISAN direct income support due to small/marginal land holding. Maize is a priority crop under PMFBY in Maharashtra, warranting crop insurance coverage. Low collateral base suggests gold-backed lending as an accessible credit option."
277,"{""state"": ""Maharashtra"", ""crop"": ""Maize"", ""land_acres"": ""2-5 Acres"", ""income_inr"": ""200000-300000""}","PM-KISAN, Soil Health Card Scheme, PM Kisan Maandhan Yojana","Kisan Credit Card (KCC), SBI Agriculture Gold Loan, Interest Subvention Scheme (Short Term Crop Loan)","Pradhan Mantri Fasal Bima Yojana (PMFBY), Weather Based Crop Insurance Scheme (WBCIS) - Drought Rider",2,0.89,"Farmer in Maharashtra cultivating Maize with land holding 2-5 Acres and annual income 200000-300000 INR falls into the 'small' farmer segment. Eligible for PM-KISAN direct income support due to small/marginal land holding. Maize is a priority crop under PMFBY in Maharashtra, warranting crop insurance coverage. Low collateral base suggests gold-backed lending as an accessible credit option."
278,"{""state"": ""Maharashtra"", ""crop"": ""Maize"", ""land_acres"": ""5-10 Acres"", ""income_inr"": ""300000-500000""}","Soil Health Card Scheme, Rashtriya Krishi Vikas Yojana (RKVY), PM Krishi Sinchai Yojana","Kisan Credit Card (KCC), Crop Loan, Farm Mechanization Loan","Pradhan Mantri Fasal Bima Yojana (PMFBY), Weather Based Crop Insurance Scheme (WBCIS) - Drought Rider",3,0.8,"Farmer in Maharashtra cultivating Maize with land holding 5-10 Acres and annual income 300000-500000 INR falls into the 'semi-medium' farmer segment. Maize is a priority crop under PMFBY in Maharashtra, warranting crop insurance coverage."
279,"{""state"": ""Maharashtra"", ""crop"": ""Maize"", ""land_acres"": "">10 Acres"", ""income_inr"": "">500000""}","Soil Health Card Scheme, Rashtriya Krishi Vikas Yojana (RKVY), Agriculture Infrastructure Fund, e-NAM Registration","Kisan Credit Card (KCC), Crop Loan, Warehouse Receipt Financing, Tractor / Farm Equipment Loan, NABARD Refinance - Land Development Loan","Pradhan Mantri Fasal Bima Yojana (PMFBY), Weather Based Crop Insurance Scheme (WBCIS) - Drought Rider",4,0.93,"Farmer in Maharashtra cultivating Maize with land holding >10 Acres and annual income >500000 INR falls into the 'large' farmer segment. Maize is a priority crop under PMFBY in Maharashtra, warranting crop insurance coverage. Larger land holding and higher income support infrastructure and mechanization financing."
280,"{""state"": ""Maharashtra"", ""crop"": ""Maize"", ""land_acres"": ""<5 Acres"", ""income_inr"": ""<300000""}","PM-KISAN, Soil Health Card Scheme, PM Kisan Maandhan Yojana","Kisan Credit Card (KCC), SBI Agriculture Gold Loan, Interest Subvention Scheme (Short Term Crop Loan)","Pradhan Mantri Fasal Bima Yojana (PMFBY), Weather Based Crop Insurance Scheme (WBCIS) - Drought Rider",1,0.89,"Farmer in Maharashtra cultivating Maize with land holding <5 Acres and annual income <300000 INR falls into the 'small-marginal' farmer segment. Eligible for PM-KISAN direct income support due to small/marginal land holding. Maize is a priority crop under PMFBY in Maharashtra, warranting crop insurance coverage. Low collateral base suggests gold-backed lending as an accessible credit option."
281,"{""state"": ""Maharashtra"", ""crop"": ""Groundnut"", ""land_acres"": ""<2 Acres"", ""income_inr"": ""<200000""}","PM-KISAN, Soil Health Card Scheme, PM Kisan Maandhan Yojana, National Food Security Mission (NFSM)","Kisan Credit Card (KCC), SBI Agriculture Gold Loan, Interest Subvention Scheme (Short Term Crop Loan)","Pradhan Mantri Fasal Bima Yojana (PMFBY), Weather Based Crop Insurance Scheme (WBCIS) - Drought Rider",1,0.83,"Farmer in Maharashtra cultivating Groundnut with land holding <2 Acres and annual income <200000 INR falls into the 'marginal' farmer segment. Eligible for PM-KISAN direct income support due to small/marginal land holding. Groundnut is a priority crop under PMFBY in Maharashtra, warranting crop insurance coverage. Low collateral base suggests gold-backed lending as an accessible credit option."
282,"{""state"": ""Maharashtra"", ""crop"": ""Groundnut"", ""land_acres"": ""2-5 Acres"", ""income_inr"": ""200000-300000""}","PM-KISAN, Soil Health Card Scheme, PM Kisan Maandhan Yojana, National Food Security Mission (NFSM)","Kisan Credit Card (KCC), SBI Agriculture Gold Loan, Interest Subvention Scheme (Short Term Crop Loan)","Pradhan Mantri Fasal Bima Yojana (PMFBY), Weather Based Crop Insurance Scheme (WBCIS) - Drought Rider",2,0.84,"Farmer in Maharashtra cultivating Groundnut with land holding 2-5 Acres and annual income 200000-300000 INR falls into the 'small' farmer segment. Eligible for PM-KISAN direct income support due to small/marginal land holding. Groundnut is a priority crop under PMFBY in Maharashtra, warranting crop insurance coverage. Low collateral base suggests gold-backed lending as an accessible credit option."
283,"{""state"": ""Maharashtra"", ""crop"": ""Groundnut"", ""land_acres"": ""5-10 Acres"", ""income_inr"": ""300000-500000""}","Soil Health Card Scheme, Rashtriya Krishi Vikas Yojana (RKVY), PM Krishi Sinchai Yojana, National Food Security Mission (NFSM)","Kisan Credit Card (KCC), Crop Loan, Farm Mechanization Loan","Pradhan Mantri Fasal Bima Yojana (PMFBY), Weather Based Crop Insurance Scheme (WBCIS) - Drought Rider",3,0.81,"Farmer in Maharashtra cultivating Groundnut with land holding 5-10 Acres and annual income 300000-500000 INR falls into the 'semi-medium' farmer segment. Groundnut is a priority crop under PMFBY in Maharashtra, warranting crop insurance coverage."
284,"{""state"": ""Maharashtra"", ""crop"": ""Groundnut"", ""land_acres"": "">10 Acres"", ""income_inr"": "">500000""}","Soil Health Card Scheme, Rashtriya Krishi Vikas Yojana (RKVY), Agriculture Infrastructure Fund, e-NAM Registration, National Food Security Mission (NFSM)","Kisan Credit Card (KCC), Crop Loan, Warehouse Receipt Financing, Tractor / Farm Equipment Loan, NABARD Refinance - Land Development Loan","Pradhan Mantri Fasal Bima Yojana (PMFBY), Weather Based Crop Insurance Scheme (WBCIS) - Drought Rider",4,0.95,"Farmer in Maharashtra cultivating Groundnut with land holding >10 Acres and annual income >500000 INR falls into the 'large' farmer segment. Groundnut is a priority crop under PMFBY in Maharashtra, warranting crop insurance coverage. Larger land holding and higher income support infrastructure and mechanization financing."
285,"{""state"": ""Maharashtra"", ""crop"": ""Groundnut"", ""land_acres"": ""<5 Acres"", ""income_inr"": ""<300000""}","PM-KISAN, Soil Health Card Scheme, PM Kisan Maandhan Yojana, National Food Security Mission (NFSM)","Kisan Credit Card (KCC), SBI Agriculture Gold Loan, Interest Subvention Scheme (Short Term Crop Loan)","Pradhan Mantri Fasal Bima Yojana (PMFBY), Weather Based Crop Insurance Scheme (WBCIS) - Drought Rider",1,0.95,"Farmer in Maharashtra cultivating Groundnut with land holding <5 Acres and annual income <300000 INR falls into the 'small-marginal' farmer segment. Eligible for PM-KISAN direct income support due to small/marginal land holding. Groundnut is a priority crop under PMFBY in Maharashtra, warranting crop insurance coverage. Low collateral base suggests gold-backed lending as an accessible credit option."
286,"{""state"": ""Maharashtra"", ""crop"": ""Pulses"", ""land_acres"": ""<2 Acres"", ""income_inr"": ""<200000""}","PM-KISAN, Soil Health Card Scheme, PM Kisan Maandhan Yojana, National Food Security Mission (NFSM)","Kisan Credit Card (KCC), SBI Agriculture Gold Loan, Interest Subvention Scheme (Short Term Crop Loan)","Pradhan Mantri Fasal Bima Yojana (PMFBY), Weather Based Crop Insurance Scheme (WBCIS) - Drought Rider",1,0.85,"Farmer in Maharashtra cultivating Pulses with land holding <2 Acres and annual income <200000 INR falls into the 'marginal' farmer segment. Eligible for PM-KISAN direct income support due to small/marginal land holding. Pulses is a priority crop under PMFBY in Maharashtra, warranting crop insurance coverage. Low collateral base suggests gold-backed lending as an accessible credit option."
287,"{""state"": ""Maharashtra"", ""crop"": ""Pulses"", ""land_acres"": ""2-5 Acres"", ""income_inr"": ""200000-300000""}","PM-KISAN, Soil Health Card Scheme, PM Kisan Maandhan Yojana, National Food Security Mission (NFSM)","Kisan Credit Card (KCC), SBI Agriculture Gold Loan, Interest Subvention Scheme (Short Term Crop Loan)","Pradhan Mantri Fasal Bima Yojana (PMFBY), Weather Based Crop Insurance Scheme (WBCIS) - Drought Rider",2,0.77,"Farmer in Maharashtra cultivating Pulses with land holding 2-5 Acres and annual income 200000-300000 INR falls into the 'small' farmer segment. Eligible for PM-KISAN direct income support due to small/marginal land holding. Pulses is a priority crop under PMFBY in Maharashtra, warranting crop insurance coverage. Low collateral base suggests gold-backed lending as an accessible credit option."
288,"{""state"": ""Maharashtra"", ""crop"": ""Pulses"", ""land_acres"": ""5-10 Acres"", ""income_inr"": ""300000-500000""}","Soil Health Card Scheme, Rashtriya Krishi Vikas Yojana (RKVY), PM Krishi Sinchai Yojana, National Food Security Mission (NFSM)","Kisan Credit Card (KCC), Crop Loan, Farm Mechanization Loan","Pradhan Mantri Fasal Bima Yojana (PMFBY), Weather Based Crop Insurance Scheme (WBCIS) - Drought Rider",3,0.93,"Farmer in Maharashtra cultivating Pulses with land holding 5-10 Acres and annual income 300000-500000 INR falls into the 'semi-medium' farmer segment. Pulses is a priority crop under PMFBY in Maharashtra, warranting crop insurance coverage."
289,"{""state"": ""Maharashtra"", ""crop"": ""Pulses"", ""land_acres"": "">10 Acres"", ""income_inr"": "">500000""}","Soil Health Card Scheme, Rashtriya Krishi Vikas Yojana (RKVY), Agriculture Infrastructure Fund, e-NAM Registration, National Food Security Mission (NFSM)","Kisan Credit Card (KCC), Crop Loan, Warehouse Receipt Financing, Tractor / Farm Equipment Loan, NABARD Refinance - Land Development Loan","Pradhan Mantri Fasal Bima Yojana (PMFBY), Weather Based Crop Insurance Scheme (WBCIS) - Drought Rider",4,0.88,"Farmer in Maharashtra cultivating Pulses with land holding >10 Acres and annual income >500000 INR falls into the 'large' farmer segment. Pulses is a priority crop under PMFBY in Maharashtra, warranting crop insurance coverage. Larger land holding and higher income support infrastructure and mechanization financing."
290,"{""state"": ""Maharashtra"", ""crop"": ""Pulses"", ""land_acres"": ""<5 Acres"", ""income_inr"": ""<300000""}","PM-KISAN, Soil Health Card Scheme, PM Kisan Maandhan Yojana, National Food Security Mission (NFSM)","Kisan Credit Card (KCC), SBI Agriculture Gold Loan, Interest Subvention Scheme (Short Term Crop Loan)","Pradhan Mantri Fasal Bima Yojana (PMFBY), Weather Based Crop Insurance Scheme (WBCIS) - Drought Rider",1,0.94,"Farmer in Maharashtra cultivating Pulses with land holding <5 Acres and annual income <300000 INR falls into the 'small-marginal' farmer segment. Eligible for PM-KISAN direct income support due to small/marginal land holding. Pulses is a priority crop under PMFBY in Maharashtra, warranting crop insurance coverage. Low collateral base suggests gold-backed lending as an accessible credit option."
291,"{""state"": ""Maharashtra"", ""crop"": ""Vegetables"", ""land_acres"": ""<2 Acres"", ""income_inr"": ""<200000""}","PM-KISAN, Soil Health Card Scheme, PM Kisan Maandhan Yojana, Mission for Integrated Development of Horticulture (MIDH)","Kisan Credit Card (KCC), SBI Agriculture Gold Loan, Interest Subvention Scheme (Short Term Crop Loan)","Unified Package Insurance Scheme (UPIS), Restructured Weather Based Crop Insurance Scheme, Weather Based Crop Insurance Scheme (WBCIS) - Drought Rider",1,0.88,Farmer in Maharashtra cultivating Vegetables with land holding <2 Acres and annual income <200000 INR falls into the 'marginal' farmer segment. Eligible for PM-KISAN direct income support due to small/marginal land holding. Low collateral base suggests gold-backed lending as an accessible credit option.
292,"{""state"": ""Maharashtra"", ""crop"": ""Vegetables"", ""land_acres"": ""2-5 Acres"", ""income_inr"": ""200000-300000""}","PM-KISAN, Soil Health Card Scheme, PM Kisan Maandhan Yojana, Mission for Integrated Development of Horticulture (MIDH)","Kisan Credit Card (KCC), SBI Agriculture Gold Loan, Interest Subvention Scheme (Short Term Crop Loan)","Unified Package Insurance Scheme (UPIS), Restructured Weather Based Crop Insurance Scheme, Weather Based Crop Insurance Scheme (WBCIS) - Drought Rider",2,0.78,Farmer in Maharashtra cultivating Vegetables with land holding 2-5 Acres and annual income 200000-300000 INR falls into the 'small' farmer segment. Eligible for PM-KISAN direct income support due to small/marginal land holding. Low collateral base suggests gold-backed lending as an accessible credit option.
293,"{""state"": ""Maharashtra"", ""crop"": ""Vegetables"", ""land_acres"": ""5-10 Acres"", ""income_inr"": ""300000-500000""}","Soil Health Card Scheme, Rashtriya Krishi Vikas Yojana (RKVY), PM Krishi Sinchai Yojana, Mission for Integrated Development of Horticulture (MIDH)","Kisan Credit Card (KCC), Crop Loan, Farm Mechanization Loan","Unified Package Insurance Scheme (UPIS), Restructured Weather Based Crop Insurance Scheme, Weather Based Crop Insurance Scheme (WBCIS) - Drought Rider",3,0.8,Farmer in Maharashtra cultivating Vegetables with land holding 5-10 Acres and annual income 300000-500000 INR falls into the 'semi-medium' farmer segment.
294,"{""state"": ""Maharashtra"", ""crop"": ""Vegetables"", ""land_acres"": "">10 Acres"", ""income_inr"": "">500000""}","Soil Health Card Scheme, Rashtriya Krishi Vikas Yojana (RKVY), Agriculture Infrastructure Fund, e-NAM Registration, Mission for Integrated Development of Horticulture (MIDH)","Kisan Credit Card (KCC), Crop Loan, Warehouse Receipt Financing, Tractor / Farm Equipment Loan, NABARD Refinance - Land Development Loan","Unified Package Insurance Scheme (UPIS), Restructured Weather Based Crop Insurance Scheme, Weather Based Crop Insurance Scheme (WBCIS) - Drought Rider",4,0.77,Farmer in Maharashtra cultivating Vegetables with land holding >10 Acres and annual income >500000 INR falls into the 'large' farmer segment. Larger land holding and higher income support infrastructure and mechanization financing.
295,"{""state"": ""Maharashtra"", ""crop"": ""Vegetables"", ""land_acres"": ""<5 Acres"", ""income_inr"": ""<300000""}","PM-KISAN, Soil Health Card Scheme, PM Kisan Maandhan Yojana, Mission for Integrated Development of Horticulture (MIDH)","Kisan Credit Card (KCC), SBI Agriculture Gold Loan, Interest Subvention Scheme (Short Term Crop Loan)","Unified Package Insurance Scheme (UPIS), Restructured Weather Based Crop Insurance Scheme, Weather Based Crop Insurance Scheme (WBCIS) - Drought Rider",1,0.93,Farmer in Maharashtra cultivating Vegetables with land holding <5 Acres and annual income <300000 INR falls into the 'small-marginal' farmer segment. Eligible for PM-KISAN direct income support due to small/marginal land holding. Low collateral base suggests gold-backed lending as an accessible credit option.
296,"{""state"": ""Maharashtra"", ""crop"": ""Fruits"", ""land_acres"": ""<2 Acres"", ""income_inr"": ""<200000""}","PM-KISAN, Soil Health Card Scheme, PM Kisan Maandhan Yojana, Mission for Integrated Development of Horticulture (MIDH)","Kisan Credit Card (KCC), SBI Agriculture Gold Loan, Interest Subvention Scheme (Short Term Crop Loan)","Unified Package Insurance Scheme (UPIS), Restructured Weather Based Crop Insurance Scheme, Weather Based Crop Insurance Scheme (WBCIS) - Drought Rider",1,0.88,Farmer in Maharashtra cultivating Fruits with land holding <2 Acres and annual income <200000 INR falls into the 'marginal' farmer segment. Eligible for PM-KISAN direct income support due to small/marginal land holding. Low collateral base suggests gold-backed lending as an accessible credit option.
297,"{""state"": ""Maharashtra"", ""crop"": ""Fruits"", ""land_acres"": ""2-5 Acres"", ""income_inr"": ""200000-300000""}","PM-KISAN, Soil Health Card Scheme, PM Kisan Maandhan Yojana, Mission for Integrated Development of Horticulture (MIDH)","Kisan Credit Card (KCC), SBI Agriculture Gold Loan, Interest Subvention Scheme (Short Term Crop Loan)","Unified Package Insurance Scheme (UPIS), Restructured Weather Based Crop Insurance Scheme, Weather Based Crop Insurance Scheme (WBCIS) - Drought Rider",2,0.91,Farmer in Maharashtra cultivating Fruits with land holding 2-5 Acres and annual income 200000-300000 INR falls into the 'small' farmer segment. Eligible for PM-KISAN direct income support due to small/marginal land holding. Low collateral base suggests gold-backed lending as an accessible credit option.
298,"{""state"": ""Maharashtra"", ""crop"": ""Fruits"", ""land_acres"": ""5-10 Acres"", ""income_inr"": ""300000-500000""}","Soil Health Card Scheme, Rashtriya Krishi Vikas Yojana (RKVY), PM Krishi Sinchai Yojana, Mission for Integrated Development of Horticulture (MIDH)","Kisan Credit Card (KCC), Crop Loan, Farm Mechanization Loan","Unified Package Insurance Scheme (UPIS), Restructured Weather Based Crop Insurance Scheme, Weather Based Crop Insurance Scheme (WBCIS) - Drought Rider",3,0.82,Farmer in Maharashtra cultivating Fruits with land holding 5-10 Acres and annual income 300000-500000 INR falls into the 'semi-medium' farmer segment.
299,"{""state"": ""Maharashtra"", ""crop"": ""Fruits"", ""land_acres"": "">10 Acres"", ""income_inr"": "">500000""}","Soil Health Card Scheme, Rashtriya Krishi Vikas Yojana (RKVY), Agriculture Infrastructure Fund, e-NAM Registration, Mission for Integrated Development of Horticulture (MIDH)","Kisan Credit Card (KCC), Crop Loan, Warehouse Receipt Financing, Tractor / Farm Equipment Loan, NABARD Refinance - Land Development Loan","Unified Package Insurance Scheme (UPIS), Restructured Weather Based Crop Insurance Scheme, Weather Based Crop Insurance Scheme (WBCIS) - Drought Rider",4,0.93,Farmer in Maharashtra cultivating Fruits with land holding >10 Acres and annual income >500000 INR falls into the 'large' farmer segment. Larger land holding and higher income support infrastructure and mechanization financing.
300,"{""state"": ""Maharashtra"", ""crop"": ""Fruits"", ""land_acres"": ""<5 Acres"", ""income_inr"": ""<300000""}","PM-KISAN, Soil Health Card Scheme, PM Kisan Maandhan Yojana, Mission for Integrated Development of Horticulture (MIDH)","Kisan Credit Card (KCC), SBI Agriculture Gold Loan, Interest Subvention Scheme (Short Term Crop Loan)","Unified Package Insurance Scheme (UPIS), Restructured Weather Based Crop Insurance Scheme, Weather Based Crop Insurance Scheme (WBCIS) - Drought Rider",1,0.87,Farmer in Maharashtra cultivating Fruits with land holding <5 Acres and annual income <300000 INR falls into the 'small-marginal' farmer segment. Eligible for PM-KISAN direct income support due to small/marginal land holding. Low collateral base suggests gold-backed lending as an accessible credit option.
301,"{""state"": ""Madhya Pradesh"", ""crop"": ""Cotton"", ""land_acres"": ""<2 Acres"", ""income_inr"": ""<200000""}","PM-KISAN, Soil Health Card Scheme, PM Kisan Maandhan Yojana, PM Krishi Sinchai Yojana - Per Drop More Crop","Kisan Credit Card (KCC), SBI Agriculture Gold Loan, Interest Subvention Scheme (Short Term Crop Loan)","Pradhan Mantri Fasal Bima Yojana (PMFBY), Weather Based Crop Insurance Scheme (WBCIS), Weather Based Crop Insurance Scheme (WBCIS) - Drought Rider",1,0.89,"Farmer in Madhya Pradesh cultivating Cotton with land holding <2 Acres and annual income <200000 INR falls into the 'marginal' farmer segment. Eligible for PM-KISAN direct income support due to small/marginal land holding. Cotton is a priority crop under PMFBY in Madhya Pradesh, warranting crop insurance coverage. Low collateral base suggests gold-backed lending as an accessible credit option. Madhya Pradesh has drought-prone zones, increasing relevance of weather-based insurance for water-intensive Cotton cultivation."
302,"{""state"": ""Madhya Pradesh"", ""crop"": ""Cotton"", ""land_acres"": ""2-5 Acres"", ""income_inr"": ""200000-300000""}","PM-KISAN, Soil Health Card Scheme, PM Kisan Maandhan Yojana, PM Krishi Sinchai Yojana - Per Drop More Crop","Kisan Credit Card (KCC), SBI Agriculture Gold Loan, Interest Subvention Scheme (Short Term Crop Loan)","Pradhan Mantri Fasal Bima Yojana (PMFBY), Weather Based Crop Insurance Scheme (WBCIS), Weather Based Crop Insurance Scheme (WBCIS) - Drought Rider",2,0.77,"Farmer in Madhya Pradesh cultivating Cotton with land holding 2-5 Acres and annual income 200000-300000 INR falls into the 'small' farmer segment. Eligible for PM-KISAN direct income support due to small/marginal land holding. Cotton is a priority crop under PMFBY in Madhya Pradesh, warranting crop insurance coverage. Low collateral base suggests gold-backed lending as an accessible credit option. Madhya Pradesh has drought-prone zones, increasing relevance of weather-based insurance for water-intensive Cotton cultivation."
303,"{""state"": ""Madhya Pradesh"", ""crop"": ""Cotton"", ""land_acres"": ""5-10 Acres"", ""income_inr"": ""300000-500000""}","Soil Health Card Scheme, Rashtriya Krishi Vikas Yojana (RKVY), PM Krishi Sinchai Yojana, PM Krishi Sinchai Yojana - Per Drop More Crop","Kisan Credit Card (KCC), Crop Loan, Farm Mechanization Loan","Pradhan Mantri Fasal Bima Yojana (PMFBY), Weather Based Crop Insurance Scheme (WBCIS), Weather Based Crop Insurance Scheme (WBCIS) - Drought Rider",3,0.83,"Farmer in Madhya Pradesh cultivating Cotton with land holding 5-10 Acres and annual income 300000-500000 INR falls into the 'semi-medium' farmer segment. Cotton is a priority crop under PMFBY in Madhya Pradesh, warranting crop insurance coverage. Madhya Pradesh has drought-prone zones, increasing relevance of weather-based insurance for water-intensive Cotton cultivation."
304,"{""state"": ""Madhya Pradesh"", ""crop"": ""Cotton"", ""land_acres"": "">10 Acres"", ""income_inr"": "">500000""}","Soil Health Card Scheme, Rashtriya Krishi Vikas Yojana (RKVY), Agriculture Infrastructure Fund, e-NAM Registration, PM Krishi Sinchai Yojana - Per Drop More Crop","Kisan Credit Card (KCC), Crop Loan, Warehouse Receipt Financing, Tractor / Farm Equipment Loan, NABARD Refinance - Land Development Loan","Pradhan Mantri Fasal Bima Yojana (PMFBY), Weather Based Crop Insurance Scheme (WBCIS), Weather Based Crop Insurance Scheme (WBCIS) - Drought Rider",4,0.84,"Farmer in Madhya Pradesh cultivating Cotton with land holding >10 Acres and annual income >500000 INR falls into the 'large' farmer segment. Cotton is a priority crop under PMFBY in Madhya Pradesh, warranting crop insurance coverage. Larger land holding and higher income support infrastructure and mechanization financing. Madhya Pradesh has drought-prone zones, increasing relevance of weather-based insurance for water-intensive Cotton cultivation."
305,"{""state"": ""Madhya Pradesh"", ""crop"": ""Cotton"", ""land_acres"": ""<5 Acres"", ""income_inr"": ""<300000""}","PM-KISAN, Soil Health Card Scheme, PM Kisan Maandhan Yojana, PM Krishi Sinchai Yojana - Per Drop More Crop","Kisan Credit Card (KCC), SBI Agriculture Gold Loan, Interest Subvention Scheme (Short Term Crop Loan)","Pradhan Mantri Fasal Bima Yojana (PMFBY), Weather Based Crop Insurance Scheme (WBCIS), Weather Based Crop Insurance Scheme (WBCIS) - Drought Rider",1,0.8,"Farmer in Madhya Pradesh cultivating Cotton with land holding <5 Acres and annual income <300000 INR falls into the 'small-marginal' farmer segment. Eligible for PM-KISAN direct income support due to small/marginal land holding. Cotton is a priority crop under PMFBY in Madhya Pradesh, warranting crop insurance coverage. Low collateral base suggests gold-backed lending as an accessible credit option. Madhya Pradesh has drought-prone zones, increasing relevance of weather-based insurance for water-intensive Cotton cultivation."
306,"{""state"": ""Madhya Pradesh"", ""crop"": ""Rice"", ""land_acres"": ""<2 Acres"", ""income_inr"": ""<200000""}","PM-KISAN, Soil Health Card Scheme, PM Kisan Maandhan Yojana, PM Krishi Sinchai Yojana - Per Drop More Crop","Kisan Credit Card (KCC), SBI Agriculture Gold Loan, Interest Subvention Scheme (Short Term Crop Loan)","Pradhan Mantri Fasal Bima Yojana (PMFBY), Weather Based Crop Insurance Scheme (WBCIS) - Drought Rider",1,0.84,"Farmer in Madhya Pradesh cultivating Rice with land holding <2 Acres and annual income <200000 INR falls into the 'marginal' farmer segment. Eligible for PM-KISAN direct income support due to small/marginal land holding. Rice is a priority crop under PMFBY in Madhya Pradesh, warranting crop insurance coverage. Low collateral base suggests gold-backed lending as an accessible credit option. Madhya Pradesh has drought-prone zones, increasing relevance of weather-based insurance for water-intensive Rice cultivation."
307,"{""state"": ""Madhya Pradesh"", ""crop"": ""Rice"", ""land_acres"": ""2-5 Acres"", ""income_inr"": ""200000-300000""}","PM-KISAN, Soil Health Card Scheme, PM Kisan Maandhan Yojana, PM Krishi Sinchai Yojana - Per Drop More Crop","Kisan Credit Card (KCC), SBI Agriculture Gold Loan, Interest Subvention Scheme (Short Term Crop Loan)","Pradhan Mantri Fasal Bima Yojana (PMFBY), Weather Based Crop Insurance Scheme (WBCIS) - Drought Rider",2,0.91,"Farmer in Madhya Pradesh cultivating Rice with land holding 2-5 Acres and annual income 200000-300000 INR falls into the 'small' farmer segment. Eligible for PM-KISAN direct income support due to small/marginal land holding. Rice is a priority crop under PMFBY in Madhya Pradesh, warranting crop insurance coverage. Low collateral base suggests gold-backed lending as an accessible credit option. Madhya Pradesh has drought-prone zones, increasing relevance of weather-based insurance for water-intensive Rice cultivation."
308,"{""state"": ""Madhya Pradesh"", ""crop"": ""Rice"", ""land_acres"": ""5-10 Acres"", ""income_inr"": ""300000-500000""}","Soil Health Card Scheme, Rashtriya Krishi Vikas Yojana (RKVY), PM Krishi Sinchai Yojana, PM Krishi Sinchai Yojana - Per Drop More Crop","Kisan Credit Card (KCC), Crop Loan, Farm Mechanization Loan","Pradhan Mantri Fasal Bima Yojana (PMFBY), Weather Based Crop Insurance Scheme (WBCIS) - Drought Rider",3,0.76,"Farmer in Madhya Pradesh cultivating Rice with land holding 5-10 Acres and annual income 300000-500000 INR falls into the 'semi-medium' farmer segment. Rice is a priority crop under PMFBY in Madhya Pradesh, warranting crop insurance coverage. Madhya Pradesh has drought-prone zones, increasing relevance of weather-based insurance for water-intensive Rice cultivation."
309,"{""state"": ""Madhya Pradesh"", ""crop"": ""Rice"", ""land_acres"": "">10 Acres"", ""income_inr"": "">500000""}","Soil Health Card Scheme, Rashtriya Krishi Vikas Yojana (RKVY), Agriculture Infrastructure Fund, e-NAM Registration, PM Krishi Sinchai Yojana - Per Drop More Crop","Kisan Credit Card (KCC), Crop Loan, Warehouse Receipt Financing, Tractor / Farm Equipment Loan, NABARD Refinance - Land Development Loan","Pradhan Mantri Fasal Bima Yojana (PMFBY), Weather Based Crop Insurance Scheme (WBCIS) - Drought Rider",4,0.78,"Farmer in Madhya Pradesh cultivating Rice with land holding >10 Acres and annual income >500000 INR falls into the 'large' farmer segment. Rice is a priority crop under PMFBY in Madhya Pradesh, warranting crop insurance coverage. Larger land holding and higher income support infrastructure and mechanization financing. Madhya Pradesh has drought-prone zones, increasing relevance of weather-based insurance for water-intensive Rice cultivation."
310,"{""state"": ""Madhya Pradesh"", ""crop"": ""Rice"", ""land_acres"": ""<5 Acres"", ""income_inr"": ""<300000""}","PM-KISAN, Soil Health Card Scheme, PM Kisan Maandhan Yojana, PM Krishi Sinchai Yojana - Per Drop More Crop","Kisan Credit Card (KCC), SBI Agriculture Gold Loan, Interest Subvention Scheme (Short Term Crop Loan)","Pradhan Mantri Fasal Bima Yojana (PMFBY), Weather Based Crop Insurance Scheme (WBCIS) - Drought Rider",1,0.94,"Farmer in Madhya Pradesh cultivating Rice with land holding <5 Acres and annual income <300000 INR falls into the 'small-marginal' farmer segment. Eligible for PM-KISAN direct income support due to small/marginal land holding. Rice is a priority crop under PMFBY in Madhya Pradesh, warranting crop insurance coverage. Low collateral base suggests gold-backed lending as an accessible credit option. Madhya Pradesh has drought-prone zones, increasing relevance of weather-based insurance for water-intensive Rice cultivation."
311,"{""state"": ""Madhya Pradesh"", ""crop"": ""Wheat"", ""land_acres"": ""<2 Acres"", ""income_inr"": ""<200000""}","PM-KISAN, Soil Health Card Scheme, PM Kisan Maandhan Yojana","Kisan Credit Card (KCC), SBI Agriculture Gold Loan, Interest Subvention Scheme (Short Term Crop Loan)","Pradhan Mantri Fasal Bima Yojana (PMFBY), Weather Based Crop Insurance Scheme (WBCIS) - Drought Rider",1,0.84,"Farmer in Madhya Pradesh cultivating Wheat with land holding <2 Acres and annual income <200000 INR falls into the 'marginal' farmer segment. Eligible for PM-KISAN direct income support due to small/marginal land holding. Wheat is a priority crop under PMFBY in Madhya Pradesh, warranting crop insurance coverage. Low collateral base suggests gold-backed lending as an accessible credit option."
312,"{""state"": ""Madhya Pradesh"", ""crop"": ""Wheat"", ""land_acres"": ""2-5 Acres"", ""income_inr"": ""200000-300000""}","PM-KISAN, Soil Health Card Scheme, PM Kisan Maandhan Yojana","Kisan Credit Card (KCC), SBI Agriculture Gold Loan, Interest Subvention Scheme (Short Term Crop Loan)","Pradhan Mantri Fasal Bima Yojana (PMFBY), Weather Based Crop Insurance Scheme (WBCIS) - Drought Rider",2,0.86,"Farmer in Madhya Pradesh cultivating Wheat with land holding 2-5 Acres and annual income 200000-300000 INR falls into the 'small' farmer segment. Eligible for PM-KISAN direct income support due to small/marginal land holding. Wheat is a priority crop under PMFBY in Madhya Pradesh, warranting crop insurance coverage. Low collateral base suggests gold-backed lending as an accessible credit option."
313,"{""state"": ""Madhya Pradesh"", ""crop"": ""Wheat"", ""land_acres"": ""5-10 Acres"", ""income_inr"": ""300000-500000""}","Soil Health Card Scheme, Rashtriya Krishi Vikas Yojana (RKVY), PM Krishi Sinchai Yojana","Kisan Credit Card (KCC), Crop Loan, Farm Mechanization Loan","Pradhan Mantri Fasal Bima Yojana (PMFBY), Weather Based Crop Insurance Scheme (WBCIS) - Drought Rider",3,0.77,"Farmer in Madhya Pradesh cultivating Wheat with land holding 5-10 Acres and annual income 300000-500000 INR falls into the 'semi-medium' farmer segment. Wheat is a priority crop under PMFBY in Madhya Pradesh, warranting crop insurance coverage."
314,"{""state"": ""Madhya Pradesh"", ""crop"": ""Wheat"", ""land_acres"": "">10 Acres"", ""income_inr"": "">500000""}","Soil Health Card Scheme, Rashtriya Krishi Vikas Yojana (RKVY), Agriculture Infrastructure Fund, e-NAM Registration","Kisan Credit Card (KCC), Crop Loan, Warehouse Receipt Financing, Tractor / Farm Equipment Loan, NABARD Refinance - Land Development Loan","Pradhan Mantri Fasal Bima Yojana (PMFBY), Weather Based Crop Insurance Scheme (WBCIS) - Drought Rider",4,0.84,"Farmer in Madhya Pradesh cultivating Wheat with land holding >10 Acres and annual income >500000 INR falls into the 'large' farmer segment. Wheat is a priority crop under PMFBY in Madhya Pradesh, warranting crop insurance coverage. Larger land holding and higher income support infrastructure and mechanization financing."
315,"{""state"": ""Madhya Pradesh"", ""crop"": ""Wheat"", ""land_acres"": ""<5 Acres"", ""income_inr"": ""<300000""}","PM-KISAN, Soil Health Card Scheme, PM Kisan Maandhan Yojana","Kisan Credit Card (KCC), SBI Agriculture Gold Loan, Interest Subvention Scheme (Short Term Crop Loan)","Pradhan Mantri Fasal Bima Yojana (PMFBY), Weather Based Crop Insurance Scheme (WBCIS) - Drought Rider",1,0.86,"Farmer in Madhya Pradesh cultivating Wheat with land holding <5 Acres and annual income <300000 INR falls into the 'small-marginal' farmer segment. Eligible for PM-KISAN direct income support due to small/marginal land holding. Wheat is a priority crop under PMFBY in Madhya Pradesh, warranting crop insurance coverage. Low collateral base suggests gold-backed lending as an accessible credit option."
316,"{""state"": ""Madhya Pradesh"", ""crop"": ""Sugarcane"", ""land_acres"": ""<2 Acres"", ""income_inr"": ""<200000""}","PM-KISAN, Soil Health Card Scheme, PM Kisan Maandhan Yojana, PM Krishi Sinchai Yojana - Per Drop More Crop","Kisan Credit Card (KCC), SBI Agriculture Gold Loan, Interest Subvention Scheme (Short Term Crop Loan)","Pradhan Mantri Fasal Bima Yojana (PMFBY), Weather Based Crop Insurance Scheme (WBCIS), Weather Based Crop Insurance Scheme (WBCIS) - Drought Rider",1,0.96,"Farmer in Madhya Pradesh cultivating Sugarcane with land holding <2 Acres and annual income <200000 INR falls into the 'marginal' farmer segment. Eligible for PM-KISAN direct income support due to small/marginal land holding. Sugarcane is a priority crop under PMFBY in Madhya Pradesh, warranting crop insurance coverage. Low collateral base suggests gold-backed lending as an accessible credit option. Madhya Pradesh has drought-prone zones, increasing relevance of weather-based insurance for water-intensive Sugarcane cultivation."
317,"{""state"": ""Madhya Pradesh"", ""crop"": ""Sugarcane"", ""land_acres"": ""2-5 Acres"", ""income_inr"": ""200000-300000""}","PM-KISAN, Soil Health Card Scheme, PM Kisan Maandhan Yojana, PM Krishi Sinchai Yojana - Per Drop More Crop","Kisan Credit Card (KCC), SBI Agriculture Gold Loan, Interest Subvention Scheme (Short Term Crop Loan)","Pradhan Mantri Fasal Bima Yojana (PMFBY), Weather Based Crop Insurance Scheme (WBCIS), Weather Based Crop Insurance Scheme (WBCIS) - Drought Rider",2,0.8,"Farmer in Madhya Pradesh cultivating Sugarcane with land holding 2-5 Acres and annual income 200000-300000 INR falls into the 'small' farmer segment. Eligible for PM-KISAN direct income support due to small/marginal land holding. Sugarcane is a priority crop under PMFBY in Madhya Pradesh, warranting crop insurance coverage. Low collateral base suggests gold-backed lending as an accessible credit option. Madhya Pradesh has drought-prone zones, increasing relevance of weather-based insurance for water-intensive Sugarcane cultivation."
318,"{""state"": ""Madhya Pradesh"", ""crop"": ""Sugarcane"", ""land_acres"": ""5-10 Acres"", ""income_inr"": ""300000-500000""}","Soil Health Card Scheme, Rashtriya Krishi Vikas Yojana (RKVY), PM Krishi Sinchai Yojana, PM Krishi Sinchai Yojana - Per Drop More Crop","Kisan Credit Card (KCC), Crop Loan, Farm Mechanization Loan","Pradhan Mantri Fasal Bima Yojana (PMFBY), Weather Based Crop Insurance Scheme (WBCIS), Weather Based Crop Insurance Scheme (WBCIS) - Drought Rider",3,0.95,"Farmer in Madhya Pradesh cultivating Sugarcane with land holding 5-10 Acres and annual income 300000-500000 INR falls into the 'semi-medium' farmer segment. Sugarcane is a priority crop under PMFBY in Madhya Pradesh, warranting crop insurance coverage. Madhya Pradesh has drought-prone zones, increasing relevance of weather-based insurance for water-intensive Sugarcane cultivation."
319,"{""state"": ""Madhya Pradesh"", ""crop"": ""Sugarcane"", ""land_acres"": "">10 Acres"", ""income_inr"": "">500000""}","Soil Health Card Scheme, Rashtriya Krishi Vikas Yojana (RKVY), Agriculture Infrastructure Fund, e-NAM Registration, PM Krishi Sinchai Yojana - Per Drop More Crop","Kisan Credit Card (KCC), Crop Loan, Warehouse Receipt Financing, Tractor / Farm Equipment Loan, NABARD Refinance - Land Development Loan","Pradhan Mantri Fasal Bima Yojana (PMFBY), Weather Based Crop Insurance Scheme (WBCIS), Weather Based Crop Insurance Scheme (WBCIS) - Drought Rider",4,0.83,"Farmer in Madhya Pradesh cultivating Sugarcane with land holding >10 Acres and annual income >500000 INR falls into the 'large' farmer segment. Sugarcane is a priority crop under PMFBY in Madhya Pradesh, warranting crop insurance coverage. Larger land holding and higher income support infrastructure and mechanization financing. Madhya Pradesh has drought-prone zones, increasing relevance of weather-based insurance for water-intensive Sugarcane cultivation."
320,"{""state"": ""Madhya Pradesh"", ""crop"": ""Sugarcane"", ""land_acres"": ""<5 Acres"", ""income_inr"": ""<300000""}","PM-KISAN, Soil Health Card Scheme, PM Kisan Maandhan Yojana, PM Krishi Sinchai Yojana - Per Drop More Crop","Kisan Credit Card (KCC), SBI Agriculture Gold Loan, Interest Subvention Scheme (Short Term Crop Loan)","Pradhan Mantri Fasal Bima Yojana (PMFBY), Weather Based Crop Insurance Scheme (WBCIS), Weather Based Crop Insurance Scheme (WBCIS) - Drought Rider",1,0.81,"Farmer in Madhya Pradesh cultivating Sugarcane with land holding <5 Acres and annual income <300000 INR falls into the 'small-marginal' farmer segment. Eligible for PM-KISAN direct income support due to small/marginal land holding. Sugarcane is a priority crop under PMFBY in Madhya Pradesh, warranting crop insurance coverage. Low collateral base suggests gold-backed lending as an accessible credit option. Madhya Pradesh has drought-prone zones, increasing relevance of weather-based insurance for water-intensive Sugarcane cultivation."
321,"{""state"": ""Madhya Pradesh"", ""crop"": ""Soybean"", ""land_acres"": ""<2 Acres"", ""income_inr"": ""<200000""}","PM-KISAN, Soil Health Card Scheme, PM Kisan Maandhan Yojana, National Food Security Mission (NFSM)","Kisan Credit Card (KCC), SBI Agriculture Gold Loan, Interest Subvention Scheme (Short Term Crop Loan)","Pradhan Mantri Fasal Bima Yojana (PMFBY), Weather Based Crop Insurance Scheme (WBCIS) - Drought Rider",1,0.93,"Farmer in Madhya Pradesh cultivating Soybean with land holding <2 Acres and annual income <200000 INR falls into the 'marginal' farmer segment. Eligible for PM-KISAN direct income support due to small/marginal land holding. Soybean is a priority crop under PMFBY in Madhya Pradesh, warranting crop insurance coverage. Low collateral base suggests gold-backed lending as an accessible credit option."
322,"{""state"": ""Madhya Pradesh"", ""crop"": ""Soybean"", ""land_acres"": ""2-5 Acres"", ""income_inr"": ""200000-300000""}","PM-KISAN, Soil Health Card Scheme, PM Kisan Maandhan Yojana, National Food Security Mission (NFSM)","Kisan Credit Card (KCC), SBI Agriculture Gold Loan, Interest Subvention Scheme (Short Term Crop Loan)","Pradhan Mantri Fasal Bima Yojana (PMFBY), Weather Based Crop Insurance Scheme (WBCIS) - Drought Rider",2,0.87,"Farmer in Madhya Pradesh cultivating Soybean with land holding 2-5 Acres and annual income 200000-300000 INR falls into the 'small' farmer segment. Eligible for PM-KISAN direct income support due to small/marginal land holding. Soybean is a priority crop under PMFBY in Madhya Pradesh, warranting crop insurance coverage. Low collateral base suggests gold-backed lending as an accessible credit option."
323,"{""state"": ""Madhya Pradesh"", ""crop"": ""Soybean"", ""land_acres"": ""5-10 Acres"", ""income_inr"": ""300000-500000""}","Soil Health Card Scheme, Rashtriya Krishi Vikas Yojana (RKVY), PM Krishi Sinchai Yojana, National Food Security Mission (NFSM)","Kisan Credit Card (KCC), Crop Loan, Farm Mechanization Loan","Pradhan Mantri Fasal Bima Yojana (PMFBY), Weather Based Crop Insurance Scheme (WBCIS) - Drought Rider",3,0.83,"Farmer in Madhya Pradesh cultivating Soybean with land holding 5-10 Acres and annual income 300000-500000 INR falls into the 'semi-medium' farmer segment. Soybean is a priority crop under PMFBY in Madhya Pradesh, warranting crop insurance coverage."
324,"{""state"": ""Madhya Pradesh"", ""crop"": ""Soybean"", ""land_acres"": "">10 Acres"", ""income_inr"": "">500000""}","Soil Health Card Scheme, Rashtriya Krishi Vikas Yojana (RKVY), Agriculture Infrastructure Fund, e-NAM Registration, National Food Security Mission (NFSM)","Kisan Credit Card (KCC), Crop Loan, Warehouse Receipt Financing, Tractor / Farm Equipment Loan, NABARD Refinance - Land Development Loan","Pradhan Mantri Fasal Bima Yojana (PMFBY), Weather Based Crop Insurance Scheme (WBCIS) - Drought Rider",4,0.79,"Farmer in Madhya Pradesh cultivating Soybean with land holding >10 Acres and annual income >500000 INR falls into the 'large' farmer segment. Soybean is a priority crop under PMFBY in Madhya Pradesh, warranting crop insurance coverage. Larger land holding and higher income support infrastructure and mechanization financing."
325,"{""state"": ""Madhya Pradesh"", ""crop"": ""Soybean"", ""land_acres"": ""<5 Acres"", ""income_inr"": ""<300000""}","PM-KISAN, Soil Health Card Scheme, PM Kisan Maandhan Yojana, National Food Security Mission (NFSM)","Kisan Credit Card (KCC), SBI Agriculture Gold Loan, Interest Subvention Scheme (Short Term Crop Loan)","Pradhan Mantri Fasal Bima Yojana (PMFBY), Weather Based Crop Insurance Scheme (WBCIS) - Drought Rider",1,0.94,"Farmer in Madhya Pradesh cultivating Soybean with land holding <5 Acres and annual income <300000 INR falls into the 'small-marginal' farmer segment. Eligible for PM-KISAN direct income support due to small/marginal land holding. Soybean is a priority crop under PMFBY in Madhya Pradesh, warranting crop insurance coverage. Low collateral base suggests gold-backed lending as an accessible credit option."
326,"{""state"": ""Madhya Pradesh"", ""crop"": ""Maize"", ""land_acres"": ""<2 Acres"", ""income_inr"": ""<200000""}","PM-KISAN, Soil Health Card Scheme, PM Kisan Maandhan Yojana","Kisan Credit Card (KCC), SBI Agriculture Gold Loan, Interest Subvention Scheme (Short Term Crop Loan)","Pradhan Mantri Fasal Bima Yojana (PMFBY), Weather Based Crop Insurance Scheme (WBCIS) - Drought Rider",1,0.96,"Farmer in Madhya Pradesh cultivating Maize with land holding <2 Acres and annual income <200000 INR falls into the 'marginal' farmer segment. Eligible for PM-KISAN direct income support due to small/marginal land holding. Maize is a priority crop under PMFBY in Madhya Pradesh, warranting crop insurance coverage. Low collateral base suggests gold-backed lending as an accessible credit option."
327,"{""state"": ""Madhya Pradesh"", ""crop"": ""Maize"", ""land_acres"": ""2-5 Acres"", ""income_inr"": ""200000-300000""}","PM-KISAN, Soil Health Card Scheme, PM Kisan Maandhan Yojana","Kisan Credit Card (KCC), SBI Agriculture Gold Loan, Interest Subvention Scheme (Short Term Crop Loan)","Pradhan Mantri Fasal Bima Yojana (PMFBY), Weather Based Crop Insurance Scheme (WBCIS) - Drought Rider",2,0.91,"Farmer in Madhya Pradesh cultivating Maize with land holding 2-5 Acres and annual income 200000-300000 INR falls into the 'small' farmer segment. Eligible for PM-KISAN direct income support due to small/marginal land holding. Maize is a priority crop under PMFBY in Madhya Pradesh, warranting crop insurance coverage. Low collateral base suggests gold-backed lending as an accessible credit option."
328,"{""state"": ""Madhya Pradesh"", ""crop"": ""Maize"", ""land_acres"": ""5-10 Acres"", ""income_inr"": ""300000-500000""}","Soil Health Card Scheme, Rashtriya Krishi Vikas Yojana (RKVY), PM Krishi Sinchai Yojana","Kisan Credit Card (KCC), Crop Loan, Farm Mechanization Loan","Pradhan Mantri Fasal Bima Yojana (PMFBY), Weather Based Crop Insurance Scheme (WBCIS) - Drought Rider",3,0.89,"Farmer in Madhya Pradesh cultivating Maize with land holding 5-10 Acres and annual income 300000-500000 INR falls into the 'semi-medium' farmer segment. Maize is a priority crop under PMFBY in Madhya Pradesh, warranting crop insurance coverage."
329,"{""state"": ""Madhya Pradesh"", ""crop"": ""Maize"", ""land_acres"": "">10 Acres"", ""income_inr"": "">500000""}","Soil Health Card Scheme, Rashtriya Krishi Vikas Yojana (RKVY), Agriculture Infrastructure Fund, e-NAM Registration","Kisan Credit Card (KCC), Crop Loan, Warehouse Receipt Financing, Tractor / Farm Equipment Loan, NABARD Refinance - Land Development Loan","Pradhan Mantri Fasal Bima Yojana (PMFBY), Weather Based Crop Insurance Scheme (WBCIS) - Drought Rider",4,0.86,"Farmer in Madhya Pradesh cultivating Maize with land holding >10 Acres and annual income >500000 INR falls into the 'large' farmer segment. Maize is a priority crop under PMFBY in Madhya Pradesh, warranting crop insurance coverage. Larger land holding and higher income support infrastructure and mechanization financing."
330,"{""state"": ""Madhya Pradesh"", ""crop"": ""Maize"", ""land_acres"": ""<5 Acres"", ""income_inr"": ""<300000""}","PM-KISAN, Soil Health Card Scheme, PM Kisan Maandhan Yojana","Kisan Credit Card (KCC), SBI Agriculture Gold Loan, Interest Subvention Scheme (Short Term Crop Loan)","Pradhan Mantri Fasal Bima Yojana (PMFBY), Weather Based Crop Insurance Scheme (WBCIS) - Drought Rider",1,0.94,"Farmer in Madhya Pradesh cultivating Maize with land holding <5 Acres and annual income <300000 INR falls into the 'small-marginal' farmer segment. Eligible for PM-KISAN direct income support due to small/marginal land holding. Maize is a priority crop under PMFBY in Madhya Pradesh, warranting crop insurance coverage. Low collateral base suggests gold-backed lending as an accessible credit option."
331,"{""state"": ""Madhya Pradesh"", ""crop"": ""Groundnut"", ""land_acres"": ""<2 Acres"", ""income_inr"": ""<200000""}","PM-KISAN, Soil Health Card Scheme, PM Kisan Maandhan Yojana, National Food Security Mission (NFSM)","Kisan Credit Card (KCC), SBI Agriculture Gold Loan, Interest Subvention Scheme (Short Term Crop Loan)","Pradhan Mantri Fasal Bima Yojana (PMFBY), Weather Based Crop Insurance Scheme (WBCIS) - Drought Rider",1,0.94,"Farmer in Madhya Pradesh cultivating Groundnut with land holding <2 Acres and annual income <200000 INR falls into the 'marginal' farmer segment. Eligible for PM-KISAN direct income support due to small/marginal land holding. Groundnut is a priority crop under PMFBY in Madhya Pradesh, warranting crop insurance coverage. Low collateral base suggests gold-backed lending as an accessible credit option."
332,"{""state"": ""Madhya Pradesh"", ""crop"": ""Groundnut"", ""land_acres"": ""2-5 Acres"", ""income_inr"": ""200000-300000""}","PM-KISAN, Soil Health Card Scheme, PM Kisan Maandhan Yojana, National Food Security Mission (NFSM)","Kisan Credit Card (KCC), SBI Agriculture Gold Loan, Interest Subvention Scheme (Short Term Crop Loan)","Pradhan Mantri Fasal Bima Yojana (PMFBY), Weather Based Crop Insurance Scheme (WBCIS) - Drought Rider",2,0.83,"Farmer in Madhya Pradesh cultivating Groundnut with land holding 2-5 Acres and annual income 200000-300000 INR falls into the 'small' farmer segment. Eligible for PM-KISAN direct income support due to small/marginal land holding. Groundnut is a priority crop under PMFBY in Madhya Pradesh, warranting crop insurance coverage. Low collateral base suggests gold-backed lending as an accessible credit option."
333,"{""state"": ""Madhya Pradesh"", ""crop"": ""Groundnut"", ""land_acres"": ""5-10 Acres"", ""income_inr"": ""300000-500000""}","Soil Health Card Scheme, Rashtriya Krishi Vikas Yojana (RKVY), PM Krishi Sinchai Yojana, National Food Security Mission (NFSM)","Kisan Credit Card (KCC), Crop Loan, Farm Mechanization Loan","Pradhan Mantri Fasal Bima Yojana (PMFBY), Weather Based Crop Insurance Scheme (WBCIS) - Drought Rider",3,0.8,"Farmer in Madhya Pradesh cultivating Groundnut with land holding 5-10 Acres and annual income 300000-500000 INR falls into the 'semi-medium' farmer segment. Groundnut is a priority crop under PMFBY in Madhya Pradesh, warranting crop insurance coverage."
334,"{""state"": ""Madhya Pradesh"", ""crop"": ""Groundnut"", ""land_acres"": "">10 Acres"", ""income_inr"": "">500000""}","Soil Health Card Scheme, Rashtriya Krishi Vikas Yojana (RKVY), Agriculture Infrastructure Fund, e-NAM Registration, National Food Security Mission (NFSM)","Kisan Credit Card (KCC), Crop Loan, Warehouse Receipt Financing, Tractor / Farm Equipment Loan, NABARD Refinance - Land Development Loan","Pradhan Mantri Fasal Bima Yojana (PMFBY), Weather Based Crop Insurance Scheme (WBCIS) - Drought Rider",4,0.93,"Farmer in Madhya Pradesh cultivating Groundnut with land holding >10 Acres and annual income >500000 INR falls into the 'large' farmer segment. Groundnut is a priority crop under PMFBY in Madhya Pradesh, warranting crop insurance coverage. Larger land holding and higher income support infrastructure and mechanization financing."
335,"{""state"": ""Madhya Pradesh"", ""crop"": ""Groundnut"", ""land_acres"": ""<5 Acres"", ""income_inr"": ""<300000""}","PM-KISAN, Soil Health Card Scheme, PM Kisan Maandhan Yojana, National Food Security Mission (NFSM)","Kisan Credit Card (KCC), SBI Agriculture Gold Loan, Interest Subvention Scheme (Short Term Crop Loan)","Pradhan Mantri Fasal Bima Yojana (PMFBY), Weather Based Crop Insurance Scheme (WBCIS) - Drought Rider",1,0.8,"Farmer in Madhya Pradesh cultivating Groundnut with land holding <5 Acres and annual income <300000 INR falls into the 'small-marginal' farmer segment. Eligible for PM-KISAN direct income support due to small/marginal land holding. Groundnut is a priority crop under PMFBY in Madhya Pradesh, warranting crop insurance coverage. Low collateral base suggests gold-backed lending as an accessible credit option."
336,"{""state"": ""Madhya Pradesh"", ""crop"": ""Pulses"", ""land_acres"": ""<2 Acres"", ""income_inr"": ""<200000""}","PM-KISAN, Soil Health Card Scheme, PM Kisan Maandhan Yojana, National Food Security Mission (NFSM)","Kisan Credit Card (KCC), SBI Agriculture Gold Loan, Interest Subvention Scheme (Short Term Crop Loan)","Pradhan Mantri Fasal Bima Yojana (PMFBY), Weather Based Crop Insurance Scheme (WBCIS) - Drought Rider",1,0.82,"Farmer in Madhya Pradesh cultivating Pulses with land holding <2 Acres and annual income <200000 INR falls into the 'marginal' farmer segment. Eligible for PM-KISAN direct income support due to small/marginal land holding. Pulses is a priority crop under PMFBY in Madhya Pradesh, warranting crop insurance coverage. Low collateral base suggests gold-backed lending as an accessible credit option."
337,"{""state"": ""Madhya Pradesh"", ""crop"": ""Pulses"", ""land_acres"": ""2-5 Acres"", ""income_inr"": ""200000-300000""}","PM-KISAN, Soil Health Card Scheme, PM Kisan Maandhan Yojana, National Food Security Mission (NFSM)","Kisan Credit Card (KCC), SBI Agriculture Gold Loan, Interest Subvention Scheme (Short Term Crop Loan)","Pradhan Mantri Fasal Bima Yojana (PMFBY), Weather Based Crop Insurance Scheme (WBCIS) - Drought Rider",2,0.91,"Farmer in Madhya Pradesh cultivating Pulses with land holding 2-5 Acres and annual income 200000-300000 INR falls into the 'small' farmer segment. Eligible for PM-KISAN direct income support due to small/marginal land holding. Pulses is a priority crop under PMFBY in Madhya Pradesh, warranting crop insurance coverage. Low collateral base suggests gold-backed lending as an accessible credit option."
338,"{""state"": ""Madhya Pradesh"", ""crop"": ""Pulses"", ""land_acres"": ""5-10 Acres"", ""income_inr"": ""300000-500000""}","Soil Health Card Scheme, Rashtriya Krishi Vikas Yojana (RKVY), PM Krishi Sinchai Yojana, National Food Security Mission (NFSM)","Kisan Credit Card (KCC), Crop Loan, Farm Mechanization Loan","Pradhan Mantri Fasal Bima Yojana (PMFBY), Weather Based Crop Insurance Scheme (WBCIS) - Drought Rider",3,0.88,"Farmer in Madhya Pradesh cultivating Pulses with land holding 5-10 Acres and annual income 300000-500000 INR falls into the 'semi-medium' farmer segment. Pulses is a priority crop under PMFBY in Madhya Pradesh, warranting crop insurance coverage."
339,"{""state"": ""Madhya Pradesh"", ""crop"": ""Pulses"", ""land_acres"": "">10 Acres"", ""income_inr"": "">500000""}","Soil Health Card Scheme, Rashtriya Krishi Vikas Yojana (RKVY), Agriculture Infrastructure Fund, e-NAM Registration, National Food Security Mission (NFSM)","Kisan Credit Card (KCC), Crop Loan, Warehouse Receipt Financing, Tractor / Farm Equipment Loan, NABARD Refinance - Land Development Loan","Pradhan Mantri Fasal Bima Yojana (PMFBY), Weather Based Crop Insurance Scheme (WBCIS) - Drought Rider",4,0.93,"Farmer in Madhya Pradesh cultivating Pulses with land holding >10 Acres and annual income >500000 INR falls into the 'large' farmer segment. Pulses is a priority crop under PMFBY in Madhya Pradesh, warranting crop insurance coverage. Larger land holding and higher income support infrastructure and mechanization financing."
340,"{""state"": ""Madhya Pradesh"", ""crop"": ""Pulses"", ""land_acres"": ""<5 Acres"", ""income_inr"": ""<300000""}","PM-KISAN, Soil Health Card Scheme, PM Kisan Maandhan Yojana, National Food Security Mission (NFSM)","Kisan Credit Card (KCC), SBI Agriculture Gold Loan, Interest Subvention Scheme (Short Term Crop Loan)","Pradhan Mantri Fasal Bima Yojana (PMFBY), Weather Based Crop Insurance Scheme (WBCIS) - Drought Rider",1,0.97,"Farmer in Madhya Pradesh cultivating Pulses with land holding <5 Acres and annual income <300000 INR falls into the 'small-marginal' farmer segment. Eligible for PM-KISAN direct income support due to small/marginal land holding. Pulses is a priority crop under PMFBY in Madhya Pradesh, warranting crop insurance coverage. Low collateral base suggests gold-backed lending as an accessible credit option."
341,"{""state"": ""Madhya Pradesh"", ""crop"": ""Vegetables"", ""land_acres"": ""<2 Acres"", ""income_inr"": ""<200000""}","PM-KISAN, Soil Health Card Scheme, PM Kisan Maandhan Yojana, Mission for Integrated Development of Horticulture (MIDH)","Kisan Credit Card (KCC), SBI Agriculture Gold Loan, Interest Subvention Scheme (Short Term Crop Loan)","Unified Package Insurance Scheme (UPIS), Restructured Weather Based Crop Insurance Scheme, Weather Based Crop Insurance Scheme (WBCIS) - Drought Rider",1,0.85,Farmer in Madhya Pradesh cultivating Vegetables with land holding <2 Acres and annual income <200000 INR falls into the 'marginal' farmer segment. Eligible for PM-KISAN direct income support due to small/marginal land holding. Low collateral base suggests gold-backed lending as an accessible credit option.
342,"{""state"": ""Madhya Pradesh"", ""crop"": ""Vegetables"", ""land_acres"": ""2-5 Acres"", ""income_inr"": ""200000-300000""}","PM-KISAN, Soil Health Card Scheme, PM Kisan Maandhan Yojana, Mission for Integrated Development of Horticulture (MIDH)","Kisan Credit Card (KCC), SBI Agriculture Gold Loan, Interest Subvention Scheme (Short Term Crop Loan)","Unified Package Insurance Scheme (UPIS), Restructured Weather Based Crop Insurance Scheme, Weather Based Crop Insurance Scheme (WBCIS) - Drought Rider",2,0.78,Farmer in Madhya Pradesh cultivating Vegetables with land holding 2-5 Acres and annual income 200000-300000 INR falls into the 'small' farmer segment. Eligible for PM-KISAN direct income support due to small/marginal land holding. Low collateral base suggests gold-backed lending as an accessible credit option.
343,"{""state"": ""Madhya Pradesh"", ""crop"": ""Vegetables"", ""land_acres"": ""5-10 Acres"", ""income_inr"": ""300000-500000""}","Soil Health Card Scheme, Rashtriya Krishi Vikas Yojana (RKVY), PM Krishi Sinchai Yojana, Mission for Integrated Development of Horticulture (MIDH)","Kisan Credit Card (KCC), Crop Loan, Farm Mechanization Loan","Unified Package Insurance Scheme (UPIS), Restructured Weather Based Crop Insurance Scheme, Weather Based Crop Insurance Scheme (WBCIS) - Drought Rider",3,0.83,Farmer in Madhya Pradesh cultivating Vegetables with land holding 5-10 Acres and annual income 300000-500000 INR falls into the 'semi-medium' farmer segment.
344,"{""state"": ""Madhya Pradesh"", ""crop"": ""Vegetables"", ""land_acres"": "">10 Acres"", ""income_inr"": "">500000""}","Soil Health Card Scheme, Rashtriya Krishi Vikas Yojana (RKVY), Agriculture Infrastructure Fund, e-NAM Registration, Mission for Integrated Development of Horticulture (MIDH)","Kisan Credit Card (KCC), Crop Loan, Warehouse Receipt Financing, Tractor / Farm Equipment Loan, NABARD Refinance - Land Development Loan","Unified Package Insurance Scheme (UPIS), Restructured Weather Based Crop Insurance Scheme, Weather Based Crop Insurance Scheme (WBCIS) - Drought Rider",4,0.83,Farmer in Madhya Pradesh cultivating Vegetables with land holding >10 Acres and annual income >500000 INR falls into the 'large' farmer segment. Larger land holding and higher income support infrastructure and mechanization financing.
345,"{""state"": ""Madhya Pradesh"", ""crop"": ""Vegetables"", ""land_acres"": ""<5 Acres"", ""income_inr"": ""<300000""}","PM-KISAN, Soil Health Card Scheme, PM Kisan Maandhan Yojana, Mission for Integrated Development of Horticulture (MIDH)","Kisan Credit Card (KCC), SBI Agriculture Gold Loan, Interest Subvention Scheme (Short Term Crop Loan)","Unified Package Insurance Scheme (UPIS), Restructured Weather Based Crop Insurance Scheme, Weather Based Crop Insurance Scheme (WBCIS) - Drought Rider",1,0.92,Farmer in Madhya Pradesh cultivating Vegetables with land holding <5 Acres and annual income <300000 INR falls into the 'small-marginal' farmer segment. Eligible for PM-KISAN direct income support due to small/marginal land holding. Low collateral base suggests gold-backed lending as an accessible credit option.
346,"{""state"": ""Madhya Pradesh"", ""crop"": ""Fruits"", ""land_acres"": ""<2 Acres"", ""income_inr"": ""<200000""}","PM-KISAN, Soil Health Card Scheme, PM Kisan Maandhan Yojana, Mission for Integrated Development of Horticulture (MIDH)","Kisan Credit Card (KCC), SBI Agriculture Gold Loan, Interest Subvention Scheme (Short Term Crop Loan)","Unified Package Insurance Scheme (UPIS), Restructured Weather Based Crop Insurance Scheme, Weather Based Crop Insurance Scheme (WBCIS) - Drought Rider",1,0.86,Farmer in Madhya Pradesh cultivating Fruits with land holding <2 Acres and annual income <200000 INR falls into the 'marginal' farmer segment. Eligible for PM-KISAN direct income support due to small/marginal land holding. Low collateral base suggests gold-backed lending as an accessible credit option.
347,"{""state"": ""Madhya Pradesh"", ""crop"": ""Fruits"", ""land_acres"": ""2-5 Acres"", ""income_inr"": ""200000-300000""}","PM-KISAN, Soil Health Card Scheme, PM Kisan Maandhan Yojana, Mission for Integrated Development of Horticulture (MIDH)","Kisan Credit Card (KCC), SBI Agriculture Gold Loan, Interest Subvention Scheme (Short Term Crop Loan)","Unified Package Insurance Scheme (UPIS), Restructured Weather Based Crop Insurance Scheme, Weather Based Crop Insurance Scheme (WBCIS) - Drought Rider",2,0.76,Farmer in Madhya Pradesh cultivating Fruits with land holding 2-5 Acres and annual income 200000-300000 INR falls into the 'small' farmer segment. Eligible for PM-KISAN direct income support due to small/marginal land holding. Low collateral base suggests gold-backed lending as an accessible credit option.
348,"{""state"": ""Madhya Pradesh"", ""crop"": ""Fruits"", ""land_acres"": ""5-10 Acres"", ""income_inr"": ""300000-500000""}","Soil Health Card Scheme, Rashtriya Krishi Vikas Yojana (RKVY), PM Krishi Sinchai Yojana, Mission for Integrated Development of Horticulture (MIDH)","Kisan Credit Card (KCC), Crop Loan, Farm Mechanization Loan","Unified Package Insurance Scheme (UPIS), Restructured Weather Based Crop Insurance Scheme, Weather Based Crop Insurance Scheme (WBCIS) - Drought Rider",3,0.9,Farmer in Madhya Pradesh cultivating Fruits with land holding 5-10 Acres and annual income 300000-500000 INR falls into the 'semi-medium' farmer segment.
349,"{""state"": ""Madhya Pradesh"", ""crop"": ""Fruits"", ""land_acres"": "">10 Acres"", ""income_inr"": "">500000""}","Soil Health Card Scheme, Rashtriya Krishi Vikas Yojana (RKVY), Agriculture Infrastructure Fund, e-NAM Registration, Mission for Integrated Development of Horticulture (MIDH)","Kisan Credit Card (KCC), Crop Loan, Warehouse Receipt Financing, Tractor / Farm Equipment Loan, NABARD Refinance - Land Development Loan","Unified Package Insurance Scheme (UPIS), Restructured Weather Based Crop Insurance Scheme, Weather Based Crop Insurance Scheme (WBCIS) - Drought Rider",4,0.76,Farmer in Madhya Pradesh cultivating Fruits with land holding >10 Acres and annual income >500000 INR falls into the 'large' farmer segment. Larger land holding and higher income support infrastructure and mechanization financing.
350,"{""state"": ""Madhya Pradesh"", ""crop"": ""Fruits"", ""land_acres"": ""<5 Acres"", ""income_inr"": ""<300000""}","PM-KISAN, Soil Health Card Scheme, PM Kisan Maandhan Yojana, Mission for Integrated Development of Horticulture (MIDH)","Kisan Credit Card (KCC), SBI Agriculture Gold Loan, Interest Subvention Scheme (Short Term Crop Loan)","Unified Package Insurance Scheme (UPIS), Restructured Weather Based Crop Insurance Scheme, Weather Based Crop Insurance Scheme (WBCIS) - Drought Rider",1,0.87,Farmer in Madhya Pradesh cultivating Fruits with land holding <5 Acres and annual income <300000 INR falls into the 'small-marginal' farmer segment. Eligible for PM-KISAN direct income support due to small/marginal land holding. Low collateral base suggests gold-backed lending as an accessible credit option.
351,"{""state"": ""Karnataka"", ""crop"": ""Cotton"", ""land_acres"": ""<2 Acres"", ""income_inr"": ""<200000""}","PM-KISAN, Soil Health Card Scheme, PM Kisan Maandhan Yojana, PM Krishi Sinchai Yojana - Per Drop More Crop","Kisan Credit Card (KCC), SBI Agriculture Gold Loan, Interest Subvention Scheme (Short Term Crop Loan)","Pradhan Mantri Fasal Bima Yojana (PMFBY), Weather Based Crop Insurance Scheme (WBCIS), Weather Based Crop Insurance Scheme (WBCIS) - Drought Rider",1,0.8,"Farmer in Karnataka cultivating Cotton with land holding <2 Acres and annual income <200000 INR falls into the 'marginal' farmer segment. Eligible for PM-KISAN direct income support due to small/marginal land holding. Cotton is a priority crop under PMFBY in Karnataka, warranting crop insurance coverage. Low collateral base suggests gold-backed lending as an accessible credit option. Karnataka has drought-prone zones, increasing relevance of weather-based insurance for water-intensive Cotton cultivation."
352,"{""state"": ""Karnataka"", ""crop"": ""Cotton"", ""land_acres"": ""2-5 Acres"", ""income_inr"": ""200000-300000""}","PM-KISAN, Soil Health Card Scheme, PM Kisan Maandhan Yojana, PM Krishi Sinchai Yojana - Per Drop More Crop","Kisan Credit Card (KCC), SBI Agriculture Gold Loan, Interest Subvention Scheme (Short Term Crop Loan)","Pradhan Mantri Fasal Bima Yojana (PMFBY), Weather Based Crop Insurance Scheme (WBCIS), Weather Based Crop Insurance Scheme (WBCIS) - Drought Rider",2,0.89,"Farmer in Karnataka cultivating Cotton with land holding 2-5 Acres and annual income 200000-300000 INR falls into the 'small' farmer segment. Eligible for PM-KISAN direct income support due to small/marginal land holding. Cotton is a priority crop under PMFBY in Karnataka, warranting crop insurance coverage. Low collateral base suggests gold-backed lending as an accessible credit option. Karnataka has drought-prone zones, increasing relevance of weather-based insurance for water-intensive Cotton cultivation."
353,"{""state"": ""Karnataka"", ""crop"": ""Cotton"", ""land_acres"": ""5-10 Acres"", ""income_inr"": ""300000-500000""}","Soil Health Card Scheme, Rashtriya Krishi Vikas Yojana (RKVY), PM Krishi Sinchai Yojana, PM Krishi Sinchai Yojana - Per Drop More Crop","Kisan Credit Card (KCC), Crop Loan, Farm Mechanization Loan","Pradhan Mantri Fasal Bima Yojana (PMFBY), Weather Based Crop Insurance Scheme (WBCIS), Weather Based Crop Insurance Scheme (WBCIS) - Drought Rider",3,0.89,"Farmer in Karnataka cultivating Cotton with land holding 5-10 Acres and annual income 300000-500000 INR falls into the 'semi-medium' farmer segment. Cotton is a priority crop under PMFBY in Karnataka, warranting crop insurance coverage. Karnataka has drought-prone zones, increasing relevance of weather-based insurance for water-intensive Cotton cultivation."
354,"{""state"": ""Karnataka"", ""crop"": ""Cotton"", ""land_acres"": "">10 Acres"", ""income_inr"": "">500000""}","Soil Health Card Scheme, Rashtriya Krishi Vikas Yojana (RKVY), Agriculture Infrastructure Fund, e-NAM Registration, PM Krishi Sinchai Yojana - Per Drop More Crop","Kisan Credit Card (KCC), Crop Loan, Warehouse Receipt Financing, Tractor / Farm Equipment Loan, NABARD Refinance - Land Development Loan","Pradhan Mantri Fasal Bima Yojana (PMFBY), Weather Based Crop Insurance Scheme (WBCIS), Weather Based Crop Insurance Scheme (WBCIS) - Drought Rider",4,0.78,"Farmer in Karnataka cultivating Cotton with land holding >10 Acres and annual income >500000 INR falls into the 'large' farmer segment. Cotton is a priority crop under PMFBY in Karnataka, warranting crop insurance coverage. Larger land holding and higher income support infrastructure and mechanization financing. Karnataka has drought-prone zones, increasing relevance of weather-based insurance for water-intensive Cotton cultivation."
355,"{""state"": ""Karnataka"", ""crop"": ""Cotton"", ""land_acres"": ""<5 Acres"", ""income_inr"": ""<300000""}","PM-KISAN, Soil Health Card Scheme, PM Kisan Maandhan Yojana, PM Krishi Sinchai Yojana - Per Drop More Crop","Kisan Credit Card (KCC), SBI Agriculture Gold Loan, Interest Subvention Scheme (Short Term Crop Loan)","Pradhan Mantri Fasal Bima Yojana (PMFBY), Weather Based Crop Insurance Scheme (WBCIS), Weather Based Crop Insurance Scheme (WBCIS) - Drought Rider",1,0.9,"Farmer in Karnataka cultivating Cotton with land holding <5 Acres and annual income <300000 INR falls into the 'small-marginal' farmer segment. Eligible for PM-KISAN direct income support due to small/marginal land holding. Cotton is a priority crop under PMFBY in Karnataka, warranting crop insurance coverage. Low collateral base suggests gold-backed lending as an accessible credit option. Karnataka has drought-prone zones, increasing relevance of weather-based insurance for water-intensive Cotton cultivation."
356,"{""state"": ""Karnataka"", ""crop"": ""Rice"", ""land_acres"": ""<2 Acres"", ""income_inr"": ""<200000""}","PM-KISAN, Soil Health Card Scheme, PM Kisan Maandhan Yojana, PM Krishi Sinchai Yojana - Per Drop More Crop","Kisan Credit Card (KCC), SBI Agriculture Gold Loan, Interest Subvention Scheme (Short Term Crop Loan)","Pradhan Mantri Fasal Bima Yojana (PMFBY), Weather Based Crop Insurance Scheme (WBCIS) - Drought Rider",1,0.9,"Farmer in Karnataka cultivating Rice with land holding <2 Acres and annual income <200000 INR falls into the 'marginal' farmer segment. Eligible for PM-KISAN direct income support due to small/marginal land holding. Rice is a priority crop under PMFBY in Karnataka, warranting crop insurance coverage. Low collateral base suggests gold-backed lending as an accessible credit option. Karnataka has drought-prone zones, increasing relevance of weather-based insurance for water-intensive Rice cultivation."
357,"{""state"": ""Karnataka"", ""crop"": ""Rice"", ""land_acres"": ""2-5 Acres"", ""income_inr"": ""200000-300000""}","PM-KISAN, Soil Health Card Scheme, PM Kisan Maandhan Yojana, PM Krishi Sinchai Yojana - Per Drop More Crop","Kisan Credit Card (KCC), SBI Agriculture Gold Loan, Interest Subvention Scheme (Short Term Crop Loan)","Pradhan Mantri Fasal Bima Yojana (PMFBY), Weather Based Crop Insurance Scheme (WBCIS) - Drought Rider",2,0.79,"Farmer in Karnataka cultivating Rice with land holding 2-5 Acres and annual income 200000-300000 INR falls into the 'small' farmer segment. Eligible for PM-KISAN direct income support due to small/marginal land holding. Rice is a priority crop under PMFBY in Karnataka, warranting crop insurance coverage. Low collateral base suggests gold-backed lending as an accessible credit option. Karnataka has drought-prone zones, increasing relevance of weather-based insurance for water-intensive Rice cultivation."
358,"{""state"": ""Karnataka"", ""crop"": ""Rice"", ""land_acres"": ""5-10 Acres"", ""income_inr"": ""300000-500000""}","Soil Health Card Scheme, Rashtriya Krishi Vikas Yojana (RKVY), PM Krishi Sinchai Yojana, PM Krishi Sinchai Yojana - Per Drop More Crop","Kisan Credit Card (KCC), Crop Loan, Farm Mechanization Loan","Pradhan Mantri Fasal Bima Yojana (PMFBY), Weather Based Crop Insurance Scheme (WBCIS) - Drought Rider",3,0.79,"Farmer in Karnataka cultivating Rice with land holding 5-10 Acres and annual income 300000-500000 INR falls into the 'semi-medium' farmer segment. Rice is a priority crop under PMFBY in Karnataka, warranting crop insurance coverage. Karnataka has drought-prone zones, increasing relevance of weather-based insurance for water-intensive Rice cultivation."
359,"{""state"": ""Karnataka"", ""crop"": ""Rice"", ""land_acres"": "">10 Acres"", ""income_inr"": "">500000""}","Soil Health Card Scheme, Rashtriya Krishi Vikas Yojana (RKVY), Agriculture Infrastructure Fund, e-NAM Registration, PM Krishi Sinchai Yojana - Per Drop More Crop","Kisan Credit Card (KCC), Crop Loan, Warehouse Receipt Financing, Tractor / Farm Equipment Loan, NABARD Refinance - Land Development Loan","Pradhan Mantri Fasal Bima Yojana (PMFBY), Weather Based Crop Insurance Scheme (WBCIS) - Drought Rider",4,0.85,"Farmer in Karnataka cultivating Rice with land holding >10 Acres and annual income >500000 INR falls into the 'large' farmer segment. Rice is a priority crop under PMFBY in Karnataka, warranting crop insurance coverage. Larger land holding and higher income support infrastructure and mechanization financing. Karnataka has drought-prone zones, increasing relevance of weather-based insurance for water-intensive Rice cultivation."
360,"{""state"": ""Karnataka"", ""crop"": ""Rice"", ""land_acres"": ""<5 Acres"", ""income_inr"": ""<300000""}","PM-KISAN, Soil Health Card Scheme, PM Kisan Maandhan Yojana, PM Krishi Sinchai Yojana - Per Drop More Crop","Kisan Credit Card (KCC), SBI Agriculture Gold Loan, Interest Subvention Scheme (Short Term Crop Loan)","Pradhan Mantri Fasal Bima Yojana (PMFBY), Weather Based Crop Insurance Scheme (WBCIS) - Drought Rider",1,0.77,"Farmer in Karnataka cultivating Rice with land holding <5 Acres and annual income <300000 INR falls into the 'small-marginal' farmer segment. Eligible for PM-KISAN direct income support due to small/marginal land holding. Rice is a priority crop under PMFBY in Karnataka, warranting crop insurance coverage. Low collateral base suggests gold-backed lending as an accessible credit option. Karnataka has drought-prone zones, increasing relevance of weather-based insurance for water-intensive Rice cultivation."
361,"{""state"": ""Karnataka"", ""crop"": ""Wheat"", ""land_acres"": ""<2 Acres"", ""income_inr"": ""<200000""}","PM-KISAN, Soil Health Card Scheme, PM Kisan Maandhan Yojana","Kisan Credit Card (KCC), SBI Agriculture Gold Loan, Interest Subvention Scheme (Short Term Crop Loan)","Pradhan Mantri Fasal Bima Yojana (PMFBY), Weather Based Crop Insurance Scheme (WBCIS) - Drought Rider",1,0.92,"Farmer in Karnataka cultivating Wheat with land holding <2 Acres and annual income <200000 INR falls into the 'marginal' farmer segment. Eligible for PM-KISAN direct income support due to small/marginal land holding. Wheat is a priority crop under PMFBY in Karnataka, warranting crop insurance coverage. Low collateral base suggests gold-backed lending as an accessible credit option."
362,"{""state"": ""Karnataka"", ""crop"": ""Wheat"", ""land_acres"": ""2-5 Acres"", ""income_inr"": ""200000-300000""}","PM-KISAN, Soil Health Card Scheme, PM Kisan Maandhan Yojana","Kisan Credit Card (KCC), SBI Agriculture Gold Loan, Interest Subvention Scheme (Short Term Crop Loan)","Pradhan Mantri Fasal Bima Yojana (PMFBY), Weather Based Crop Insurance Scheme (WBCIS) - Drought Rider",2,0.91,"Farmer in Karnataka cultivating Wheat with land holding 2-5 Acres and annual income 200000-300000 INR falls into the 'small' farmer segment. Eligible for PM-KISAN direct income support due to small/marginal land holding. Wheat is a priority crop under PMFBY in Karnataka, warranting crop insurance coverage. Low collateral base suggests gold-backed lending as an accessible credit option."
363,"{""state"": ""Karnataka"", ""crop"": ""Wheat"", ""land_acres"": ""5-10 Acres"", ""income_inr"": ""300000-500000""}","Soil Health Card Scheme, Rashtriya Krishi Vikas Yojana (RKVY), PM Krishi Sinchai Yojana","Kisan Credit Card (KCC), Crop Loan, Farm Mechanization Loan","Pradhan Mantri Fasal Bima Yojana (PMFBY), Weather Based Crop Insurance Scheme (WBCIS) - Drought Rider",3,0.76,"Farmer in Karnataka cultivating Wheat with land holding 5-10 Acres and annual income 300000-500000 INR falls into the 'semi-medium' farmer segment. Wheat is a priority crop under PMFBY in Karnataka, warranting crop insurance coverage."
364,"{""state"": ""Karnataka"", ""crop"": ""Wheat"", ""land_acres"": "">10 Acres"", ""income_inr"": "">500000""}","Soil Health Card Scheme, Rashtriya Krishi Vikas Yojana (RKVY), Agriculture Infrastructure Fund, e-NAM Registration","Kisan Credit Card (KCC), Crop Loan, Warehouse Receipt Financing, Tractor / Farm Equipment Loan, NABARD Refinance - Land Development Loan","Pradhan Mantri Fasal Bima Yojana (PMFBY), Weather Based Crop Insurance Scheme (WBCIS) - Drought Rider",4,0.88,"Farmer in Karnataka cultivating Wheat with land holding >10 Acres and annual income >500000 INR falls into the 'large' farmer segment. Wheat is a priority crop under PMFBY in Karnataka, warranting crop insurance coverage. Larger land holding and higher income support infrastructure and mechanization financing."
365,"{""state"": ""Karnataka"", ""crop"": ""Wheat"", ""land_acres"": ""<5 Acres"", ""income_inr"": ""<300000""}","PM-KISAN, Soil Health Card Scheme, PM Kisan Maandhan Yojana","Kisan Credit Card (KCC), SBI Agriculture Gold Loan, Interest Subvention Scheme (Short Term Crop Loan)","Pradhan Mantri Fasal Bima Yojana (PMFBY), Weather Based Crop Insurance Scheme (WBCIS) - Drought Rider",1,0.96,"Farmer in Karnataka cultivating Wheat with land holding <5 Acres and annual income <300000 INR falls into the 'small-marginal' farmer segment. Eligible for PM-KISAN direct income support due to small/marginal land holding. Wheat is a priority crop under PMFBY in Karnataka, warranting crop insurance coverage. Low collateral base suggests gold-backed lending as an accessible credit option."
366,"{""state"": ""Karnataka"", ""crop"": ""Sugarcane"", ""land_acres"": ""<2 Acres"", ""income_inr"": ""<200000""}","PM-KISAN, Soil Health Card Scheme, PM Kisan Maandhan Yojana, PM Krishi Sinchai Yojana - Per Drop More Crop","Kisan Credit Card (KCC), SBI Agriculture Gold Loan, Interest Subvention Scheme (Short Term Crop Loan)","Pradhan Mantri Fasal Bima Yojana (PMFBY), Weather Based Crop Insurance Scheme (WBCIS), Weather Based Crop Insurance Scheme (WBCIS) - Drought Rider",1,0.89,"Farmer in Karnataka cultivating Sugarcane with land holding <2 Acres and annual income <200000 INR falls into the 'marginal' farmer segment. Eligible for PM-KISAN direct income support due to small/marginal land holding. Sugarcane is a priority crop under PMFBY in Karnataka, warranting crop insurance coverage. Low collateral base suggests gold-backed lending as an accessible credit option. Karnataka has drought-prone zones, increasing relevance of weather-based insurance for water-intensive Sugarcane cultivation."
367,"{""state"": ""Karnataka"", ""crop"": ""Sugarcane"", ""land_acres"": ""2-5 Acres"", ""income_inr"": ""200000-300000""}","PM-KISAN, Soil Health Card Scheme, PM Kisan Maandhan Yojana, PM Krishi Sinchai Yojana - Per Drop More Crop","Kisan Credit Card (KCC), SBI Agriculture Gold Loan, Interest Subvention Scheme (Short Term Crop Loan)","Pradhan Mantri Fasal Bima Yojana (PMFBY), Weather Based Crop Insurance Scheme (WBCIS), Weather Based Crop Insurance Scheme (WBCIS) - Drought Rider",2,0.8,"Farmer in Karnataka cultivating Sugarcane with land holding 2-5 Acres and annual income 200000-300000 INR falls into the 'small' farmer segment. Eligible for PM-KISAN direct income support due to small/marginal land holding. Sugarcane is a priority crop under PMFBY in Karnataka, warranting crop insurance coverage. Low collateral base suggests gold-backed lending as an accessible credit option. Karnataka has drought-prone zones, increasing relevance of weather-based insurance for water-intensive Sugarcane cultivation."
368,"{""state"": ""Karnataka"", ""crop"": ""Sugarcane"", ""land_acres"": ""5-10 Acres"", ""income_inr"": ""300000-500000""}","Soil Health Card Scheme, Rashtriya Krishi Vikas Yojana (RKVY), PM Krishi Sinchai Yojana, PM Krishi Sinchai Yojana - Per Drop More Crop","Kisan Credit Card (KCC), Crop Loan, Farm Mechanization Loan","Pradhan Mantri Fasal Bima Yojana (PMFBY), Weather Based Crop Insurance Scheme (WBCIS), Weather Based Crop Insurance Scheme (WBCIS) - Drought Rider",3,0.91,"Farmer in Karnataka cultivating Sugarcane with land holding 5-10 Acres and annual income 300000-500000 INR falls into the 'semi-medium' farmer segment. Sugarcane is a priority crop under PMFBY in Karnataka, warranting crop insurance coverage. Karnataka has drought-prone zones, increasing relevance of weather-based insurance for water-intensive Sugarcane cultivation."
369,"{""state"": ""Karnataka"", ""crop"": ""Sugarcane"", ""land_acres"": "">10 Acres"", ""income_inr"": "">500000""}","Soil Health Card Scheme, Rashtriya Krishi Vikas Yojana (RKVY), Agriculture Infrastructure Fund, e-NAM Registration, PM Krishi Sinchai Yojana - Per Drop More Crop","Kisan Credit Card (KCC), Crop Loan, Warehouse Receipt Financing, Tractor / Farm Equipment Loan, NABARD Refinance - Land Development Loan","Pradhan Mantri Fasal Bima Yojana (PMFBY), Weather Based Crop Insurance Scheme (WBCIS), Weather Based Crop Insurance Scheme (WBCIS) - Drought Rider",4,0.81,"Farmer in Karnataka cultivating Sugarcane with land holding >10 Acres and annual income >500000 INR falls into the 'large' farmer segment. Sugarcane is a priority crop under PMFBY in Karnataka, warranting crop insurance coverage. Larger land holding and higher income support infrastructure and mechanization financing. Karnataka has drought-prone zones, increasing relevance of weather-based insurance for water-intensive Sugarcane cultivation."
370,"{""state"": ""Karnataka"", ""crop"": ""Sugarcane"", ""land_acres"": ""<5 Acres"", ""income_inr"": ""<300000""}","PM-KISAN, Soil Health Card Scheme, PM Kisan Maandhan Yojana, PM Krishi Sinchai Yojana - Per Drop More Crop","Kisan Credit Card (KCC), SBI Agriculture Gold Loan, Interest Subvention Scheme (Short Term Crop Loan)","Pradhan Mantri Fasal Bima Yojana (PMFBY), Weather Based Crop Insurance Scheme (WBCIS), Weather Based Crop Insurance Scheme (WBCIS) - Drought Rider",1,0.85,"Farmer in Karnataka cultivating Sugarcane with land holding <5 Acres and annual income <300000 INR falls into the 'small-marginal' farmer segment. Eligible for PM-KISAN direct income support due to small/marginal land holding. Sugarcane is a priority crop under PMFBY in Karnataka, warranting crop insurance coverage. Low collateral base suggests gold-backed lending as an accessible credit option. Karnataka has drought-prone zones, increasing relevance of weather-based insurance for water-intensive Sugarcane cultivation."
371,"{""state"": ""Karnataka"", ""crop"": ""Soybean"", ""land_acres"": ""<2 Acres"", ""income_inr"": ""<200000""}","PM-KISAN, Soil Health Card Scheme, PM Kisan Maandhan Yojana, National Food Security Mission (NFSM)","Kisan Credit Card (KCC), SBI Agriculture Gold Loan, Interest Subvention Scheme (Short Term Crop Loan)","Pradhan Mantri Fasal Bima Yojana (PMFBY), Weather Based Crop Insurance Scheme (WBCIS) - Drought Rider",1,0.96,"Farmer in Karnataka cultivating Soybean with land holding <2 Acres and annual income <200000 INR falls into the 'marginal' farmer segment. Eligible for PM-KISAN direct income support due to small/marginal land holding. Soybean is a priority crop under PMFBY in Karnataka, warranting crop insurance coverage. Low collateral base suggests gold-backed lending as an accessible credit option."
372,"{""state"": ""Karnataka"", ""crop"": ""Soybean"", ""land_acres"": ""2-5 Acres"", ""income_inr"": ""200000-300000""}","PM-KISAN, Soil Health Card Scheme, PM Kisan Maandhan Yojana, National Food Security Mission (NFSM)","Kisan Credit Card (KCC), SBI Agriculture Gold Loan, Interest Subvention Scheme (Short Term Crop Loan)","Pradhan Mantri Fasal Bima Yojana (PMFBY), Weather Based Crop Insurance Scheme (WBCIS) - Drought Rider",2,0.91,"Farmer in Karnataka cultivating Soybean with land holding 2-5 Acres and annual income 200000-300000 INR falls into the 'small' farmer segment. Eligible for PM-KISAN direct income support due to small/marginal land holding. Soybean is a priority crop under PMFBY in Karnataka, warranting crop insurance coverage. Low collateral base suggests gold-backed lending as an accessible credit option."
373,"{""state"": ""Karnataka"", ""crop"": ""Soybean"", ""land_acres"": ""5-10 Acres"", ""income_inr"": ""300000-500000""}","Soil Health Card Scheme, Rashtriya Krishi Vikas Yojana (RKVY), PM Krishi Sinchai Yojana, National Food Security Mission (NFSM)","Kisan Credit Card (KCC), Crop Loan, Farm Mechanization Loan","Pradhan Mantri Fasal Bima Yojana (PMFBY), Weather Based Crop Insurance Scheme (WBCIS) - Drought Rider",3,0.9,"Farmer in Karnataka cultivating Soybean with land holding 5-10 Acres and annual income 300000-500000 INR falls into the 'semi-medium' farmer segment. Soybean is a priority crop under PMFBY in Karnataka, warranting crop insurance coverage."
374,"{""state"": ""Karnataka"", ""crop"": ""Soybean"", ""land_acres"": "">10 Acres"", ""income_inr"": "">500000""}","Soil Health Card Scheme, Rashtriya Krishi Vikas Yojana (RKVY), Agriculture Infrastructure Fund, e-NAM Registration, National Food Security Mission (NFSM)","Kisan Credit Card (KCC), Crop Loan, Warehouse Receipt Financing, Tractor / Farm Equipment Loan, NABARD Refinance - Land Development Loan","Pradhan Mantri Fasal Bima Yojana (PMFBY), Weather Based Crop Insurance Scheme (WBCIS) - Drought Rider",4,0.78,"Farmer in Karnataka cultivating Soybean with land holding >10 Acres and annual income >500000 INR falls into the 'large' farmer segment. Soybean is a priority crop under PMFBY in Karnataka, warranting crop insurance coverage. Larger land holding and higher income support infrastructure and mechanization financing."
375,"{""state"": ""Karnataka"", ""crop"": ""Soybean"", ""land_acres"": ""<5 Acres"", ""income_inr"": ""<300000""}","PM-KISAN, Soil Health Card Scheme, PM Kisan Maandhan Yojana, National Food Security Mission (NFSM)","Kisan Credit Card (KCC), SBI Agriculture Gold Loan, Interest Subvention Scheme (Short Term Crop Loan)","Pradhan Mantri Fasal Bima Yojana (PMFBY), Weather Based Crop Insurance Scheme (WBCIS) - Drought Rider",1,0.95,"Farmer in Karnataka cultivating Soybean with land holding <5 Acres and annual income <300000 INR falls into the 'small-marginal' farmer segment. Eligible for PM-KISAN direct income support due to small/marginal land holding. Soybean is a priority crop under PMFBY in Karnataka, warranting crop insurance coverage. Low collateral base suggests gold-backed lending as an accessible credit option."
376,"{""state"": ""Karnataka"", ""crop"": ""Maize"", ""land_acres"": ""<2 Acres"", ""income_inr"": ""<200000""}","PM-KISAN, Soil Health Card Scheme, PM Kisan Maandhan Yojana","Kisan Credit Card (KCC), SBI Agriculture Gold Loan, Interest Subvention Scheme (Short Term Crop Loan)","Pradhan Mantri Fasal Bima Yojana (PMFBY), Weather Based Crop Insurance Scheme (WBCIS) - Drought Rider",1,0.81,"Farmer in Karnataka cultivating Maize with land holding <2 Acres and annual income <200000 INR falls into the 'marginal' farmer segment. Eligible for PM-KISAN direct income support due to small/marginal land holding. Maize is a priority crop under PMFBY in Karnataka, warranting crop insurance coverage. Low collateral base suggests gold-backed lending as an accessible credit option."
377,"{""state"": ""Karnataka"", ""crop"": ""Maize"", ""land_acres"": ""2-5 Acres"", ""income_inr"": ""200000-300000""}","PM-KISAN, Soil Health Card Scheme, PM Kisan Maandhan Yojana","Kisan Credit Card (KCC), SBI Agriculture Gold Loan, Interest Subvention Scheme (Short Term Crop Loan)","Pradhan Mantri Fasal Bima Yojana (PMFBY), Weather Based Crop Insurance Scheme (WBCIS) - Drought Rider",2,0.94,"Farmer in Karnataka cultivating Maize with land holding 2-5 Acres and annual income 200000-300000 INR falls into the 'small' farmer segment. Eligible for PM-KISAN direct income support due to small/marginal land holding. Maize is a priority crop under PMFBY in Karnataka, warranting crop insurance coverage. Low collateral base suggests gold-backed lending as an accessible credit option."
378,"{""state"": ""Karnataka"", ""crop"": ""Maize"", ""land_acres"": ""5-10 Acres"", ""income_inr"": ""300000-500000""}","Soil Health Card Scheme, Rashtriya Krishi Vikas Yojana (RKVY), PM Krishi Sinchai Yojana","Kisan Credit Card (KCC), Crop Loan, Farm Mechanization Loan","Pradhan Mantri Fasal Bima Yojana (PMFBY), Weather Based Crop Insurance Scheme (WBCIS) - Drought Rider",3,0.95,"Farmer in Karnataka cultivating Maize with land holding 5-10 Acres and annual income 300000-500000 INR falls into the 'semi-medium' farmer segment. Maize is a priority crop under PMFBY in Karnataka, warranting crop insurance coverage."
379,"{""state"": ""Karnataka"", ""crop"": ""Maize"", ""land_acres"": "">10 Acres"", ""income_inr"": "">500000""}","Soil Health Card Scheme, Rashtriya Krishi Vikas Yojana (RKVY), Agriculture Infrastructure Fund, e-NAM Registration","Kisan Credit Card (KCC), Crop Loan, Warehouse Receipt Financing, Tractor / Farm Equipment Loan, NABARD Refinance - Land Development Loan","Pradhan Mantri Fasal Bima Yojana (PMFBY), Weather Based Crop Insurance Scheme (WBCIS) - Drought Rider",4,0.8,"Farmer in Karnataka cultivating Maize with land holding >10 Acres and annual income >500000 INR falls into the 'large' farmer segment. Maize is a priority crop under PMFBY in Karnataka, warranting crop insurance coverage. Larger land holding and higher income support infrastructure and mechanization financing."
380,"{""state"": ""Karnataka"", ""crop"": ""Maize"", ""land_acres"": ""<5 Acres"", ""income_inr"": ""<300000""}","PM-KISAN, Soil Health Card Scheme, PM Kisan Maandhan Yojana","Kisan Credit Card (KCC), SBI Agriculture Gold Loan, Interest Subvention Scheme (Short Term Crop Loan)","Pradhan Mantri Fasal Bima Yojana (PMFBY), Weather Based Crop Insurance Scheme (WBCIS) - Drought Rider",1,0.92,"Farmer in Karnataka cultivating Maize with land holding <5 Acres and annual income <300000 INR falls into the 'small-marginal' farmer segment. Eligible for PM-KISAN direct income support due to small/marginal land holding. Maize is a priority crop under PMFBY in Karnataka, warranting crop insurance coverage. Low collateral base suggests gold-backed lending as an accessible credit option."
381,"{""state"": ""Karnataka"", ""crop"": ""Groundnut"", ""land_acres"": ""<2 Acres"", ""income_inr"": ""<200000""}","PM-KISAN, Soil Health Card Scheme, PM Kisan Maandhan Yojana, National Food Security Mission (NFSM)","Kisan Credit Card (KCC), SBI Agriculture Gold Loan, Interest Subvention Scheme (Short Term Crop Loan)","Pradhan Mantri Fasal Bima Yojana (PMFBY), Weather Based Crop Insurance Scheme (WBCIS) - Drought Rider",1,0.82,"Farmer in Karnataka cultivating Groundnut with land holding <2 Acres and annual income <200000 INR falls into the 'marginal' farmer segment. Eligible for PM-KISAN direct income support due to small/marginal land holding. Groundnut is a priority crop under PMFBY in Karnataka, warranting crop insurance coverage. Low collateral base suggests gold-backed lending as an accessible credit option."
382,"{""state"": ""Karnataka"", ""crop"": ""Groundnut"", ""land_acres"": ""2-5 Acres"", ""income_inr"": ""200000-300000""}","PM-KISAN, Soil Health Card Scheme, PM Kisan Maandhan Yojana, National Food Security Mission (NFSM)","Kisan Credit Card (KCC), SBI Agriculture Gold Loan, Interest Subvention Scheme (Short Term Crop Loan)","Pradhan Mantri Fasal Bima Yojana (PMFBY), Weather Based Crop Insurance Scheme (WBCIS) - Drought Rider",2,0.82,"Farmer in Karnataka cultivating Groundnut with land holding 2-5 Acres and annual income 200000-300000 INR falls into the 'small' farmer segment. Eligible for PM-KISAN direct income support due to small/marginal land holding. Groundnut is a priority crop under PMFBY in Karnataka, warranting crop insurance coverage. Low collateral base suggests gold-backed lending as an accessible credit option."
383,"{""state"": ""Karnataka"", ""crop"": ""Groundnut"", ""land_acres"": ""5-10 Acres"", ""income_inr"": ""300000-500000""}","Soil Health Card Scheme, Rashtriya Krishi Vikas Yojana (RKVY), PM Krishi Sinchai Yojana, National Food Security Mission (NFSM)","Kisan Credit Card (KCC), Crop Loan, Farm Mechanization Loan","Pradhan Mantri Fasal Bima Yojana (PMFBY), Weather Based Crop Insurance Scheme (WBCIS) - Drought Rider",3,0.79,"Farmer in Karnataka cultivating Groundnut with land holding 5-10 Acres and annual income 300000-500000 INR falls into the 'semi-medium' farmer segment. Groundnut is a priority crop under PMFBY in Karnataka, warranting crop insurance coverage."
384,"{""state"": ""Karnataka"", ""crop"": ""Groundnut"", ""land_acres"": "">10 Acres"", ""income_inr"": "">500000""}","Soil Health Card Scheme, Rashtriya Krishi Vikas Yojana (RKVY), Agriculture Infrastructure Fund, e-NAM Registration, National Food Security Mission (NFSM)","Kisan Credit Card (KCC), Crop Loan, Warehouse Receipt Financing, Tractor / Farm Equipment Loan, NABARD Refinance - Land Development Loan","Pradhan Mantri Fasal Bima Yojana (PMFBY), Weather Based Crop Insurance Scheme (WBCIS) - Drought Rider",4,0.81,"Farmer in Karnataka cultivating Groundnut with land holding >10 Acres and annual income >500000 INR falls into the 'large' farmer segment. Groundnut is a priority crop under PMFBY in Karnataka, warranting crop insurance coverage. Larger land holding and higher income support infrastructure and mechanization financing."
385,"{""state"": ""Karnataka"", ""crop"": ""Groundnut"", ""land_acres"": ""<5 Acres"", ""income_inr"": ""<300000""}","PM-KISAN, Soil Health Card Scheme, PM Kisan Maandhan Yojana, National Food Security Mission (NFSM)","Kisan Credit Card (KCC), SBI Agriculture Gold Loan, Interest Subvention Scheme (Short Term Crop Loan)","Pradhan Mantri Fasal Bima Yojana (PMFBY), Weather Based Crop Insurance Scheme (WBCIS) - Drought Rider",1,0.88,"Farmer in Karnataka cultivating Groundnut with land holding <5 Acres and annual income <300000 INR falls into the 'small-marginal' farmer segment. Eligible for PM-KISAN direct income support due to small/marginal land holding. Groundnut is a priority crop under PMFBY in Karnataka, warranting crop insurance coverage. Low collateral base suggests gold-backed lending as an accessible credit option."
386,"{""state"": ""Karnataka"", ""crop"": ""Pulses"", ""land_acres"": ""<2 Acres"", ""income_inr"": ""<200000""}","PM-KISAN, Soil Health Card Scheme, PM Kisan Maandhan Yojana, National Food Security Mission (NFSM)","Kisan Credit Card (KCC), SBI Agriculture Gold Loan, Interest Subvention Scheme (Short Term Crop Loan)","Pradhan Mantri Fasal Bima Yojana (PMFBY), Weather Based Crop Insurance Scheme (WBCIS) - Drought Rider",1,0.8,"Farmer in Karnataka cultivating Pulses with land holding <2 Acres and annual income <200000 INR falls into the 'marginal' farmer segment. Eligible for PM-KISAN direct income support due to small/marginal land holding. Pulses is a priority crop under PMFBY in Karnataka, warranting crop insurance coverage. Low collateral base suggests gold-backed lending as an accessible credit option."
387,"{""state"": ""Karnataka"", ""crop"": ""Pulses"", ""land_acres"": ""2-5 Acres"", ""income_inr"": ""200000-300000""}","PM-KISAN, Soil Health Card Scheme, PM Kisan Maandhan Yojana, National Food Security Mission (NFSM)","Kisan Credit Card (KCC), SBI Agriculture Gold Loan, Interest Subvention Scheme (Short Term Crop Loan)","Pradhan Mantri Fasal Bima Yojana (PMFBY), Weather Based Crop Insurance Scheme (WBCIS) - Drought Rider",2,0.92,"Farmer in Karnataka cultivating Pulses with land holding 2-5 Acres and annual income 200000-300000 INR falls into the 'small' farmer segment. Eligible for PM-KISAN direct income support due to small/marginal land holding. Pulses is a priority crop under PMFBY in Karnataka, warranting crop insurance coverage. Low collateral base suggests gold-backed lending as an accessible credit option."
388,"{""state"": ""Karnataka"", ""crop"": ""Pulses"", ""land_acres"": ""5-10 Acres"", ""income_inr"": ""300000-500000""}","Soil Health Card Scheme, Rashtriya Krishi Vikas Yojana (RKVY), PM Krishi Sinchai Yojana, National Food Security Mission (NFSM)","Kisan Credit Card (KCC), Crop Loan, Farm Mechanization Loan","Pradhan Mantri Fasal Bima Yojana (PMFBY), Weather Based Crop Insurance Scheme (WBCIS) - Drought Rider",3,0.93,"Farmer in Karnataka cultivating Pulses with land holding 5-10 Acres and annual income 300000-500000 INR falls into the 'semi-medium' farmer segment. Pulses is a priority crop under PMFBY in Karnataka, warranting crop insurance coverage."
389,"{""state"": ""Karnataka"", ""crop"": ""Pulses"", ""land_acres"": "">10 Acres"", ""income_inr"": "">500000""}","Soil Health Card Scheme, Rashtriya Krishi Vikas Yojana (RKVY), Agriculture Infrastructure Fund, e-NAM Registration, National Food Security Mission (NFSM)","Kisan Credit Card (KCC), Crop Loan, Warehouse Receipt Financing, Tractor / Farm Equipment Loan, NABARD Refinance - Land Development Loan","Pradhan Mantri Fasal Bima Yojana (PMFBY), Weather Based Crop Insurance Scheme (WBCIS) - Drought Rider",4,0.8,"Farmer in Karnataka cultivating Pulses with land holding >10 Acres and annual income >500000 INR falls into the 'large' farmer segment. Pulses is a priority crop under PMFBY in Karnataka, warranting crop insurance coverage. Larger land holding and higher income support infrastructure and mechanization financing."
390,"{""state"": ""Karnataka"", ""crop"": ""Pulses"", ""land_acres"": ""<5 Acres"", ""income_inr"": ""<300000""}","PM-KISAN, Soil Health Card Scheme, PM Kisan Maandhan Yojana, National Food Security Mission (NFSM)","Kisan Credit Card (KCC), SBI Agriculture Gold Loan, Interest Subvention Scheme (Short Term Crop Loan)","Pradhan Mantri Fasal Bima Yojana (PMFBY), Weather Based Crop Insurance Scheme (WBCIS) - Drought Rider",1,0.82,"Farmer in Karnataka cultivating Pulses with land holding <5 Acres and annual income <300000 INR falls into the 'small-marginal' farmer segment. Eligible for PM-KISAN direct income support due to small/marginal land holding. Pulses is a priority crop under PMFBY in Karnataka, warranting crop insurance coverage. Low collateral base suggests gold-backed lending as an accessible credit option."
391,"{""state"": ""Karnataka"", ""crop"": ""Vegetables"", ""land_acres"": ""<2 Acres"", ""income_inr"": ""<200000""}","PM-KISAN, Soil Health Card Scheme, PM Kisan Maandhan Yojana, Mission for Integrated Development of Horticulture (MIDH)","Kisan Credit Card (KCC), SBI Agriculture Gold Loan, Interest Subvention Scheme (Short Term Crop Loan)","Unified Package Insurance Scheme (UPIS), Restructured Weather Based Crop Insurance Scheme, Weather Based Crop Insurance Scheme (WBCIS) - Drought Rider",1,0.94,Farmer in Karnataka cultivating Vegetables with land holding <2 Acres and annual income <200000 INR falls into the 'marginal' farmer segment. Eligible for PM-KISAN direct income support due to small/marginal land holding. Low collateral base suggests gold-backed lending as an accessible credit option.
392,"{""state"": ""Karnataka"", ""crop"": ""Vegetables"", ""land_acres"": ""2-5 Acres"", ""income_inr"": ""200000-300000""}","PM-KISAN, Soil Health Card Scheme, PM Kisan Maandhan Yojana, Mission for Integrated Development of Horticulture (MIDH)","Kisan Credit Card (KCC), SBI Agriculture Gold Loan, Interest Subvention Scheme (Short Term Crop Loan)","Unified Package Insurance Scheme (UPIS), Restructured Weather Based Crop Insurance Scheme, Weather Based Crop Insurance Scheme (WBCIS) - Drought Rider",2,0.83,Farmer in Karnataka cultivating Vegetables with land holding 2-5 Acres and annual income 200000-300000 INR falls into the 'small' farmer segment. Eligible for PM-KISAN direct income support due to small/marginal land holding. Low collateral base suggests gold-backed lending as an accessible credit option.
393,"{""state"": ""Karnataka"", ""crop"": ""Vegetables"", ""land_acres"": ""5-10 Acres"", ""income_inr"": ""300000-500000""}","Soil Health Card Scheme, Rashtriya Krishi Vikas Yojana (RKVY), PM Krishi Sinchai Yojana, Mission for Integrated Development of Horticulture (MIDH)","Kisan Credit Card (KCC), Crop Loan, Farm Mechanization Loan","Unified Package Insurance Scheme (UPIS), Restructured Weather Based Crop Insurance Scheme, Weather Based Crop Insurance Scheme (WBCIS) - Drought Rider",3,0.88,Farmer in Karnataka cultivating Vegetables with land holding 5-10 Acres and annual income 300000-500000 INR falls into the 'semi-medium' farmer segment.
394,"{""state"": ""Karnataka"", ""crop"": ""Vegetables"", ""land_acres"": "">10 Acres"", ""income_inr"": "">500000""}","Soil Health Card Scheme, Rashtriya Krishi Vikas Yojana (RKVY), Agriculture Infrastructure Fund, e-NAM Registration, Mission for Integrated Development of Horticulture (MIDH)","Kisan Credit Card (KCC), Crop Loan, Warehouse Receipt Financing, Tractor / Farm Equipment Loan, NABARD Refinance - Land Development Loan","Unified Package Insurance Scheme (UPIS), Restructured Weather Based Crop Insurance Scheme, Weather Based Crop Insurance Scheme (WBCIS) - Drought Rider",4,0.92,Farmer in Karnataka cultivating Vegetables with land holding >10 Acres and annual income >500000 INR falls into the 'large' farmer segment. Larger land holding and higher income support infrastructure and mechanization financing.
395,"{""state"": ""Karnataka"", ""crop"": ""Vegetables"", ""land_acres"": ""<5 Acres"", ""income_inr"": ""<300000""}","PM-KISAN, Soil Health Card Scheme, PM Kisan Maandhan Yojana, Mission for Integrated Development of Horticulture (MIDH)","Kisan Credit Card (KCC), SBI Agriculture Gold Loan, Interest Subvention Scheme (Short Term Crop Loan)","Unified Package Insurance Scheme (UPIS), Restructured Weather Based Crop Insurance Scheme, Weather Based Crop Insurance Scheme (WBCIS) - Drought Rider",1,0.94,Farmer in Karnataka cultivating Vegetables with land holding <5 Acres and annual income <300000 INR falls into the 'small-marginal' farmer segment. Eligible for PM-KISAN direct income support due to small/marginal land holding. Low collateral base suggests gold-backed lending as an accessible credit option.
396,"{""state"": ""Karnataka"", ""crop"": ""Fruits"", ""land_acres"": ""<2 Acres"", ""income_inr"": ""<200000""}","PM-KISAN, Soil Health Card Scheme, PM Kisan Maandhan Yojana, Mission for Integrated Development of Horticulture (MIDH)","Kisan Credit Card (KCC), SBI Agriculture Gold Loan, Interest Subvention Scheme (Short Term Crop Loan)","Unified Package Insurance Scheme (UPIS), Restructured Weather Based Crop Insurance Scheme, Weather Based Crop Insurance Scheme (WBCIS) - Drought Rider",1,0.94,Farmer in Karnataka cultivating Fruits with land holding <2 Acres and annual income <200000 INR falls into the 'marginal' farmer segment. Eligible for PM-KISAN direct income support due to small/marginal land holding. Low collateral base suggests gold-backed lending as an accessible credit option.
397,"{""state"": ""Karnataka"", ""crop"": ""Fruits"", ""land_acres"": ""2-5 Acres"", ""income_inr"": ""200000-300000""}","PM-KISAN, Soil Health Card Scheme, PM Kisan Maandhan Yojana, Mission for Integrated Development of Horticulture (MIDH)","Kisan Credit Card (KCC), SBI Agriculture Gold Loan, Interest Subvention Scheme (Short Term Crop Loan)","Unified Package Insurance Scheme (UPIS), Restructured Weather Based Crop Insurance Scheme, Weather Based Crop Insurance Scheme (WBCIS) - Drought Rider",2,0.91,Farmer in Karnataka cultivating Fruits with land holding 2-5 Acres and annual income 200000-300000 INR falls into the 'small' farmer segment. Eligible for PM-KISAN direct income support due to small/marginal land holding. Low collateral base suggests gold-backed lending as an accessible credit option.
398,"{""state"": ""Karnataka"", ""crop"": ""Fruits"", ""land_acres"": ""5-10 Acres"", ""income_inr"": ""300000-500000""}","Soil Health Card Scheme, Rashtriya Krishi Vikas Yojana (RKVY), PM Krishi Sinchai Yojana, Mission for Integrated Development of Horticulture (MIDH)","Kisan Credit Card (KCC), Crop Loan, Farm Mechanization Loan","Unified Package Insurance Scheme (UPIS), Restructured Weather Based Crop Insurance Scheme, Weather Based Crop Insurance Scheme (WBCIS) - Drought Rider",3,0.82,Farmer in Karnataka cultivating Fruits with land holding 5-10 Acres and annual income 300000-500000 INR falls into the 'semi-medium' farmer segment.
399,"{""state"": ""Karnataka"", ""crop"": ""Fruits"", ""land_acres"": "">10 Acres"", ""income_inr"": "">500000""}","Soil Health Card Scheme, Rashtriya Krishi Vikas Yojana (RKVY), Agriculture Infrastructure Fund, e-NAM Registration, Mission for Integrated Development of Horticulture (MIDH)","Kisan Credit Card (KCC), Crop Loan, Warehouse Receipt Financing, Tractor / Farm Equipment Loan, NABARD Refinance - Land Development Loan","Unified Package Insurance Scheme (UPIS), Restructured Weather Based Crop Insurance Scheme, Weather Based Crop Insurance Scheme (WBCIS) - Drought Rider",4,0.87,Farmer in Karnataka cultivating Fruits with land holding >10 Acres and annual income >500000 INR falls into the 'large' farmer segment. Larger land holding and higher income support infrastructure and mechanization financing.
400,"{""state"": ""Karnataka"", ""crop"": ""Fruits"", ""land_acres"": ""<5 Acres"", ""income_inr"": ""<300000""}","PM-KISAN, Soil Health Card Scheme, PM Kisan Maandhan Yojana, Mission for Integrated Development of Horticulture (MIDH)","Kisan Credit Card (KCC), SBI Agriculture Gold Loan, Interest Subvention Scheme (Short Term Crop Loan)","Unified Package Insurance Scheme (UPIS), Restructured Weather Based Crop Insurance Scheme, Weather Based Crop Insurance Scheme (WBCIS) - Drought Rider",1,0.8,Farmer in Karnataka cultivating Fruits with land holding <5 Acres and annual income <300000 INR falls into the 'small-marginal' farmer segment. Eligible for PM-KISAN direct income support due to small/marginal land holding. Low collateral base suggests gold-backed lending as an accessible credit option.
401,"{""state"": ""Tamil Nadu"", ""crop"": ""Cotton"", ""land_acres"": ""<2 Acres"", ""income_inr"": ""<200000""}","PM-KISAN, Soil Health Card Scheme, PM Kisan Maandhan Yojana, PM Krishi Sinchai Yojana - Per Drop More Crop","Kisan Credit Card (KCC), SBI Agriculture Gold Loan, Interest Subvention Scheme (Short Term Crop Loan)","Pradhan Mantri Fasal Bima Yojana (PMFBY), Weather Based Crop Insurance Scheme (WBCIS)",1,0.95,"Farmer in Tamil Nadu cultivating Cotton with land holding <2 Acres and annual income <200000 INR falls into the 'marginal' farmer segment. Eligible for PM-KISAN direct income support due to small/marginal land holding. Cotton is a priority crop under PMFBY in Tamil Nadu, warranting crop insurance coverage. Low collateral base suggests gold-backed lending as an accessible credit option."
402,"{""state"": ""Tamil Nadu"", ""crop"": ""Cotton"", ""land_acres"": ""2-5 Acres"", ""income_inr"": ""200000-300000""}","PM-KISAN, Soil Health Card Scheme, PM Kisan Maandhan Yojana, PM Krishi Sinchai Yojana - Per Drop More Crop","Kisan Credit Card (KCC), SBI Agriculture Gold Loan, Interest Subvention Scheme (Short Term Crop Loan)","Pradhan Mantri Fasal Bima Yojana (PMFBY), Weather Based Crop Insurance Scheme (WBCIS)",2,0.87,"Farmer in Tamil Nadu cultivating Cotton with land holding 2-5 Acres and annual income 200000-300000 INR falls into the 'small' farmer segment. Eligible for PM-KISAN direct income support due to small/marginal land holding. Cotton is a priority crop under PMFBY in Tamil Nadu, warranting crop insurance coverage. Low collateral base suggests gold-backed lending as an accessible credit option."
403,"{""state"": ""Tamil Nadu"", ""crop"": ""Cotton"", ""land_acres"": ""5-10 Acres"", ""income_inr"": ""300000-500000""}","Soil Health Card Scheme, Rashtriya Krishi Vikas Yojana (RKVY), PM Krishi Sinchai Yojana, PM Krishi Sinchai Yojana - Per Drop More Crop","Kisan Credit Card (KCC), Crop Loan, Farm Mechanization Loan","Pradhan Mantri Fasal Bima Yojana (PMFBY), Weather Based Crop Insurance Scheme (WBCIS)",3,0.84,"Farmer in Tamil Nadu cultivating Cotton with land holding 5-10 Acres and annual income 300000-500000 INR falls into the 'semi-medium' farmer segment. Cotton is a priority crop under PMFBY in Tamil Nadu, warranting crop insurance coverage."
404,"{""state"": ""Tamil Nadu"", ""crop"": ""Cotton"", ""land_acres"": "">10 Acres"", ""income_inr"": "">500000""}","Soil Health Card Scheme, Rashtriya Krishi Vikas Yojana (RKVY), Agriculture Infrastructure Fund, e-NAM Registration, PM Krishi Sinchai Yojana - Per Drop More Crop","Kisan Credit Card (KCC), Crop Loan, Warehouse Receipt Financing, Tractor / Farm Equipment Loan, NABARD Refinance - Land Development Loan","Pradhan Mantri Fasal Bima Yojana (PMFBY), Weather Based Crop Insurance Scheme (WBCIS)",4,0.81,"Farmer in Tamil Nadu cultivating Cotton with land holding >10 Acres and annual income >500000 INR falls into the 'large' farmer segment. Cotton is a priority crop under PMFBY in Tamil Nadu, warranting crop insurance coverage. Larger land holding and higher income support infrastructure and mechanization financing."
405,"{""state"": ""Tamil Nadu"", ""crop"": ""Cotton"", ""land_acres"": ""<5 Acres"", ""income_inr"": ""<300000""}","PM-KISAN, Soil Health Card Scheme, PM Kisan Maandhan Yojana, PM Krishi Sinchai Yojana - Per Drop More Crop","Kisan Credit Card (KCC), SBI Agriculture Gold Loan, Interest Subvention Scheme (Short Term Crop Loan)","Pradhan Mantri Fasal Bima Yojana (PMFBY), Weather Based Crop Insurance Scheme (WBCIS)",1,0.82,"Farmer in Tamil Nadu cultivating Cotton with land holding <5 Acres and annual income <300000 INR falls into the 'small-marginal' farmer segment. Eligible for PM-KISAN direct income support due to small/marginal land holding. Cotton is a priority crop under PMFBY in Tamil Nadu, warranting crop insurance coverage. Low collateral base suggests gold-backed lending as an accessible credit option."
406,"{""state"": ""Tamil Nadu"", ""crop"": ""Rice"", ""land_acres"": ""<2 Acres"", ""income_inr"": ""<200000""}","PM-KISAN, Soil Health Card Scheme, PM Kisan Maandhan Yojana, PM Krishi Sinchai Yojana - Per Drop More Crop","Kisan Credit Card (KCC), SBI Agriculture Gold Loan, Interest Subvention Scheme (Short Term Crop Loan)",Pradhan Mantri Fasal Bima Yojana (PMFBY),1,0.82,"Farmer in Tamil Nadu cultivating Rice with land holding <2 Acres and annual income <200000 INR falls into the 'marginal' farmer segment. Eligible for PM-KISAN direct income support due to small/marginal land holding. Rice is a priority crop under PMFBY in Tamil Nadu, warranting crop insurance coverage. Low collateral base suggests gold-backed lending as an accessible credit option."
407,"{""state"": ""Tamil Nadu"", ""crop"": ""Rice"", ""land_acres"": ""2-5 Acres"", ""income_inr"": ""200000-300000""}","PM-KISAN, Soil Health Card Scheme, PM Kisan Maandhan Yojana, PM Krishi Sinchai Yojana - Per Drop More Crop","Kisan Credit Card (KCC), SBI Agriculture Gold Loan, Interest Subvention Scheme (Short Term Crop Loan)",Pradhan Mantri Fasal Bima Yojana (PMFBY),2,0.76,"Farmer in Tamil Nadu cultivating Rice with land holding 2-5 Acres and annual income 200000-300000 INR falls into the 'small' farmer segment. Eligible for PM-KISAN direct income support due to small/marginal land holding. Rice is a priority crop under PMFBY in Tamil Nadu, warranting crop insurance coverage. Low collateral base suggests gold-backed lending as an accessible credit option."
408,"{""state"": ""Tamil Nadu"", ""crop"": ""Rice"", ""land_acres"": ""5-10 Acres"", ""income_inr"": ""300000-500000""}","Soil Health Card Scheme, Rashtriya Krishi Vikas Yojana (RKVY), PM Krishi Sinchai Yojana, PM Krishi Sinchai Yojana - Per Drop More Crop","Kisan Credit Card (KCC), Crop Loan, Farm Mechanization Loan",Pradhan Mantri Fasal Bima Yojana (PMFBY),3,0.83,"Farmer in Tamil Nadu cultivating Rice with land holding 5-10 Acres and annual income 300000-500000 INR falls into the 'semi-medium' farmer segment. Rice is a priority crop under PMFBY in Tamil Nadu, warranting crop insurance coverage."
409,"{""state"": ""Tamil Nadu"", ""crop"": ""Rice"", ""land_acres"": "">10 Acres"", ""income_inr"": "">500000""}","Soil Health Card Scheme, Rashtriya Krishi Vikas Yojana (RKVY), Agriculture Infrastructure Fund, e-NAM Registration, PM Krishi Sinchai Yojana - Per Drop More Crop","Kisan Credit Card (KCC), Crop Loan, Warehouse Receipt Financing, Tractor / Farm Equipment Loan, NABARD Refinance - Land Development Loan",Pradhan Mantri Fasal Bima Yojana (PMFBY),4,0.87,"Farmer in Tamil Nadu cultivating Rice with land holding >10 Acres and annual income >500000 INR falls into the 'large' farmer segment. Rice is a priority crop under PMFBY in Tamil Nadu, warranting crop insurance coverage. Larger land holding and higher income support infrastructure and mechanization financing."
410,"{""state"": ""Tamil Nadu"", ""crop"": ""Rice"", ""land_acres"": ""<5 Acres"", ""income_inr"": ""<300000""}","PM-KISAN, Soil Health Card Scheme, PM Kisan Maandhan Yojana, PM Krishi Sinchai Yojana - Per Drop More Crop","Kisan Credit Card (KCC), SBI Agriculture Gold Loan, Interest Subvention Scheme (Short Term Crop Loan)",Pradhan Mantri Fasal Bima Yojana (PMFBY),1,0.85,"Farmer in Tamil Nadu cultivating Rice with land holding <5 Acres and annual income <300000 INR falls into the 'small-marginal' farmer segment. Eligible for PM-KISAN direct income support due to small/marginal land holding. Rice is a priority crop under PMFBY in Tamil Nadu, warranting crop insurance coverage. Low collateral base suggests gold-backed lending as an accessible credit option."
411,"{""state"": ""Tamil Nadu"", ""crop"": ""Wheat"", ""land_acres"": ""<2 Acres"", ""income_inr"": ""<200000""}","PM-KISAN, Soil Health Card Scheme, PM Kisan Maandhan Yojana","Kisan Credit Card (KCC), SBI Agriculture Gold Loan, Interest Subvention Scheme (Short Term Crop Loan)",Pradhan Mantri Fasal Bima Yojana (PMFBY),1,0.88,"Farmer in Tamil Nadu cultivating Wheat with land holding <2 Acres and annual income <200000 INR falls into the 'marginal' farmer segment. Eligible for PM-KISAN direct income support due to small/marginal land holding. Wheat is a priority crop under PMFBY in Tamil Nadu, warranting crop insurance coverage. Low collateral base suggests gold-backed lending as an accessible credit option."
412,"{""state"": ""Tamil Nadu"", ""crop"": ""Wheat"", ""land_acres"": ""2-5 Acres"", ""income_inr"": ""200000-300000""}","PM-KISAN, Soil Health Card Scheme, PM Kisan Maandhan Yojana","Kisan Credit Card (KCC), SBI Agriculture Gold Loan, Interest Subvention Scheme (Short Term Crop Loan)",Pradhan Mantri Fasal Bima Yojana (PMFBY),2,0.92,"Farmer in Tamil Nadu cultivating Wheat with land holding 2-5 Acres and annual income 200000-300000 INR falls into the 'small' farmer segment. Eligible for PM-KISAN direct income support due to small/marginal land holding. Wheat is a priority crop under PMFBY in Tamil Nadu, warranting crop insurance coverage. Low collateral base suggests gold-backed lending as an accessible credit option."
413,"{""state"": ""Tamil Nadu"", ""crop"": ""Wheat"", ""land_acres"": ""5-10 Acres"", ""income_inr"": ""300000-500000""}","Soil Health Card Scheme, Rashtriya Krishi Vikas Yojana (RKVY), PM Krishi Sinchai Yojana","Kisan Credit Card (KCC), Crop Loan, Farm Mechanization Loan",Pradhan Mantri Fasal Bima Yojana (PMFBY),3,0.85,"Farmer in Tamil Nadu cultivating Wheat with land holding 5-10 Acres and annual income 300000-500000 INR falls into the 'semi-medium' farmer segment. Wheat is a priority crop under PMFBY in Tamil Nadu, warranting crop insurance coverage."
414,"{""state"": ""Tamil Nadu"", ""crop"": ""Wheat"", ""land_acres"": "">10 Acres"", ""income_inr"": "">500000""}","Soil Health Card Scheme, Rashtriya Krishi Vikas Yojana (RKVY), Agriculture Infrastructure Fund, e-NAM Registration","Kisan Credit Card (KCC), Crop Loan, Warehouse Receipt Financing, Tractor / Farm Equipment Loan, NABARD Refinance - Land Development Loan",Pradhan Mantri Fasal Bima Yojana (PMFBY),4,0.86,"Farmer in Tamil Nadu cultivating Wheat with land holding >10 Acres and annual income >500000 INR falls into the 'large' farmer segment. Wheat is a priority crop under PMFBY in Tamil Nadu, warranting crop insurance coverage. Larger land holding and higher income support infrastructure and mechanization financing."
415,"{""state"": ""Tamil Nadu"", ""crop"": ""Wheat"", ""land_acres"": ""<5 Acres"", ""income_inr"": ""<300000""}","PM-KISAN, Soil Health Card Scheme, PM Kisan Maandhan Yojana","Kisan Credit Card (KCC), SBI Agriculture Gold Loan, Interest Subvention Scheme (Short Term Crop Loan)",Pradhan Mantri Fasal Bima Yojana (PMFBY),1,0.8,"Farmer in Tamil Nadu cultivating Wheat with land holding <5 Acres and annual income <300000 INR falls into the 'small-marginal' farmer segment. Eligible for PM-KISAN direct income support due to small/marginal land holding. Wheat is a priority crop under PMFBY in Tamil Nadu, warranting crop insurance coverage. Low collateral base suggests gold-backed lending as an accessible credit option."
416,"{""state"": ""Tamil Nadu"", ""crop"": ""Sugarcane"", ""land_acres"": ""<2 Acres"", ""income_inr"": ""<200000""}","PM-KISAN, Soil Health Card Scheme, PM Kisan Maandhan Yojana, PM Krishi Sinchai Yojana - Per Drop More Crop","Kisan Credit Card (KCC), SBI Agriculture Gold Loan, Interest Subvention Scheme (Short Term Crop Loan)","Pradhan Mantri Fasal Bima Yojana (PMFBY), Weather Based Crop Insurance Scheme (WBCIS)",1,0.85,"Farmer in Tamil Nadu cultivating Sugarcane with land holding <2 Acres and annual income <200000 INR falls into the 'marginal' farmer segment. Eligible for PM-KISAN direct income support due to small/marginal land holding. Sugarcane is a priority crop under PMFBY in Tamil Nadu, warranting crop insurance coverage. Low collateral base suggests gold-backed lending as an accessible credit option."
417,"{""state"": ""Tamil Nadu"", ""crop"": ""Sugarcane"", ""land_acres"": ""2-5 Acres"", ""income_inr"": ""200000-300000""}","PM-KISAN, Soil Health Card Scheme, PM Kisan Maandhan Yojana, PM Krishi Sinchai Yojana - Per Drop More Crop","Kisan Credit Card (KCC), SBI Agriculture Gold Loan, Interest Subvention Scheme (Short Term Crop Loan)","Pradhan Mantri Fasal Bima Yojana (PMFBY), Weather Based Crop Insurance Scheme (WBCIS)",2,0.9,"Farmer in Tamil Nadu cultivating Sugarcane with land holding 2-5 Acres and annual income 200000-300000 INR falls into the 'small' farmer segment. Eligible for PM-KISAN direct income support due to small/marginal land holding. Sugarcane is a priority crop under PMFBY in Tamil Nadu, warranting crop insurance coverage. Low collateral base suggests gold-backed lending as an accessible credit option."
418,"{""state"": ""Tamil Nadu"", ""crop"": ""Sugarcane"", ""land_acres"": ""5-10 Acres"", ""income_inr"": ""300000-500000""}","Soil Health Card Scheme, Rashtriya Krishi Vikas Yojana (RKVY), PM Krishi Sinchai Yojana, PM Krishi Sinchai Yojana - Per Drop More Crop","Kisan Credit Card (KCC), Crop Loan, Farm Mechanization Loan","Pradhan Mantri Fasal Bima Yojana (PMFBY), Weather Based Crop Insurance Scheme (WBCIS)",3,0.79,"Farmer in Tamil Nadu cultivating Sugarcane with land holding 5-10 Acres and annual income 300000-500000 INR falls into the 'semi-medium' farmer segment. Sugarcane is a priority crop under PMFBY in Tamil Nadu, warranting crop insurance coverage."
419,"{""state"": ""Tamil Nadu"", ""crop"": ""Sugarcane"", ""land_acres"": "">10 Acres"", ""income_inr"": "">500000""}","Soil Health Card Scheme, Rashtriya Krishi Vikas Yojana (RKVY), Agriculture Infrastructure Fund, e-NAM Registration, PM Krishi Sinchai Yojana - Per Drop More Crop","Kisan Credit Card (KCC), Crop Loan, Warehouse Receipt Financing, Tractor / Farm Equipment Loan, NABARD Refinance - Land Development Loan","Pradhan Mantri Fasal Bima Yojana (PMFBY), Weather Based Crop Insurance Scheme (WBCIS)",4,0.78,"Farmer in Tamil Nadu cultivating Sugarcane with land holding >10 Acres and annual income >500000 INR falls into the 'large' farmer segment. Sugarcane is a priority crop under PMFBY in Tamil Nadu, warranting crop insurance coverage. Larger land holding and higher income support infrastructure and mechanization financing."
420,"{""state"": ""Tamil Nadu"", ""crop"": ""Sugarcane"", ""land_acres"": ""<5 Acres"", ""income_inr"": ""<300000""}","PM-KISAN, Soil Health Card Scheme, PM Kisan Maandhan Yojana, PM Krishi Sinchai Yojana - Per Drop More Crop","Kisan Credit Card (KCC), SBI Agriculture Gold Loan, Interest Subvention Scheme (Short Term Crop Loan)","Pradhan Mantri Fasal Bima Yojana (PMFBY), Weather Based Crop Insurance Scheme (WBCIS)",1,0.9,"Farmer in Tamil Nadu cultivating Sugarcane with land holding <5 Acres and annual income <300000 INR falls into the 'small-marginal' farmer segment. Eligible for PM-KISAN direct income support due to small/marginal land holding. Sugarcane is a priority crop under PMFBY in Tamil Nadu, warranting crop insurance coverage. Low collateral base suggests gold-backed lending as an accessible credit option."
421,"{""state"": ""Tamil Nadu"", ""crop"": ""Soybean"", ""land_acres"": ""<2 Acres"", ""income_inr"": ""<200000""}","PM-KISAN, Soil Health Card Scheme, PM Kisan Maandhan Yojana, National Food Security Mission (NFSM)","Kisan Credit Card (KCC), SBI Agriculture Gold Loan, Interest Subvention Scheme (Short Term Crop Loan)",Pradhan Mantri Fasal Bima Yojana (PMFBY),1,0.96,"Farmer in Tamil Nadu cultivating Soybean with land holding <2 Acres and annual income <200000 INR falls into the 'marginal' farmer segment. Eligible for PM-KISAN direct income support due to small/marginal land holding. Soybean is a priority crop under PMFBY in Tamil Nadu, warranting crop insurance coverage. Low collateral base suggests gold-backed lending as an accessible credit option."
422,"{""state"": ""Tamil Nadu"", ""crop"": ""Soybean"", ""land_acres"": ""2-5 Acres"", ""income_inr"": ""200000-300000""}","PM-KISAN, Soil Health Card Scheme, PM Kisan Maandhan Yojana, National Food Security Mission (NFSM)","Kisan Credit Card (KCC), SBI Agriculture Gold Loan, Interest Subvention Scheme (Short Term Crop Loan)",Pradhan Mantri Fasal Bima Yojana (PMFBY),2,0.75,"Farmer in Tamil Nadu cultivating Soybean with land holding 2-5 Acres and annual income 200000-300000 INR falls into the 'small' farmer segment. Eligible for PM-KISAN direct income support due to small/marginal land holding. Soybean is a priority crop under PMFBY in Tamil Nadu, warranting crop insurance coverage. Low collateral base suggests gold-backed lending as an accessible credit option."
423,"{""state"": ""Tamil Nadu"", ""crop"": ""Soybean"", ""land_acres"": ""5-10 Acres"", ""income_inr"": ""300000-500000""}","Soil Health Card Scheme, Rashtriya Krishi Vikas Yojana (RKVY), PM Krishi Sinchai Yojana, National Food Security Mission (NFSM)","Kisan Credit Card (KCC), Crop Loan, Farm Mechanization Loan",Pradhan Mantri Fasal Bima Yojana (PMFBY),3,0.85,"Farmer in Tamil Nadu cultivating Soybean with land holding 5-10 Acres and annual income 300000-500000 INR falls into the 'semi-medium' farmer segment. Soybean is a priority crop under PMFBY in Tamil Nadu, warranting crop insurance coverage."
424,"{""state"": ""Tamil Nadu"", ""crop"": ""Soybean"", ""land_acres"": "">10 Acres"", ""income_inr"": "">500000""}","Soil Health Card Scheme, Rashtriya Krishi Vikas Yojana (RKVY), Agriculture Infrastructure Fund, e-NAM Registration, National Food Security Mission (NFSM)","Kisan Credit Card (KCC), Crop Loan, Warehouse Receipt Financing, Tractor / Farm Equipment Loan, NABARD Refinance - Land Development Loan",Pradhan Mantri Fasal Bima Yojana (PMFBY),4,0.93,"Farmer in Tamil Nadu cultivating Soybean with land holding >10 Acres and annual income >500000 INR falls into the 'large' farmer segment. Soybean is a priority crop under PMFBY in Tamil Nadu, warranting crop insurance coverage. Larger land holding and higher income support infrastructure and mechanization financing."
425,"{""state"": ""Tamil Nadu"", ""crop"": ""Soybean"", ""land_acres"": ""<5 Acres"", ""income_inr"": ""<300000""}","PM-KISAN, Soil Health Card Scheme, PM Kisan Maandhan Yojana, National Food Security Mission (NFSM)","Kisan Credit Card (KCC), SBI Agriculture Gold Loan, Interest Subvention Scheme (Short Term Crop Loan)",Pradhan Mantri Fasal Bima Yojana (PMFBY),1,0.9,"Farmer in Tamil Nadu cultivating Soybean with land holding <5 Acres and annual income <300000 INR falls into the 'small-marginal' farmer segment. Eligible for PM-KISAN direct income support due to small/marginal land holding. Soybean is a priority crop under PMFBY in Tamil Nadu, warranting crop insurance coverage. Low collateral base suggests gold-backed lending as an accessible credit option."
426,"{""state"": ""Tamil Nadu"", ""crop"": ""Maize"", ""land_acres"": ""<2 Acres"", ""income_inr"": ""<200000""}","PM-KISAN, Soil Health Card Scheme, PM Kisan Maandhan Yojana","Kisan Credit Card (KCC), SBI Agriculture Gold Loan, Interest Subvention Scheme (Short Term Crop Loan)",Pradhan Mantri Fasal Bima Yojana (PMFBY),1,0.95,"Farmer in Tamil Nadu cultivating Maize with land holding <2 Acres and annual income <200000 INR falls into the 'marginal' farmer segment. Eligible for PM-KISAN direct income support due to small/marginal land holding. Maize is a priority crop under PMFBY in Tamil Nadu, warranting crop insurance coverage. Low collateral base suggests gold-backed lending as an accessible credit option."
427,"{""state"": ""Tamil Nadu"", ""crop"": ""Maize"", ""land_acres"": ""2-5 Acres"", ""income_inr"": ""200000-300000""}","PM-KISAN, Soil Health Card Scheme, PM Kisan Maandhan Yojana","Kisan Credit Card (KCC), SBI Agriculture Gold Loan, Interest Subvention Scheme (Short Term Crop Loan)",Pradhan Mantri Fasal Bima Yojana (PMFBY),2,0.87,"Farmer in Tamil Nadu cultivating Maize with land holding 2-5 Acres and annual income 200000-300000 INR falls into the 'small' farmer segment. Eligible for PM-KISAN direct income support due to small/marginal land holding. Maize is a priority crop under PMFBY in Tamil Nadu, warranting crop insurance coverage. Low collateral base suggests gold-backed lending as an accessible credit option."
428,"{""state"": ""Tamil Nadu"", ""crop"": ""Maize"", ""land_acres"": ""5-10 Acres"", ""income_inr"": ""300000-500000""}","Soil Health Card Scheme, Rashtriya Krishi Vikas Yojana (RKVY), PM Krishi Sinchai Yojana","Kisan Credit Card (KCC), Crop Loan, Farm Mechanization Loan",Pradhan Mantri Fasal Bima Yojana (PMFBY),3,0.89,"Farmer in Tamil Nadu cultivating Maize with land holding 5-10 Acres and annual income 300000-500000 INR falls into the 'semi-medium' farmer segment. Maize is a priority crop under PMFBY in Tamil Nadu, warranting crop insurance coverage."
429,"{""state"": ""Tamil Nadu"", ""crop"": ""Maize"", ""land_acres"": "">10 Acres"", ""income_inr"": "">500000""}","Soil Health Card Scheme, Rashtriya Krishi Vikas Yojana (RKVY), Agriculture Infrastructure Fund, e-NAM Registration","Kisan Credit Card (KCC), Crop Loan, Warehouse Receipt Financing, Tractor / Farm Equipment Loan, NABARD Refinance - Land Development Loan",Pradhan Mantri Fasal Bima Yojana (PMFBY),4,0.84,"Farmer in Tamil Nadu cultivating Maize with land holding >10 Acres and annual income >500000 INR falls into the 'large' farmer segment. Maize is a priority crop under PMFBY in Tamil Nadu, warranting crop insurance coverage. Larger land holding and higher income support infrastructure and mechanization financing."
430,"{""state"": ""Tamil Nadu"", ""crop"": ""Maize"", ""land_acres"": ""<5 Acres"", ""income_inr"": ""<300000""}","PM-KISAN, Soil Health Card Scheme, PM Kisan Maandhan Yojana","Kisan Credit Card (KCC), SBI Agriculture Gold Loan, Interest Subvention Scheme (Short Term Crop Loan)",Pradhan Mantri Fasal Bima Yojana (PMFBY),1,0.77,"Farmer in Tamil Nadu cultivating Maize with land holding <5 Acres and annual income <300000 INR falls into the 'small-marginal' farmer segment. Eligible for PM-KISAN direct income support due to small/marginal land holding. Maize is a priority crop under PMFBY in Tamil Nadu, warranting crop insurance coverage. Low collateral base suggests gold-backed lending as an accessible credit option."
431,"{""state"": ""Tamil Nadu"", ""crop"": ""Groundnut"", ""land_acres"": ""<2 Acres"", ""income_inr"": ""<200000""}","PM-KISAN, Soil Health Card Scheme, PM Kisan Maandhan Yojana, National Food Security Mission (NFSM)","Kisan Credit Card (KCC), SBI Agriculture Gold Loan, Interest Subvention Scheme (Short Term Crop Loan)",Pradhan Mantri Fasal Bima Yojana (PMFBY),1,0.8,"Farmer in Tamil Nadu cultivating Groundnut with land holding <2 Acres and annual income <200000 INR falls into the 'marginal' farmer segment. Eligible for PM-KISAN direct income support due to small/marginal land holding. Groundnut is a priority crop under PMFBY in Tamil Nadu, warranting crop insurance coverage. Low collateral base suggests gold-backed lending as an accessible credit option."
432,"{""state"": ""Tamil Nadu"", ""crop"": ""Groundnut"", ""land_acres"": ""2-5 Acres"", ""income_inr"": ""200000-300000""}","PM-KISAN, Soil Health Card Scheme, PM Kisan Maandhan Yojana, National Food Security Mission (NFSM)","Kisan Credit Card (KCC), SBI Agriculture Gold Loan, Interest Subvention Scheme (Short Term Crop Loan)",Pradhan Mantri Fasal Bima Yojana (PMFBY),2,0.95,"Farmer in Tamil Nadu cultivating Groundnut with land holding 2-5 Acres and annual income 200000-300000 INR falls into the 'small' farmer segment. Eligible for PM-KISAN direct income support due to small/marginal land holding. Groundnut is a priority crop under PMFBY in Tamil Nadu, warranting crop insurance coverage. Low collateral base suggests gold-backed lending as an accessible credit option."
433,"{""state"": ""Tamil Nadu"", ""crop"": ""Groundnut"", ""land_acres"": ""5-10 Acres"", ""income_inr"": ""300000-500000""}","Soil Health Card Scheme, Rashtriya Krishi Vikas Yojana (RKVY), PM Krishi Sinchai Yojana, National Food Security Mission (NFSM)","Kisan Credit Card (KCC), Crop Loan, Farm Mechanization Loan",Pradhan Mantri Fasal Bima Yojana (PMFBY),3,0.88,"Farmer in Tamil Nadu cultivating Groundnut with land holding 5-10 Acres and annual income 300000-500000 INR falls into the 'semi-medium' farmer segment. Groundnut is a priority crop under PMFBY in Tamil Nadu, warranting crop insurance coverage."
434,"{""state"": ""Tamil Nadu"", ""crop"": ""Groundnut"", ""land_acres"": "">10 Acres"", ""income_inr"": "">500000""}","Soil Health Card Scheme, Rashtriya Krishi Vikas Yojana (RKVY), Agriculture Infrastructure Fund, e-NAM Registration, National Food Security Mission (NFSM)","Kisan Credit Card (KCC), Crop Loan, Warehouse Receipt Financing, Tractor / Farm Equipment Loan, NABARD Refinance - Land Development Loan",Pradhan Mantri Fasal Bima Yojana (PMFBY),4,0.95,"Farmer in Tamil Nadu cultivating Groundnut with land holding >10 Acres and annual income >500000 INR falls into the 'large' farmer segment. Groundnut is a priority crop under PMFBY in Tamil Nadu, warranting crop insurance coverage. Larger land holding and higher income support infrastructure and mechanization financing."
435,"{""state"": ""Tamil Nadu"", ""crop"": ""Groundnut"", ""land_acres"": ""<5 Acres"", ""income_inr"": ""<300000""}","PM-KISAN, Soil Health Card Scheme, PM Kisan Maandhan Yojana, National Food Security Mission (NFSM)","Kisan Credit Card (KCC), SBI Agriculture Gold Loan, Interest Subvention Scheme (Short Term Crop Loan)",Pradhan Mantri Fasal Bima Yojana (PMFBY),1,0.85,"Farmer in Tamil Nadu cultivating Groundnut with land holding <5 Acres and annual income <300000 INR falls into the 'small-marginal' farmer segment. Eligible for PM-KISAN direct income support due to small/marginal land holding. Groundnut is a priority crop under PMFBY in Tamil Nadu, warranting crop insurance coverage. Low collateral base suggests gold-backed lending as an accessible credit option."
436,"{""state"": ""Tamil Nadu"", ""crop"": ""Pulses"", ""land_acres"": ""<2 Acres"", ""income_inr"": ""<200000""}","PM-KISAN, Soil Health Card Scheme, PM Kisan Maandhan Yojana, National Food Security Mission (NFSM)","Kisan Credit Card (KCC), SBI Agriculture Gold Loan, Interest Subvention Scheme (Short Term Crop Loan)",Pradhan Mantri Fasal Bima Yojana (PMFBY),1,0.83,"Farmer in Tamil Nadu cultivating Pulses with land holding <2 Acres and annual income <200000 INR falls into the 'marginal' farmer segment. Eligible for PM-KISAN direct income support due to small/marginal land holding. Pulses is a priority crop under PMFBY in Tamil Nadu, warranting crop insurance coverage. Low collateral base suggests gold-backed lending as an accessible credit option."
437,"{""state"": ""Tamil Nadu"", ""crop"": ""Pulses"", ""land_acres"": ""2-5 Acres"", ""income_inr"": ""200000-300000""}","PM-KISAN, Soil Health Card Scheme, PM Kisan Maandhan Yojana, National Food Security Mission (NFSM)","Kisan Credit Card (KCC), SBI Agriculture Gold Loan, Interest Subvention Scheme (Short Term Crop Loan)",Pradhan Mantri Fasal Bima Yojana (PMFBY),2,0.77,"Farmer in Tamil Nadu cultivating Pulses with land holding 2-5 Acres and annual income 200000-300000 INR falls into the 'small' farmer segment. Eligible for PM-KISAN direct income support due to small/marginal land holding. Pulses is a priority crop under PMFBY in Tamil Nadu, warranting crop insurance coverage. Low collateral base suggests gold-backed lending as an accessible credit option."
438,"{""state"": ""Tamil Nadu"", ""crop"": ""Pulses"", ""land_acres"": ""5-10 Acres"", ""income_inr"": ""300000-500000""}","Soil Health Card Scheme, Rashtriya Krishi Vikas Yojana (RKVY), PM Krishi Sinchai Yojana, National Food Security Mission (NFSM)","Kisan Credit Card (KCC), Crop Loan, Farm Mechanization Loan",Pradhan Mantri Fasal Bima Yojana (PMFBY),3,0.8,"Farmer in Tamil Nadu cultivating Pulses with land holding 5-10 Acres and annual income 300000-500000 INR falls into the 'semi-medium' farmer segment. Pulses is a priority crop under PMFBY in Tamil Nadu, warranting crop insurance coverage."
439,"{""state"": ""Tamil Nadu"", ""crop"": ""Pulses"", ""land_acres"": "">10 Acres"", ""income_inr"": "">500000""}","Soil Health Card Scheme, Rashtriya Krishi Vikas Yojana (RKVY), Agriculture Infrastructure Fund, e-NAM Registration, National Food Security Mission (NFSM)","Kisan Credit Card (KCC), Crop Loan, Warehouse Receipt Financing, Tractor / Farm Equipment Loan, NABARD Refinance - Land Development Loan",Pradhan Mantri Fasal Bima Yojana (PMFBY),4,0.77,"Farmer in Tamil Nadu cultivating Pulses with land holding >10 Acres and annual income >500000 INR falls into the 'large' farmer segment. Pulses is a priority crop under PMFBY in Tamil Nadu, warranting crop insurance coverage. Larger land holding and higher income support infrastructure and mechanization financing."
440,"{""state"": ""Tamil Nadu"", ""crop"": ""Pulses"", ""land_acres"": ""<5 Acres"", ""income_inr"": ""<300000""}","PM-KISAN, Soil Health Card Scheme, PM Kisan Maandhan Yojana, National Food Security Mission (NFSM)","Kisan Credit Card (KCC), SBI Agriculture Gold Loan, Interest Subvention Scheme (Short Term Crop Loan)",Pradhan Mantri Fasal Bima Yojana (PMFBY),1,0.88,"Farmer in Tamil Nadu cultivating Pulses with land holding <5 Acres and annual income <300000 INR falls into the 'small-marginal' farmer segment. Eligible for PM-KISAN direct income support due to small/marginal land holding. Pulses is a priority crop under PMFBY in Tamil Nadu, warranting crop insurance coverage. Low collateral base suggests gold-backed lending as an accessible credit option."
441,"{""state"": ""Tamil Nadu"", ""crop"": ""Vegetables"", ""land_acres"": ""<2 Acres"", ""income_inr"": ""<200000""}","PM-KISAN, Soil Health Card Scheme, PM Kisan Maandhan Yojana, Mission for Integrated Development of Horticulture (MIDH)","Kisan Credit Card (KCC), SBI Agriculture Gold Loan, Interest Subvention Scheme (Short Term Crop Loan)","Unified Package Insurance Scheme (UPIS), Restructured Weather Based Crop Insurance Scheme",1,0.89,Farmer in Tamil Nadu cultivating Vegetables with land holding <2 Acres and annual income <200000 INR falls into the 'marginal' farmer segment. Eligible for PM-KISAN direct income support due to small/marginal land holding. Low collateral base suggests gold-backed lending as an accessible credit option.
442,"{""state"": ""Tamil Nadu"", ""crop"": ""Vegetables"", ""land_acres"": ""2-5 Acres"", ""income_inr"": ""200000-300000""}","PM-KISAN, Soil Health Card Scheme, PM Kisan Maandhan Yojana, Mission for Integrated Development of Horticulture (MIDH)","Kisan Credit Card (KCC), SBI Agriculture Gold Loan, Interest Subvention Scheme (Short Term Crop Loan)","Unified Package Insurance Scheme (UPIS), Restructured Weather Based Crop Insurance Scheme",2,0.77,Farmer in Tamil Nadu cultivating Vegetables with land holding 2-5 Acres and annual income 200000-300000 INR falls into the 'small' farmer segment. Eligible for PM-KISAN direct income support due to small/marginal land holding. Low collateral base suggests gold-backed lending as an accessible credit option.
443,"{""state"": ""Tamil Nadu"", ""crop"": ""Vegetables"", ""land_acres"": ""5-10 Acres"", ""income_inr"": ""300000-500000""}","Soil Health Card Scheme, Rashtriya Krishi Vikas Yojana (RKVY), PM Krishi Sinchai Yojana, Mission for Integrated Development of Horticulture (MIDH)","Kisan Credit Card (KCC), Crop Loan, Farm Mechanization Loan","Unified Package Insurance Scheme (UPIS), Restructured Weather Based Crop Insurance Scheme",3,0.9,Farmer in Tamil Nadu cultivating Vegetables with land holding 5-10 Acres and annual income 300000-500000 INR falls into the 'semi-medium' farmer segment.
444,"{""state"": ""Tamil Nadu"", ""crop"": ""Vegetables"", ""land_acres"": "">10 Acres"", ""income_inr"": "">500000""}","Soil Health Card Scheme, Rashtriya Krishi Vikas Yojana (RKVY), Agriculture Infrastructure Fund, e-NAM Registration, Mission for Integrated Development of Horticulture (MIDH)","Kisan Credit Card (KCC), Crop Loan, Warehouse Receipt Financing, Tractor / Farm Equipment Loan, NABARD Refinance - Land Development Loan","Unified Package Insurance Scheme (UPIS), Restructured Weather Based Crop Insurance Scheme",4,0.93,Farmer in Tamil Nadu cultivating Vegetables with land holding >10 Acres and annual income >500000 INR falls into the 'large' farmer segment. Larger land holding and higher income support infrastructure and mechanization financing.
445,"{""state"": ""Tamil Nadu"", ""crop"": ""Vegetables"", ""land_acres"": ""<5 Acres"", ""income_inr"": ""<300000""}","PM-KISAN, Soil Health Card Scheme, PM Kisan Maandhan Yojana, Mission for Integrated Development of Horticulture (MIDH)","Kisan Credit Card (KCC), SBI Agriculture Gold Loan, Interest Subvention Scheme (Short Term Crop Loan)","Unified Package Insurance Scheme (UPIS), Restructured Weather Based Crop Insurance Scheme",1,0.9,Farmer in Tamil Nadu cultivating Vegetables with land holding <5 Acres and annual income <300000 INR falls into the 'small-marginal' farmer segment. Eligible for PM-KISAN direct income support due to small/marginal land holding. Low collateral base suggests gold-backed lending as an accessible credit option.
446,"{""state"": ""Tamil Nadu"", ""crop"": ""Fruits"", ""land_acres"": ""<2 Acres"", ""income_inr"": ""<200000""}","PM-KISAN, Soil Health Card Scheme, PM Kisan Maandhan Yojana, Mission for Integrated Development of Horticulture (MIDH)","Kisan Credit Card (KCC), SBI Agriculture Gold Loan, Interest Subvention Scheme (Short Term Crop Loan)","Unified Package Insurance Scheme (UPIS), Restructured Weather Based Crop Insurance Scheme",1,0.85,Farmer in Tamil Nadu cultivating Fruits with land holding <2 Acres and annual income <200000 INR falls into the 'marginal' farmer segment. Eligible for PM-KISAN direct income support due to small/marginal land holding. Low collateral base suggests gold-backed lending as an accessible credit option.
447,"{""state"": ""Tamil Nadu"", ""crop"": ""Fruits"", ""land_acres"": ""2-5 Acres"", ""income_inr"": ""200000-300000""}","PM-KISAN, Soil Health Card Scheme, PM Kisan Maandhan Yojana, Mission for Integrated Development of Horticulture (MIDH)","Kisan Credit Card (KCC), SBI Agriculture Gold Loan, Interest Subvention Scheme (Short Term Crop Loan)","Unified Package Insurance Scheme (UPIS), Restructured Weather Based Crop Insurance Scheme",2,0.9,Farmer in Tamil Nadu cultivating Fruits with land holding 2-5 Acres and annual income 200000-300000 INR falls into the 'small' farmer segment. Eligible for PM-KISAN direct income support due to small/marginal land holding. Low collateral base suggests gold-backed lending as an accessible credit option.
448,"{""state"": ""Tamil Nadu"", ""crop"": ""Fruits"", ""land_acres"": ""5-10 Acres"", ""income_inr"": ""300000-500000""}","Soil Health Card Scheme, Rashtriya Krishi Vikas Yojana (RKVY), PM Krishi Sinchai Yojana, Mission for Integrated Development of Horticulture (MIDH)","Kisan Credit Card (KCC), Crop Loan, Farm Mechanization Loan","Unified Package Insurance Scheme (UPIS), Restructured Weather Based Crop Insurance Scheme",3,0.82,Farmer in Tamil Nadu cultivating Fruits with land holding 5-10 Acres and annual income 300000-500000 INR falls into the 'semi-medium' farmer segment.
449,"{""state"": ""Tamil Nadu"", ""crop"": ""Fruits"", ""land_acres"": "">10 Acres"", ""income_inr"": "">500000""}","Soil Health Card Scheme, Rashtriya Krishi Vikas Yojana (RKVY), Agriculture Infrastructure Fund, e-NAM Registration, Mission for Integrated Development of Horticulture (MIDH)","Kisan Credit Card (KCC), Crop Loan, Warehouse Receipt Financing, Tractor / Farm Equipment Loan, NABARD Refinance - Land Development Loan","Unified Package Insurance Scheme (UPIS), Restructured Weather Based Crop Insurance Scheme",4,0.84,Farmer in Tamil Nadu cultivating Fruits with land holding >10 Acres and annual income >500000 INR falls into the 'large' farmer segment. Larger land holding and higher income support infrastructure and mechanization financing.
450,"{""state"": ""Tamil Nadu"", ""crop"": ""Fruits"", ""land_acres"": ""<5 Acres"", ""income_inr"": ""<300000""}","PM-KISAN, Soil Health Card Scheme, PM Kisan Maandhan Yojana, Mission for Integrated Development of Horticulture (MIDH)","Kisan Credit Card (KCC), SBI Agriculture Gold Loan, Interest Subvention Scheme (Short Term Crop Loan)","Unified Package Insurance Scheme (UPIS), Restructured Weather Based Crop Insurance Scheme",1,0.92,Farmer in Tamil Nadu cultivating Fruits with land holding <5 Acres and annual income <300000 INR falls into the 'small-marginal' farmer segment. Eligible for PM-KISAN direct income support due to small/marginal land holding. Low collateral base suggests gold-backed lending as an accessible credit option.
451,"{""state"": ""Gujarat"", ""crop"": ""Cotton"", ""land_acres"": ""<2 Acres"", ""income_inr"": ""<200000""}","PM-KISAN, Soil Health Card Scheme, PM Kisan Maandhan Yojana, PM Krishi Sinchai Yojana - Per Drop More Crop","Kisan Credit Card (KCC), SBI Agriculture Gold Loan, Interest Subvention Scheme (Short Term Crop Loan)","Pradhan Mantri Fasal Bima Yojana (PMFBY), Weather Based Crop Insurance Scheme (WBCIS)",1,0.79,"Farmer in Gujarat cultivating Cotton with land holding <2 Acres and annual income <200000 INR falls into the 'marginal' farmer segment. Eligible for PM-KISAN direct income support due to small/marginal land holding. Cotton is a priority crop under PMFBY in Gujarat, warranting crop insurance coverage. Low collateral base suggests gold-backed lending as an accessible credit option."
452,"{""state"": ""Gujarat"", ""crop"": ""Cotton"", ""land_acres"": ""2-5 Acres"", ""income_inr"": ""200000-300000""}","PM-KISAN, Soil Health Card Scheme, PM Kisan Maandhan Yojana, PM Krishi Sinchai Yojana - Per Drop More Crop","Kisan Credit Card (KCC), SBI Agriculture Gold Loan, Interest Subvention Scheme (Short Term Crop Loan)","Pradhan Mantri Fasal Bima Yojana (PMFBY), Weather Based Crop Insurance Scheme (WBCIS)",2,0.87,"Farmer in Gujarat cultivating Cotton with land holding 2-5 Acres and annual income 200000-300000 INR falls into the 'small' farmer segment. Eligible for PM-KISAN direct income support due to small/marginal land holding. Cotton is a priority crop under PMFBY in Gujarat, warranting crop insurance coverage. Low collateral base suggests gold-backed lending as an accessible credit option."
453,"{""state"": ""Gujarat"", ""crop"": ""Cotton"", ""land_acres"": ""5-10 Acres"", ""income_inr"": ""300000-500000""}","Soil Health Card Scheme, Rashtriya Krishi Vikas Yojana (RKVY), PM Krishi Sinchai Yojana, PM Krishi Sinchai Yojana - Per Drop More Crop","Kisan Credit Card (KCC), Crop Loan, Farm Mechanization Loan","Pradhan Mantri Fasal Bima Yojana (PMFBY), Weather Based Crop Insurance Scheme (WBCIS)",3,0.83,"Farmer in Gujarat cultivating Cotton with land holding 5-10 Acres and annual income 300000-500000 INR falls into the 'semi-medium' farmer segment. Cotton is a priority crop under PMFBY in Gujarat, warranting crop insurance coverage."
454,"{""state"": ""Gujarat"", ""crop"": ""Cotton"", ""land_acres"": "">10 Acres"", ""income_inr"": "">500000""}","Soil Health Card Scheme, Rashtriya Krishi Vikas Yojana (RKVY), Agriculture Infrastructure Fund, e-NAM Registration, PM Krishi Sinchai Yojana - Per Drop More Crop","Kisan Credit Card (KCC), Crop Loan, Warehouse Receipt Financing, Tractor / Farm Equipment Loan, NABARD Refinance - Land Development Loan","Pradhan Mantri Fasal Bima Yojana (PMFBY), Weather Based Crop Insurance Scheme (WBCIS)",4,0.81,"Farmer in Gujarat cultivating Cotton with land holding >10 Acres and annual income >500000 INR falls into the 'large' farmer segment. Cotton is a priority crop under PMFBY in Gujarat, warranting crop insurance coverage. Larger land holding and higher income support infrastructure and mechanization financing."
455,"{""state"": ""Gujarat"", ""crop"": ""Cotton"", ""land_acres"": ""<5 Acres"", ""income_inr"": ""<300000""}","PM-KISAN, Soil Health Card Scheme, PM Kisan Maandhan Yojana, PM Krishi Sinchai Yojana - Per Drop More Crop","Kisan Credit Card (KCC), SBI Agriculture Gold Loan, Interest Subvention Scheme (Short Term Crop Loan)","Pradhan Mantri Fasal Bima Yojana (PMFBY), Weather Based Crop Insurance Scheme (WBCIS)",1,0.82,"Farmer in Gujarat cultivating Cotton with land holding <5 Acres and annual income <300000 INR falls into the 'small-marginal' farmer segment. Eligible for PM-KISAN direct income support due to small/marginal land holding. Cotton is a priority crop under PMFBY in Gujarat, warranting crop insurance coverage. Low collateral base suggests gold-backed lending as an accessible credit option."
456,"{""state"": ""Gujarat"", ""crop"": ""Rice"", ""land_acres"": ""<2 Acres"", ""income_inr"": ""<200000""}","PM-KISAN, Soil Health Card Scheme, PM Kisan Maandhan Yojana, PM Krishi Sinchai Yojana - Per Drop More Crop","Kisan Credit Card (KCC), SBI Agriculture Gold Loan, Interest Subvention Scheme (Short Term Crop Loan)",Pradhan Mantri Fasal Bima Yojana (PMFBY),1,0.85,"Farmer in Gujarat cultivating Rice with land holding <2 Acres and annual income <200000 INR falls into the 'marginal' farmer segment. Eligible for PM-KISAN direct income support due to small/marginal land holding. Rice is a priority crop under PMFBY in Gujarat, warranting crop insurance coverage. Low collateral base suggests gold-backed lending as an accessible credit option."
457,"{""state"": ""Gujarat"", ""crop"": ""Rice"", ""land_acres"": ""2-5 Acres"", ""income_inr"": ""200000-300000""}","PM-KISAN, Soil Health Card Scheme, PM Kisan Maandhan Yojana, PM Krishi Sinchai Yojana - Per Drop More Crop","Kisan Credit Card (KCC), SBI Agriculture Gold Loan, Interest Subvention Scheme (Short Term Crop Loan)",Pradhan Mantri Fasal Bima Yojana (PMFBY),2,0.94,"Farmer in Gujarat cultivating Rice with land holding 2-5 Acres and annual income 200000-300000 INR falls into the 'small' farmer segment. Eligible for PM-KISAN direct income support due to small/marginal land holding. Rice is a priority crop under PMFBY in Gujarat, warranting crop insurance coverage. Low collateral base suggests gold-backed lending as an accessible credit option."
458,"{""state"": ""Gujarat"", ""crop"": ""Rice"", ""land_acres"": ""5-10 Acres"", ""income_inr"": ""300000-500000""}","Soil Health Card Scheme, Rashtriya Krishi Vikas Yojana (RKVY), PM Krishi Sinchai Yojana, PM Krishi Sinchai Yojana - Per Drop More Crop","Kisan Credit Card (KCC), Crop Loan, Farm Mechanization Loan",Pradhan Mantri Fasal Bima Yojana (PMFBY),3,0.88,"Farmer in Gujarat cultivating Rice with land holding 5-10 Acres and annual income 300000-500000 INR falls into the 'semi-medium' farmer segment. Rice is a priority crop under PMFBY in Gujarat, warranting crop insurance coverage."
459,"{""state"": ""Gujarat"", ""crop"": ""Rice"", ""land_acres"": "">10 Acres"", ""income_inr"": "">500000""}","Soil Health Card Scheme, Rashtriya Krishi Vikas Yojana (RKVY), Agriculture Infrastructure Fund, e-NAM Registration, PM Krishi Sinchai Yojana - Per Drop More Crop","Kisan Credit Card (KCC), Crop Loan, Warehouse Receipt Financing, Tractor / Farm Equipment Loan, NABARD Refinance - Land Development Loan",Pradhan Mantri Fasal Bima Yojana (PMFBY),4,0.89,"Farmer in Gujarat cultivating Rice with land holding >10 Acres and annual income >500000 INR falls into the 'large' farmer segment. Rice is a priority crop under PMFBY in Gujarat, warranting crop insurance coverage. Larger land holding and higher income support infrastructure and mechanization financing."
460,"{""state"": ""Gujarat"", ""crop"": ""Rice"", ""land_acres"": ""<5 Acres"", ""income_inr"": ""<300000""}","PM-KISAN, Soil Health Card Scheme, PM Kisan Maandhan Yojana, PM Krishi Sinchai Yojana - Per Drop More Crop","Kisan Credit Card (KCC), SBI Agriculture Gold Loan, Interest Subvention Scheme (Short Term Crop Loan)",Pradhan Mantri Fasal Bima Yojana (PMFBY),1,0.88,"Farmer in Gujarat cultivating Rice with land holding <5 Acres and annual income <300000 INR falls into the 'small-marginal' farmer segment. Eligible for PM-KISAN direct income support due to small/marginal land holding. Rice is a priority crop under PMFBY in Gujarat, warranting crop insurance coverage. Low collateral base suggests gold-backed lending as an accessible credit option."
461,"{""state"": ""Gujarat"", ""crop"": ""Wheat"", ""land_acres"": ""<2 Acres"", ""income_inr"": ""<200000""}","PM-KISAN, Soil Health Card Scheme, PM Kisan Maandhan Yojana","Kisan Credit Card (KCC), SBI Agriculture Gold Loan, Interest Subvention Scheme (Short Term Crop Loan)",Pradhan Mantri Fasal Bima Yojana (PMFBY),1,0.88,"Farmer in Gujarat cultivating Wheat with land holding <2 Acres and annual income <200000 INR falls into the 'marginal' farmer segment. Eligible for PM-KISAN direct income support due to small/marginal land holding. Wheat is a priority crop under PMFBY in Gujarat, warranting crop insurance coverage. Low collateral base suggests gold-backed lending as an accessible credit option."
462,"{""state"": ""Gujarat"", ""crop"": ""Wheat"", ""land_acres"": ""2-5 Acres"", ""income_inr"": ""200000-300000""}","PM-KISAN, Soil Health Card Scheme, PM Kisan Maandhan Yojana","Kisan Credit Card (KCC), SBI Agriculture Gold Loan, Interest Subvention Scheme (Short Term Crop Loan)",Pradhan Mantri Fasal Bima Yojana (PMFBY),2,0.82,"Farmer in Gujarat cultivating Wheat with land holding 2-5 Acres and annual income 200000-300000 INR falls into the 'small' farmer segment. Eligible for PM-KISAN direct income support due to small/marginal land holding. Wheat is a priority crop under PMFBY in Gujarat, warranting crop insurance coverage. Low collateral base suggests gold-backed lending as an accessible credit option."
463,"{""state"": ""Gujarat"", ""crop"": ""Wheat"", ""land_acres"": ""5-10 Acres"", ""income_inr"": ""300000-500000""}","Soil Health Card Scheme, Rashtriya Krishi Vikas Yojana (RKVY), PM Krishi Sinchai Yojana","Kisan Credit Card (KCC), Crop Loan, Farm Mechanization Loan",Pradhan Mantri Fasal Bima Yojana (PMFBY),3,0.78,"Farmer in Gujarat cultivating Wheat with land holding 5-10 Acres and annual income 300000-500000 INR falls into the 'semi-medium' farmer segment. Wheat is a priority crop under PMFBY in Gujarat, warranting crop insurance coverage."
464,"{""state"": ""Gujarat"", ""crop"": ""Wheat"", ""land_acres"": "">10 Acres"", ""income_inr"": "">500000""}","Soil Health Card Scheme, Rashtriya Krishi Vikas Yojana (RKVY), Agriculture Infrastructure Fund, e-NAM Registration","Kisan Credit Card (KCC), Crop Loan, Warehouse Receipt Financing, Tractor / Farm Equipment Loan, NABARD Refinance - Land Development Loan",Pradhan Mantri Fasal Bima Yojana (PMFBY),4,0.88,"Farmer in Gujarat cultivating Wheat with land holding >10 Acres and annual income >500000 INR falls into the 'large' farmer segment. Wheat is a priority crop under PMFBY in Gujarat, warranting crop insurance coverage. Larger land holding and higher income support infrastructure and mechanization financing."
465,"{""state"": ""Gujarat"", ""crop"": ""Wheat"", ""land_acres"": ""<5 Acres"", ""income_inr"": ""<300000""}","PM-KISAN, Soil Health Card Scheme, PM Kisan Maandhan Yojana","Kisan Credit Card (KCC), SBI Agriculture Gold Loan, Interest Subvention Scheme (Short Term Crop Loan)",Pradhan Mantri Fasal Bima Yojana (PMFBY),1,0.78,"Farmer in Gujarat cultivating Wheat with land holding <5 Acres and annual income <300000 INR falls into the 'small-marginal' farmer segment. Eligible for PM-KISAN direct income support due to small/marginal land holding. Wheat is a priority crop under PMFBY in Gujarat, warranting crop insurance coverage. Low collateral base suggests gold-backed lending as an accessible credit option."
466,"{""state"": ""Gujarat"", ""crop"": ""Sugarcane"", ""land_acres"": ""<2 Acres"", ""income_inr"": ""<200000""}","PM-KISAN, Soil Health Card Scheme, PM Kisan Maandhan Yojana, PM Krishi Sinchai Yojana - Per Drop More Crop","Kisan Credit Card (KCC), SBI Agriculture Gold Loan, Interest Subvention Scheme (Short Term Crop Loan)","Pradhan Mantri Fasal Bima Yojana (PMFBY), Weather Based Crop Insurance Scheme (WBCIS)",1,0.83,"Farmer in Gujarat cultivating Sugarcane with land holding <2 Acres and annual income <200000 INR falls into the 'marginal' farmer segment. Eligible for PM-KISAN direct income support due to small/marginal land holding. Sugarcane is a priority crop under PMFBY in Gujarat, warranting crop insurance coverage. Low collateral base suggests gold-backed lending as an accessible credit option."
467,"{""state"": ""Gujarat"", ""crop"": ""Sugarcane"", ""land_acres"": ""2-5 Acres"", ""income_inr"": ""200000-300000""}","PM-KISAN, Soil Health Card Scheme, PM Kisan Maandhan Yojana, PM Krishi Sinchai Yojana - Per Drop More Crop","Kisan Credit Card (KCC), SBI Agriculture Gold Loan, Interest Subvention Scheme (Short Term Crop Loan)","Pradhan Mantri Fasal Bima Yojana (PMFBY), Weather Based Crop Insurance Scheme (WBCIS)",2,0.9,"Farmer in Gujarat cultivating Sugarcane with land holding 2-5 Acres and annual income 200000-300000 INR falls into the 'small' farmer segment. Eligible for PM-KISAN direct income support due to small/marginal land holding. Sugarcane is a priority crop under PMFBY in Gujarat, warranting crop insurance coverage. Low collateral base suggests gold-backed lending as an accessible credit option."
468,"{""state"": ""Gujarat"", ""crop"": ""Sugarcane"", ""land_acres"": ""5-10 Acres"", ""income_inr"": ""300000-500000""}","Soil Health Card Scheme, Rashtriya Krishi Vikas Yojana (RKVY), PM Krishi Sinchai Yojana, PM Krishi Sinchai Yojana - Per Drop More Crop","Kisan Credit Card (KCC), Crop Loan, Farm Mechanization Loan","Pradhan Mantri Fasal Bima Yojana (PMFBY), Weather Based Crop Insurance Scheme (WBCIS)",3,0.85,"Farmer in Gujarat cultivating Sugarcane with land holding 5-10 Acres and annual income 300000-500000 INR falls into the 'semi-medium' farmer segment. Sugarcane is a priority crop under PMFBY in Gujarat, warranting crop insurance coverage."
469,"{""state"": ""Gujarat"", ""crop"": ""Sugarcane"", ""land_acres"": "">10 Acres"", ""income_inr"": "">500000""}","Soil Health Card Scheme, Rashtriya Krishi Vikas Yojana (RKVY), Agriculture Infrastructure Fund, e-NAM Registration, PM Krishi Sinchai Yojana - Per Drop More Crop","Kisan Credit Card (KCC), Crop Loan, Warehouse Receipt Financing, Tractor / Farm Equipment Loan, NABARD Refinance - Land Development Loan","Pradhan Mantri Fasal Bima Yojana (PMFBY), Weather Based Crop Insurance Scheme (WBCIS)",4,0.79,"Farmer in Gujarat cultivating Sugarcane with land holding >10 Acres and annual income >500000 INR falls into the 'large' farmer segment. Sugarcane is a priority crop under PMFBY in Gujarat, warranting crop insurance coverage. Larger land holding and higher income support infrastructure and mechanization financing."
470,"{""state"": ""Gujarat"", ""crop"": ""Sugarcane"", ""land_acres"": ""<5 Acres"", ""income_inr"": ""<300000""}","PM-KISAN, Soil Health Card Scheme, PM Kisan Maandhan Yojana, PM Krishi Sinchai Yojana - Per Drop More Crop","Kisan Credit Card (KCC), SBI Agriculture Gold Loan, Interest Subvention Scheme (Short Term Crop Loan)","Pradhan Mantri Fasal Bima Yojana (PMFBY), Weather Based Crop Insurance Scheme (WBCIS)",1,0.95,"Farmer in Gujarat cultivating Sugarcane with land holding <5 Acres and annual income <300000 INR falls into the 'small-marginal' farmer segment. Eligible for PM-KISAN direct income support due to small/marginal land holding. Sugarcane is a priority crop under PMFBY in Gujarat, warranting crop insurance coverage. Low collateral base suggests gold-backed lending as an accessible credit option."
471,"{""state"": ""Gujarat"", ""crop"": ""Soybean"", ""land_acres"": ""<2 Acres"", ""income_inr"": ""<200000""}","PM-KISAN, Soil Health Card Scheme, PM Kisan Maandhan Yojana, National Food Security Mission (NFSM)","Kisan Credit Card (KCC), SBI Agriculture Gold Loan, Interest Subvention Scheme (Short Term Crop Loan)",Pradhan Mantri Fasal Bima Yojana (PMFBY),1,0.92,"Farmer in Gujarat cultivating Soybean with land holding <2 Acres and annual income <200000 INR falls into the 'marginal' farmer segment. Eligible for PM-KISAN direct income support due to small/marginal land holding. Soybean is a priority crop under PMFBY in Gujarat, warranting crop insurance coverage. Low collateral base suggests gold-backed lending as an accessible credit option."
472,"{""state"": ""Gujarat"", ""crop"": ""Soybean"", ""land_acres"": ""2-5 Acres"", ""income_inr"": ""200000-300000""}","PM-KISAN, Soil Health Card Scheme, PM Kisan Maandhan Yojana, National Food Security Mission (NFSM)","Kisan Credit Card (KCC), SBI Agriculture Gold Loan, Interest Subvention Scheme (Short Term Crop Loan)",Pradhan Mantri Fasal Bima Yojana (PMFBY),2,0.77,"Farmer in Gujarat cultivating Soybean with land holding 2-5 Acres and annual income 200000-300000 INR falls into the 'small' farmer segment. Eligible for PM-KISAN direct income support due to small/marginal land holding. Soybean is a priority crop under PMFBY in Gujarat, warranting crop insurance coverage. Low collateral base suggests gold-backed lending as an accessible credit option."
473,"{""state"": ""Gujarat"", ""crop"": ""Soybean"", ""land_acres"": ""5-10 Acres"", ""income_inr"": ""300000-500000""}","Soil Health Card Scheme, Rashtriya Krishi Vikas Yojana (RKVY), PM Krishi Sinchai Yojana, National Food Security Mission (NFSM)","Kisan Credit Card (KCC), Crop Loan, Farm Mechanization Loan",Pradhan Mantri Fasal Bima Yojana (PMFBY),3,0.94,"Farmer in Gujarat cultivating Soybean with land holding 5-10 Acres and annual income 300000-500000 INR falls into the 'semi-medium' farmer segment. Soybean is a priority crop under PMFBY in Gujarat, warranting crop insurance coverage."
474,"{""state"": ""Gujarat"", ""crop"": ""Soybean"", ""land_acres"": "">10 Acres"", ""income_inr"": "">500000""}","Soil Health Card Scheme, Rashtriya Krishi Vikas Yojana (RKVY), Agriculture Infrastructure Fund, e-NAM Registration, National Food Security Mission (NFSM)","Kisan Credit Card (KCC), Crop Loan, Warehouse Receipt Financing, Tractor / Farm Equipment Loan, NABARD Refinance - Land Development Loan",Pradhan Mantri Fasal Bima Yojana (PMFBY),4,0.82,"Farmer in Gujarat cultivating Soybean with land holding >10 Acres and annual income >500000 INR falls into the 'large' farmer segment. Soybean is a priority crop under PMFBY in Gujarat, warranting crop insurance coverage. Larger land holding and higher income support infrastructure and mechanization financing."
475,"{""state"": ""Gujarat"", ""crop"": ""Soybean"", ""land_acres"": ""<5 Acres"", ""income_inr"": ""<300000""}","PM-KISAN, Soil Health Card Scheme, PM Kisan Maandhan Yojana, National Food Security Mission (NFSM)","Kisan Credit Card (KCC), SBI Agriculture Gold Loan, Interest Subvention Scheme (Short Term Crop Loan)",Pradhan Mantri Fasal Bima Yojana (PMFBY),1,0.86,"Farmer in Gujarat cultivating Soybean with land holding <5 Acres and annual income <300000 INR falls into the 'small-marginal' farmer segment. Eligible for PM-KISAN direct income support due to small/marginal land holding. Soybean is a priority crop under PMFBY in Gujarat, warranting crop insurance coverage. Low collateral base suggests gold-backed lending as an accessible credit option."
476,"{""state"": ""Gujarat"", ""crop"": ""Maize"", ""land_acres"": ""<2 Acres"", ""income_inr"": ""<200000""}","PM-KISAN, Soil Health Card Scheme, PM Kisan Maandhan Yojana","Kisan Credit Card (KCC), SBI Agriculture Gold Loan, Interest Subvention Scheme (Short Term Crop Loan)",Pradhan Mantri Fasal Bima Yojana (PMFBY),1,0.78,"Farmer in Gujarat cultivating Maize with land holding <2 Acres and annual income <200000 INR falls into the 'marginal' farmer segment. Eligible for PM-KISAN direct income support due to small/marginal land holding. Maize is a priority crop under PMFBY in Gujarat, warranting crop insurance coverage. Low collateral base suggests gold-backed lending as an accessible credit option."
477,"{""state"": ""Gujarat"", ""crop"": ""Maize"", ""land_acres"": ""2-5 Acres"", ""income_inr"": ""200000-300000""}","PM-KISAN, Soil Health Card Scheme, PM Kisan Maandhan Yojana","Kisan Credit Card (KCC), SBI Agriculture Gold Loan, Interest Subvention Scheme (Short Term Crop Loan)",Pradhan Mantri Fasal Bima Yojana (PMFBY),2,0.89,"Farmer in Gujarat cultivating Maize with land holding 2-5 Acres and annual income 200000-300000 INR falls into the 'small' farmer segment. Eligible for PM-KISAN direct income support due to small/marginal land holding. Maize is a priority crop under PMFBY in Gujarat, warranting crop insurance coverage. Low collateral base suggests gold-backed lending as an accessible credit option."
478,"{""state"": ""Gujarat"", ""crop"": ""Maize"", ""land_acres"": ""5-10 Acres"", ""income_inr"": ""300000-500000""}","Soil Health Card Scheme, Rashtriya Krishi Vikas Yojana (RKVY), PM Krishi Sinchai Yojana","Kisan Credit Card (KCC), Crop Loan, Farm Mechanization Loan",Pradhan Mantri Fasal Bima Yojana (PMFBY),3,0.95,"Farmer in Gujarat cultivating Maize with land holding 5-10 Acres and annual income 300000-500000 INR falls into the 'semi-medium' farmer segment. Maize is a priority crop under PMFBY in Gujarat, warranting crop insurance coverage."
479,"{""state"": ""Gujarat"", ""crop"": ""Maize"", ""land_acres"": "">10 Acres"", ""income_inr"": "">500000""}","Soil Health Card Scheme, Rashtriya Krishi Vikas Yojana (RKVY), Agriculture Infrastructure Fund, e-NAM Registration","Kisan Credit Card (KCC), Crop Loan, Warehouse Receipt Financing, Tractor / Farm Equipment Loan, NABARD Refinance - Land Development Loan",Pradhan Mantri Fasal Bima Yojana (PMFBY),4,0.83,"Farmer in Gujarat cultivating Maize with land holding >10 Acres and annual income >500000 INR falls into the 'large' farmer segment. Maize is a priority crop under PMFBY in Gujarat, warranting crop insurance coverage. Larger land holding and higher income support infrastructure and mechanization financing."
480,"{""state"": ""Gujarat"", ""crop"": ""Maize"", ""land_acres"": ""<5 Acres"", ""income_inr"": ""<300000""}","PM-KISAN, Soil Health Card Scheme, PM Kisan Maandhan Yojana","Kisan Credit Card (KCC), SBI Agriculture Gold Loan, Interest Subvention Scheme (Short Term Crop Loan)",Pradhan Mantri Fasal Bima Yojana (PMFBY),1,0.86,"Farmer in Gujarat cultivating Maize with land holding <5 Acres and annual income <300000 INR falls into the 'small-marginal' farmer segment. Eligible for PM-KISAN direct income support due to small/marginal land holding. Maize is a priority crop under PMFBY in Gujarat, warranting crop insurance coverage. Low collateral base suggests gold-backed lending as an accessible credit option."
481,"{""state"": ""Gujarat"", ""crop"": ""Groundnut"", ""land_acres"": ""<2 Acres"", ""income_inr"": ""<200000""}","PM-KISAN, Soil Health Card Scheme, PM Kisan Maandhan Yojana, National Food Security Mission (NFSM)","Kisan Credit Card (KCC), SBI Agriculture Gold Loan, Interest Subvention Scheme (Short Term Crop Loan)",Pradhan Mantri Fasal Bima Yojana (PMFBY),1,0.85,"Farmer in Gujarat cultivating Groundnut with land holding <2 Acres and annual income <200000 INR falls into the 'marginal' farmer segment. Eligible for PM-KISAN direct income support due to small/marginal land holding. Groundnut is a priority crop under PMFBY in Gujarat, warranting crop insurance coverage. Low collateral base suggests gold-backed lending as an accessible credit option."
482,"{""state"": ""Gujarat"", ""crop"": ""Groundnut"", ""land_acres"": ""2-5 Acres"", ""income_inr"": ""200000-300000""}","PM-KISAN, Soil Health Card Scheme, PM Kisan Maandhan Yojana, National Food Security Mission (NFSM)","Kisan Credit Card (KCC), SBI Agriculture Gold Loan, Interest Subvention Scheme (Short Term Crop Loan)",Pradhan Mantri Fasal Bima Yojana (PMFBY),2,0.9,"Farmer in Gujarat cultivating Groundnut with land holding 2-5 Acres and annual income 200000-300000 INR falls into the 'small' farmer segment. Eligible for PM-KISAN direct income support due to small/marginal land holding. Groundnut is a priority crop under PMFBY in Gujarat, warranting crop insurance coverage. Low collateral base suggests gold-backed lending as an accessible credit option."
483,"{""state"": ""Gujarat"", ""crop"": ""Groundnut"", ""land_acres"": ""5-10 Acres"", ""income_inr"": ""300000-500000""}","Soil Health Card Scheme, Rashtriya Krishi Vikas Yojana (RKVY), PM Krishi Sinchai Yojana, National Food Security Mission (NFSM)","Kisan Credit Card (KCC), Crop Loan, Farm Mechanization Loan",Pradhan Mantri Fasal Bima Yojana (PMFBY),3,0.82,"Farmer in Gujarat cultivating Groundnut with land holding 5-10 Acres and annual income 300000-500000 INR falls into the 'semi-medium' farmer segment. Groundnut is a priority crop under PMFBY in Gujarat, warranting crop insurance coverage."
484,"{""state"": ""Gujarat"", ""crop"": ""Groundnut"", ""land_acres"": "">10 Acres"", ""income_inr"": "">500000""}","Soil Health Card Scheme, Rashtriya Krishi Vikas Yojana (RKVY), Agriculture Infrastructure Fund, e-NAM Registration, National Food Security Mission (NFSM)","Kisan Credit Card (KCC), Crop Loan, Warehouse Receipt Financing, Tractor / Farm Equipment Loan, NABARD Refinance - Land Development Loan",Pradhan Mantri Fasal Bima Yojana (PMFBY),4,0.87,"Farmer in Gujarat cultivating Groundnut with land holding >10 Acres and annual income >500000 INR falls into the 'large' farmer segment. Groundnut is a priority crop under PMFBY in Gujarat, warranting crop insurance coverage. Larger land holding and higher income support infrastructure and mechanization financing."
485,"{""state"": ""Gujarat"", ""crop"": ""Groundnut"", ""land_acres"": ""<5 Acres"", ""income_inr"": ""<300000""}","PM-KISAN, Soil Health Card Scheme, PM Kisan Maandhan Yojana, National Food Security Mission (NFSM)","Kisan Credit Card (KCC), SBI Agriculture Gold Loan, Interest Subvention Scheme (Short Term Crop Loan)",Pradhan Mantri Fasal Bima Yojana (PMFBY),1,0.88,"Farmer in Gujarat cultivating Groundnut with land holding <5 Acres and annual income <300000 INR falls into the 'small-marginal' farmer segment. Eligible for PM-KISAN direct income support due to small/marginal land holding. Groundnut is a priority crop under PMFBY in Gujarat, warranting crop insurance coverage. Low collateral base suggests gold-backed lending as an accessible credit option."
486,"{""state"": ""Gujarat"", ""crop"": ""Pulses"", ""land_acres"": ""<2 Acres"", ""income_inr"": ""<200000""}","PM-KISAN, Soil Health Card Scheme, PM Kisan Maandhan Yojana, National Food Security Mission (NFSM)","Kisan Credit Card (KCC), SBI Agriculture Gold Loan, Interest Subvention Scheme (Short Term Crop Loan)",Pradhan Mantri Fasal Bima Yojana (PMFBY),1,0.83,"Farmer in Gujarat cultivating Pulses with land holding <2 Acres and annual income <200000 INR falls into the 'marginal' farmer segment. Eligible for PM-KISAN direct income support due to small/marginal land holding. Pulses is a priority crop under PMFBY in Gujarat, warranting crop insurance coverage. Low collateral base suggests gold-backed lending as an accessible credit option."
487,"{""state"": ""Gujarat"", ""crop"": ""Pulses"", ""land_acres"": ""2-5 Acres"", ""income_inr"": ""200000-300000""}","PM-KISAN, Soil Health Card Scheme, PM Kisan Maandhan Yojana, National Food Security Mission (NFSM)","Kisan Credit Card (KCC), SBI Agriculture Gold Loan, Interest Subvention Scheme (Short Term Crop Loan)",Pradhan Mantri Fasal Bima Yojana (PMFBY),2,0.75,"Farmer in Gujarat cultivating Pulses with land holding 2-5 Acres and annual income 200000-300000 INR falls into the 'small' farmer segment. Eligible for PM-KISAN direct income support due to small/marginal land holding. Pulses is a priority crop under PMFBY in Gujarat, warranting crop insurance coverage. Low collateral base suggests gold-backed lending as an accessible credit option."
488,"{""state"": ""Gujarat"", ""crop"": ""Pulses"", ""land_acres"": ""5-10 Acres"", ""income_inr"": ""300000-500000""}","Soil Health Card Scheme, Rashtriya Krishi Vikas Yojana (RKVY), PM Krishi Sinchai Yojana, National Food Security Mission (NFSM)","Kisan Credit Card (KCC), Crop Loan, Farm Mechanization Loan",Pradhan Mantri Fasal Bima Yojana (PMFBY),3,0.8,"Farmer in Gujarat cultivating Pulses with land holding 5-10 Acres and annual income 300000-500000 INR falls into the 'semi-medium' farmer segment. Pulses is a priority crop under PMFBY in Gujarat, warranting crop insurance coverage."
489,"{""state"": ""Gujarat"", ""crop"": ""Pulses"", ""land_acres"": "">10 Acres"", ""income_inr"": "">500000""}","Soil Health Card Scheme, Rashtriya Krishi Vikas Yojana (RKVY), Agriculture Infrastructure Fund, e-NAM Registration, National Food Security Mission (NFSM)","Kisan Credit Card (KCC), Crop Loan, Warehouse Receipt Financing, Tractor / Farm Equipment Loan, NABARD Refinance - Land Development Loan",Pradhan Mantri Fasal Bima Yojana (PMFBY),4,0.88,"Farmer in Gujarat cultivating Pulses with land holding >10 Acres and annual income >500000 INR falls into the 'large' farmer segment. Pulses is a priority crop under PMFBY in Gujarat, warranting crop insurance coverage. Larger land holding and higher income support infrastructure and mechanization financing."
490,"{""state"": ""Gujarat"", ""crop"": ""Pulses"", ""land_acres"": ""<5 Acres"", ""income_inr"": ""<300000""}","PM-KISAN, Soil Health Card Scheme, PM Kisan Maandhan Yojana, National Food Security Mission (NFSM)","Kisan Credit Card (KCC), SBI Agriculture Gold Loan, Interest Subvention Scheme (Short Term Crop Loan)",Pradhan Mantri Fasal Bima Yojana (PMFBY),1,0.91,"Farmer in Gujarat cultivating Pulses with land holding <5 Acres and annual income <300000 INR falls into the 'small-marginal' farmer segment. Eligible for PM-KISAN direct income support due to small/marginal land holding. Pulses is a priority crop under PMFBY in Gujarat, warranting crop insurance coverage. Low collateral base suggests gold-backed lending as an accessible credit option."
491,"{""state"": ""Gujarat"", ""crop"": ""Vegetables"", ""land_acres"": ""<2 Acres"", ""income_inr"": ""<200000""}","PM-KISAN, Soil Health Card Scheme, PM Kisan Maandhan Yojana, Mission for Integrated Development of Horticulture (MIDH)","Kisan Credit Card (KCC), SBI Agriculture Gold Loan, Interest Subvention Scheme (Short Term Crop Loan)","Unified Package Insurance Scheme (UPIS), Restructured Weather Based Crop Insurance Scheme",1,0.85,Farmer in Gujarat cultivating Vegetables with land holding <2 Acres and annual income <200000 INR falls into the 'marginal' farmer segment. Eligible for PM-KISAN direct income support due to small/marginal land holding. Low collateral base suggests gold-backed lending as an accessible credit option.
492,"{""state"": ""Gujarat"", ""crop"": ""Vegetables"", ""land_acres"": ""2-5 Acres"", ""income_inr"": ""200000-300000""}","PM-KISAN, Soil Health Card Scheme, PM Kisan Maandhan Yojana, Mission for Integrated Development of Horticulture (MIDH)","Kisan Credit Card (KCC), SBI Agriculture Gold Loan, Interest Subvention Scheme (Short Term Crop Loan)","Unified Package Insurance Scheme (UPIS), Restructured Weather Based Crop Insurance Scheme",2,0.8,Farmer in Gujarat cultivating Vegetables with land holding 2-5 Acres and annual income 200000-300000 INR falls into the 'small' farmer segment. Eligible for PM-KISAN direct income support due to small/marginal land holding. Low collateral base suggests gold-backed lending as an accessible credit option.
493,"{""state"": ""Gujarat"", ""crop"": ""Vegetables"", ""land_acres"": ""5-10 Acres"", ""income_inr"": ""300000-500000""}","Soil Health Card Scheme, Rashtriya Krishi Vikas Yojana (RKVY), PM Krishi Sinchai Yojana, Mission for Integrated Development of Horticulture (MIDH)","Kisan Credit Card (KCC), Crop Loan, Farm Mechanization Loan","Unified Package Insurance Scheme (UPIS), Restructured Weather Based Crop Insurance Scheme",3,0.86,Farmer in Gujarat cultivating Vegetables with land holding 5-10 Acres and annual income 300000-500000 INR falls into the 'semi-medium' farmer segment.
494,"{""state"": ""Gujarat"", ""crop"": ""Vegetables"", ""land_acres"": "">10 Acres"", ""income_inr"": "">500000""}","Soil Health Card Scheme, Rashtriya Krishi Vikas Yojana (RKVY), Agriculture Infrastructure Fund, e-NAM Registration, Mission for Integrated Development of Horticulture (MIDH)","Kisan Credit Card (KCC), Crop Loan, Warehouse Receipt Financing, Tractor / Farm Equipment Loan, NABARD Refinance - Land Development Loan","Unified Package Insurance Scheme (UPIS), Restructured Weather Based Crop Insurance Scheme",4,0.78,Farmer in Gujarat cultivating Vegetables with land holding >10 Acres and annual income >500000 INR falls into the 'large' farmer segment. Larger land holding and higher income support infrastructure and mechanization financing.
495,"{""state"": ""Gujarat"", ""crop"": ""Vegetables"", ""land_acres"": ""<5 Acres"", ""income_inr"": ""<300000""}","PM-KISAN, Soil Health Card Scheme, PM Kisan Maandhan Yojana, Mission for Integrated Development of Horticulture (MIDH)","Kisan Credit Card (KCC), SBI Agriculture Gold Loan, Interest Subvention Scheme (Short Term Crop Loan)","Unified Package Insurance Scheme (UPIS), Restructured Weather Based Crop Insurance Scheme",1,0.76,Farmer in Gujarat cultivating Vegetables with land holding <5 Acres and annual income <300000 INR falls into the 'small-marginal' farmer segment. Eligible for PM-KISAN direct income support due to small/marginal land holding. Low collateral base suggests gold-backed lending as an accessible credit option.
496,"{""state"": ""Gujarat"", ""crop"": ""Fruits"", ""land_acres"": ""<2 Acres"", ""income_inr"": ""<200000""}","PM-KISAN, Soil Health Card Scheme, PM Kisan Maandhan Yojana, Mission for Integrated Development of Horticulture (MIDH)","Kisan Credit Card (KCC), SBI Agriculture Gold Loan, Interest Subvention Scheme (Short Term Crop Loan)","Unified Package Insurance Scheme (UPIS), Restructured Weather Based Crop Insurance Scheme",1,0.91,Farmer in Gujarat cultivating Fruits with land holding <2 Acres and annual income <200000 INR falls into the 'marginal' farmer segment. Eligible for PM-KISAN direct income support due to small/marginal land holding. Low collateral base suggests gold-backed lending as an accessible credit option.
497,"{""state"": ""Gujarat"", ""crop"": ""Fruits"", ""land_acres"": ""2-5 Acres"", ""income_inr"": ""200000-300000""}","PM-KISAN, Soil Health Card Scheme, PM Kisan Maandhan Yojana, Mission for Integrated Development of Horticulture (MIDH)","Kisan Credit Card (KCC), SBI Agriculture Gold Loan, Interest Subvention Scheme (Short Term Crop Loan)","Unified Package Insurance Scheme (UPIS), Restructured Weather Based Crop Insurance Scheme",2,0.77,Farmer in Gujarat cultivating Fruits with land holding 2-5 Acres and annual income 200000-300000 INR falls into the 'small' farmer segment. Eligible for PM-KISAN direct income support due to small/marginal land holding. Low collateral base suggests gold-backed lending as an accessible credit option.
498,"{""state"": ""Gujarat"", ""crop"": ""Fruits"", ""land_acres"": ""5-10 Acres"", ""income_inr"": ""300000-500000""}","Soil Health Card Scheme, Rashtriya Krishi Vikas Yojana (RKVY), PM Krishi Sinchai Yojana, Mission for Integrated Development of Horticulture (MIDH)","Kisan Credit Card (KCC), Crop Loan, Farm Mechanization Loan","Unified Package Insurance Scheme (UPIS), Restructured Weather Based Crop Insurance Scheme",3,0.78,Farmer in Gujarat cultivating Fruits with land holding 5-10 Acres and annual income 300000-500000 INR falls into the 'semi-medium' farmer segment.
499,"{""state"": ""Gujarat"", ""crop"": ""Fruits"", ""land_acres"": "">10 Acres"", ""income_inr"": "">500000""}","Soil Health Card Scheme, Rashtriya Krishi Vikas Yojana (RKVY), Agriculture Infrastructure Fund, e-NAM Registration, Mission for Integrated Development of Horticulture (MIDH)","Kisan Credit Card (KCC), Crop Loan, Warehouse Receipt Financing, Tractor / Farm Equipment Loan, NABARD Refinance - Land Development Loan","Unified Package Insurance Scheme (UPIS), Restructured Weather Based Crop Insurance Scheme",4,0.92,Farmer in Gujarat cultivating Fruits with land holding >10 Acres and annual income >500000 INR falls into the 'large' farmer segment. Larger land holding and higher income support infrastructure and mechanization financing.
500,"{""state"": ""Gujarat"", ""crop"": ""Fruits"", ""land_acres"": ""<5 Acres"", ""income_inr"": ""<300000""}","PM-KISAN, Soil Health Card Scheme, PM Kisan Maandhan Yojana, Mission for Integrated Development of Horticulture (MIDH)","Kisan Credit Card (KCC), SBI Agriculture Gold Loan, Interest Subvention Scheme (Short Term Crop Loan)","Unified Package Insurance Scheme (UPIS), Restructured Weather Based Crop Insurance Scheme",1,0.77,Farmer in Gujarat cultivating Fruits with land holding <5 Acres and annual income <300000 INR falls into the 'small-marginal' farmer segment. Eligible for PM-KISAN direct income support due to small/marginal land holding. Low collateral base suggests gold-backed lending as an accessible credit option.
